sku;name;categoria;tipo;estilo;corte;cuello;composicion;price;special_price;link_producto;link_imagen;product_type;temporada;Talles-disponibles
X0031ARD21;AmboArduino|MadeinItaly;Sastreria;Sacos;Vestir;ClassicFit;;100%Lana;3449900;3449900;x0031ard21;https://burgues.com/media/catalog/product/x/0/x0031ard21-1.jpg;configurable;TEMPORADA;
X0031ARD10;AmboArduino|MadeinItaly;Sastreria;Sacos;Vestir;ClassicFit;;100%Lana;3449900;3449900;x0031ard10;https://burgues.com/media/catalog/product/x/0/x0031ard10-1.jpg;configurable;TEMPORADA;
X0031LAU21;AmboSmokingLaurent;Sastreria;Smoking;Vestir;SlimFit;;100%Lana;2499900;2499900;x0031lau21;https://burgues.com/media/catalog/product/x/0/x0031lau21-1.jpg;configurable;TEMPORADA;
X0031LAU10;AmboSmokingLaurent;Sastreria;Smoking;Vestir;SlimFit;;100%Lana;2499900;2499900;x0031lau10;https://burgues.com/media/catalog/product/x/0/x0031lau10-1.jpg;configurable;TEMPORADA;
T0061MAR2A;SacoMarzotto|MadeinItaly;Sastreria;Sacos;Vestir;ClassicFit;;100%Lana.Forro:100%Acetato;1599900;1599900;t0061mar2a;https://burgues.com/media/catalog/product/t/0/t0061mar2a-1.jpg;configurable;TEMPORADA;
T0061MAR10;SacoMarzotto|MadeinItaly;Sastreria;Sacos;Vestir;ClassicFit;;100%Lana.Forro:100%Acetato;1599900;1599900;t0061mar10;https://burgues.com/media/catalog/product/t/0/t0061mar10-1.jpg;configurable;TEMPORADA;
T0061MAR21;SacoMarzotto|MadeinItaly;Sastreria;Sacos;Vestir;ClassicFit;;100%Lana.Forro:100%Acetato;1599900;1599900;t0061mar21;https://burgues.com/media/catalog/product/t/0/t0061mar21-4.jpg;configurable;TEMPORADA;
T0081WAT10;CamperaWaters|OvejaPatagonica;Abrigos;Camperas;;Regular;;100%CuerodeOveja;1499900;1499900;t0081wat10;https://burgues.com/media/catalog/product/t/0/t0081wat10_0278.jpg;configurable;LINEA;
T0081MEN64;CamperaMenaggio|CuerodeCabraGamuzada;Abrigos;Camperas;Vestir;Regular;;100%CuerodeCabra;1499900;1499900;t0081men64;https://burgues.com/media/catalog/product/t/0/t0081men64_0244.jpg;configurable;TEMPORADA;
T0081JAK10;CamperaJake|CuerodeOveja;Abrigos;Camperas;;Regular;;100%CueroDeOveja;1499900;1499900;t0081jak10;https://burgues.com/media/catalog/product/t/0/t0081jak10_0553.jpg;configurable;TEMPORADA;
X0031AUS10;AmboAustralia;Sastreria;Sacos;;ClassicFit;;100%Lana;1499900;1499900;x0031aus10;https://burgues.com/media/catalog/product/x/0/x0031aus10_0047_1_.jpg;configurable;TEMPORADA;
X0031AUS21;AmboAustralia;Sastreria;Sacos;;ClassicFit;;100%Lana;1499900;1499900;x0031aus21;https://burgues.com/media/catalog/product/x/0/x0031aus21_0498.jpg;configurable;TEMPORADA;
X0031AUS15;AmboAustralia;Sastreria;Sacos;;ClassicFit;;100%Lana;1499900;1499900;x0031aus15;https://burgues.com/media/catalog/product/x/0/x0031aus15_0250_1_.jpg;configurable;TEMPORADA;
X0031SIL10;AmboSilk;Sastreria;Sacos;;SlimFit;;85%lana-15%Seda;1499900;1499900;x0031sil10;https://burgues.com/media/catalog/product/x/0/x0031sil10_0200.jpg;configurable;TEMPORADA;
X0031SIL21;AmboSilk;Sastreria;Sacos;;SlimFit;;85%lana-15%Seda;1499900;1499900;x0031sil21;https://burgues.com/media/catalog/product/x/0/x0031sil21_0542.jpg;configurable;TEMPORADA;
T0081NMA6E;CamperaNewMadison|CueroDeOveja;Abrigos;Camperas;Vestir;Regular;;100%CueroDeOveja.Forro:100%Acetato;1399900;1399900;t0081nma6e;https://burgues.com/media/catalog/product/t/0/t0081nma6e_0803.jpg;configurable;TEMPORADA;
T0081CRA10;CamperaCraig|CueroDeOveja;Abrigos;Camperas;Vestir;Regular;;100%CueroDeOveja.Forro:100%Acetato;1399900;1399900;t0081cra10;https://burgues.com/media/catalog/product/t/0/t0081cra10-1_1.jpg;configurable;TEMPORADA;
T0081HAR10;CamperaHarris|Cuerodeoveja;Abrigos;Camperas;Vestir;Regular;;100%CueroDeOveja.Forro:100%Acetato;1399900;1399900;t0081har10;https://burgues.com/media/catalog/product/t/0/t0081har10-1.jpg;configurable;TEMPORADA;
T0081HAR69;CamperaHarris|Cuerodeoveja;Abrigos;Camperas;Vestir;Regular;;100%CueroDeOveja.Forro:100%Acetato;1399900;1399900;t0081har69;https://burgues.com/media/catalog/product/t/0/t0081har69-1_1.jpg;configurable;TEMPORADA;
T0081NMA10;CamperaNewMadison|CueroDeOveja;Abrigos;Camperas;Vestir;Regular;;100%CueroDeOveja.Forro:100%Acetato;1399900;1399900;t0081nma10;https://burgues.com/media/catalog/product/t/0/t0081nma10-1_1.jpg;configurable;TEMPORADA;
T0081NMA60;CamperaNewMadison|CueroDeOveja;Abrigos;Camperas;Vestir;Regular;;100%CueroDeOveja.Forro:100%Acetato;1399900;1399900;t0081nma60;https://burgues.com/media/catalog/product/t/0/t0081nma60-1.jpg;configurable;TEMPORADA;
T0081VAR66;CamperaVarenna|CueroDeCabra;Abrigos;Camperas;Vestir;ClassicFit;;100%CuerodeCabra;1399900;1399900;t0081var66;https://burgues.com/media/catalog/product/t/0/t0081var66_0807.jpg;configurable;TEMPORADA;
T0081BLL10;CamperaBellano|CuerodeOveja;Abrigos;Camperas;;Regular;;100%CueroVacuno;1399900;1399900;t0081bll10;https://burgues.com/media/catalog/product/t/0/t0081bel10bellano_0595.jpg;configurable;TEMPORADA;
T0081BOR10;CamperaBoris|CueroDeOveja;Abrigos;Camperas;Vestir;Regular;;100%CueroDeOveja.Forro:100%Acetato;1399900;1399900;t0081bor10;https://burgues.com/media/catalog/product/t/0/t0081bor10_0183.jpg;configurable;TEMPORADA;
T0081JUN6M;CamperaJune|CueroDeCabra;Abrigos;Camperas;Vestir;Regular;;100%CueroDeCabra.Forro:100%Acetato;1199900;1199900;t0081jun6m;https://burgues.com/media/catalog/product/t/0/t0081jun6m-4.jpg;configurable;TEMPORADA;
T0081MRR10;SobrecamisaMirror|CuerodeCabra;Abrigos;Camisas;Vestir;ClassicFit;;100%CuerodeCabra;1199900;1199900;t0081mrr10;https://burgues.com/media/catalog/product/t/0/t0081mrr10_0429.jpg;configurable;TEMPORADA;
T0081MRR30;SobrecamisaMirror|CuerodeCabra;Abrigos;Camisas;Vestir;ClassicFit;;100%CuerodeCabra;1199900;1199900;t0081mrr30;https://burgues.com/media/catalog/product/t/0/t0081mir30_1282_2.jpg;configurable;TEMPORADA;
T0081MRR2A;SobrecamisaMirror|CuerodeCabra;Abrigos;Camisacos;;ClassicFit;;100%CuerodeCabra;1199900;1199900;t0081mrr2a;https://burgues.com/media/catalog/product/t/0/t0081mrr2a_0847.jpg;configurable;TEMPORADA;
T0081MRR6M;SobrecamisaMirror|CuerodeCabra;Abrigos;Camisacos;;ClassicFit;;100%CuerodeCabra;1199900;1199900;t0081mrr6m;https://burgues.com/media/catalog/product/t/0/t0081mrr62_13_.jpg;configurable;TEMPORADA;
T0065GALN4;TapadoGales|100%Lana;Abrigos;Tapados;Vestir;ClassicFit;;100%Lana;999900;999900;t0065galn4;https://burgues.com/media/catalog/product/t/0/t0065galn4_1725.jpg;configurable;LINEA;
T0061NUB21;SacoNub;Sastreria;Sacos;Vestir;SlimFit;;100%Lana;999900;999900;t0061nub21;https://burgues.com/media/catalog/product/t/0/t0061nub21-1.jpg;configurable;TEMPORADA;
T0061PAR62;SacoParma|LanaMerinoS120;Sastreria;Sacos;Vestir;SlimFit;;100%Lana;999900;999900;t0061par62;https://burgues.com/media/catalog/product/t/0/t0061par62_0455.jpg;configurable;TEMPORADA;
T0061RIO10;SacoRione|LanaS120;Sastreria;Sacos;Vestir;SlimFit;;100%Lana;999900;999900;t0061rio10;https://burgues.com/media/catalog/product/t/0/t0061rio10-4.jpg;configurable;TEMPORADA;
T0061FEL21;SacoFelice|LanaS120;Sastreria;Sacos;Vestir;SlimFit;;100%Lana;999900;999900;t0061fel21;https://burgues.com/media/catalog/product/t/0/t0061fel21-4.jpg;configurable;TEMPORADA;
T0061POI60;SacoPoiret;Sastreria;Sacos;Vestir;ClassicFit;;100%Lana;999900;999900;t0061poi60;https://burgues.com/media/catalog/product/t/0/t0061poi60_265310.jpg;configurable;TEMPORADA;
T0061REN21;SacoReno|100%Lana;Sastreria;Sacos;Vestir;ClassicFit;;100%Lana;999900;999900;t0061ren21;https://burgues.com/media/catalog/product/t/0/t0061ren21_265556.jpg;configurable;TEMPORADA;
T0061JOH21;SacoJohn;Sastreria;Sacos;Vestir;SlimFit;;WoolBlend|55%Lana-24%Poliéster-15%Viscosa-5%Cashmere1%Elastano.Forro:100%Acetato;899900;899900;t0061joh21;https://burgues.com/media/catalog/product/t/0/t0061joh21_1024.jpg;configurable;TEMPORADA;
T0061CRU21;SacoCrux;Sastreria;Sacos;Vestir;ClassicFit;;WoolBlend|70%Lana-26%Poliéster-4%Elastano.Forro:100%Acetato;849900;849900;t0061cru21;https://burgues.com/media/catalog/product/t/0/t0061cru21-1.jpg;configurable;TEMPORADA;
T0061CRU10;SacoCrux;Sastreria;Sacos;Vestir;ClassicFit;;WoolBlend|70%Lana-26%Poliéster-4%Elastano.Forro:100%Acetato;849900;849900;t0061cru10;https://burgues.com/media/catalog/product/t/0/t0061cru10-1.jpg;configurable;TEMPORADA;
B0073MAR2A;PantalónMarzotto|MadeinItaly;Pantalones;Pantalones;Vestir;ClassicFit;;100%Lana;749900;749900;b0073mar2a;https://burgues.com/media/catalog/product/b/0/b0073mar2a_1068_-_copia.jpg;configurable;TEMPORADA;
B0073MAR10;PantalónMarzotto|MadeinItaly;Pantalones;Pantalones;Vestir;ClassicFit;;100%Lana;749900;749900;b0073mar10;https://burgues.com/media/catalog/product/b/0/b0073mar10-1.jpg;configurable;TEMPORADA;
B0073MAR21;PantalónMarzotto|MadeinItaly;Pantalones;Pantalones;Vestir;ClassicFit;;100%Lana;749900;749900;b0073mar21;https://burgues.com/media/catalog/product/b/0/b0073mar21-1.jpg;configurable;TEMPORADA;
T0061MAL08;SacoMalaga|Purolino;Sastreria;Sacos;Vestir;ClassicFit;;100%Lino;699900;699900;t0061mal08;https://burgues.com/media/catalog/product/t/0/t0061mal08_0081.jpg;configurable;TEMPORADA;
T0061MAL04;SacoMalaga|Purolino;Sastreria;Sacos;Vestir;ClassicFit;;100%Lino;699900;699900;t0061mal04;https://burgues.com/media/catalog/product/t/0/t0061mal04_0050_1_.jpg;configurable;TEMPORADA;
T0061MAL63;SacoMalaga|Purolino;Sastreria;Sacos;Vestir;ClassicFit;;100%Lino;699900;699900;t0061mal63;https://burgues.com/media/catalog/product/t/0/t0061mal63_0237.jpg;configurable;TEMPORADA;
T0061MAL60;SacoMalaga|Purolino;Sastreria;Sacos;Vestir;ClassicFit;;100%Lino;699900;699900;t0061mal60;https://burgues.com/media/catalog/product/t/0/t0061mal60_0159.jpg;configurable;ARCHIVE;
T0061MAL10;SacoMalaga|Purolino;Sastreria;Sacos;Vestir;ClassicFit;;100%Lino;699900;699900;t0061mal10;https://burgues.com/media/catalog/product/t/0/t0061mal10_0405.jpg;configurable;TEMPORADA;
T0061MAL21;SacoMalaga|Purolino;Sastreria;Sacos;Vestir;ClassicFit;;100%Lino;699900;699900;t0061mal21;https://burgues.com/media/catalog/product/t/0/t0061mal21-4_1_.jpg;configurable;TEMPORADA;
T0061CLO2A;SacoCloud;Sastreria;Sacos;Vestir;ClassicFit;;100%Algodón;699900;699900;t0061clo2a;https://burgues.com/media/catalog/product/t/0/t0061clo2a_0031.jpg;configurable;TEMPORADA;
T0061MAL30;SacoMalaga|Purolino;Sastreria;Sacos;Vestir;ClassicFit;;100%Lino;699900;699900;t0061mal30;https://burgues.com/media/catalog/product/t/0/t0061mal30_0699.jpg;configurable;TEMPORADA;
T0061MLL04;SacoMalaga|Purolino;Sastreria;Sacos;Vestir;ClassicFit;;100%Lino;699900;699900;t0061mll04;https://burgues.com/media/catalog/product/t/0/t0061mll04_1077.jpg;configurable;ARCHIVE;50|52
T0061SEV21;SacoSevilla;Sastreria;Sacos;Vestir;ClassicFit;;55%Lino-42%Viscosa-3%Elastano;699900;699900;t0061sev21;https://burgues.com/media/catalog/product/t/0/t0061sev21_0649.jpg;configurable;ARCHIVE;48|50|52
T0061SEV62;SacoSevilla;Sastreria;Sacos;Vestir;ClassicFit;;55%Lino-42%Viscosa-3%Elastano;699900;699900;t0061sev62;https://burgues.com/media/catalog/product/t/0/t0061sev62_0577.jpg;configurable;ARCHIVE;44|46|48|52|54
T0061SEV04;SacoSevilla;Sastreria;Sacos;Vestir;ClassicFit;;55%Lino-42%Viscosa-3%Elastano;699900;699900;t0061sev04;https://burgues.com/media/catalog/product/t/0/t0061sev04_0713_1_.jpg;configurable;ARCHIVE;
T0061MLL21;SacoMalaga|Purolino;Sastreria;Sacos;Vestir;ClassicFit;;100%Lino;699900;699900;t0061mll21;https://burgues.com/media/catalog/product/t/0/t0061mll21_0860.jpg;configurable;TEMPORADA;
T0061DEL10;SacoDeluxe;Sastreria;Sacos;;SlimFit;;50%Lana-50%Poliester;669900;669900;t0061del10;https://burgues.com/media/catalog/product/t/0/t0061del10_0162.jpg;configurable;TEMPORADA;
T0061DEL21;SacoDeluxe;Sastreria;Sacos;;SlimFit;;50%Lana-50%Poliester;669900;669900;t0061del21;https://burgues.com/media/catalog/product/t/0/t0061del21_0724.jpg;configurable;TEMPORADA;
T0061DEL22;SacoDeluxe;Sastreria;Sacos;;SlimFit;;50%Lana-50%Poliester;669900;669900;t0061del22;https://burgues.com/media/catalog/product/t/0/t0061del22_0460.jpg;configurable;TEMPORADA;
T0061DEL15;SacoDeluxe;Sastreria;Sacos;;SlimFit;;50%Lana-50%Poliester;669900;669900;t0061del15;https://burgues.com/media/catalog/product/b/0/b0073del15_0378.jpg;configurable;TEMPORADA;
T0061DEL60;SacoDeluxe;Sastreria;Sacos;;SlimFit;;50%Lana-50%Poliester;669900;669900;t0061del60;https://burgues.com/media/catalog/product/t/0/t0061del60_0297.jpg;configurable;TEMPORADA;
T0068LIN10;PilotoLincoln|WaterRepellent;Abrigos;Pilotos;Vestir;ClassicFit;;100%Poliester;599900;599900;t0068lin10;https://burgues.com/media/catalog/product/t/0/t0068lin10_0098.jpg;configurable;TEMPORADA;
T0068LIN62;PilotoLincoln|WaterRepellent;Abrigos;Pilotos;Vestir;ClassicFit;;100%Poliester;599900;599900;t0068lin62;https://burgues.com/media/catalog/product/t/0/t0068lin62_0150.jpg;configurable;TEMPORADA;
T0068LYS10;PilotoLysark|100%Waterproof;Abrigos;Pilotos;Vestir;;;75%Algodón-25%Poliamida;599900;599900;t0068lys10;https://burgues.com/media/catalog/product/t/0/t0068lys10_1270_2.jpg;configurable;TEMPORADA;
C0014HIG10;BolsoHighline;Accesorios;Bolsos;;;;100%CueroVacuno;599900;599900;bolso-highline-10;https://burgues.com/media/catalog/product/c/0/c0014hig10.jpg;configurable;TEMPORADA;
C0014YVA61;BolsoYvart;Accesorios;Bolsos;;;;100%CueroVacuno;599900;599900;c0014yva61;https://burgues.com/media/catalog/product/c/0/c0014yva61.jpg;configurable;TEMPORADA;
C0014YVA67;BolsoYvart;Accesorios;Bolsos;;;;100%CueroVacuno;599900;599900;c0014yva67;https://burgues.com/media/catalog/product/c/0/c0014yva67.jpg;configurable;TEMPORADA;
C0014CHE10;BolsoChelsea;Accesorios;;Vestir;;;100%CueroVacuno;599900;599900;c0014che10;https://burgues.com/media/catalog/product/c/0/c0014che10.jpg;configurable;TEMPORADA;
C0014CHE21;BolsoChelsea;Accesorios;;Vestir;;;100%CueroVacuno;599900;599900;c0014che21;https://burgues.com/media/catalog/product/c/0/c0014che21.jpg;configurable;TEMPORADA;
C0014CHE69;BolsoChelsea;Accesorios;;Vestir;;;100%CueroVacuno;599900;599900;c0014che69;https://burgues.com/media/catalog/product/c/0/c0014che-1.jpg;configurable;TEMPORADA;
C0014HIG69;BolsoHighline;Accesorios;Bolsos;;;;100%CueroVacuno;599900;599900;bolso-highline-69;https://burgues.com/media/catalog/product/c/0/c0014hig-1.jpg;configurable;TEMPORADA;
C0014PRO10;BolsoProvenza;Accesorios;Bolsos;;;;100%CueroVacuno;499900;499900;bolso-provenza-10;https://burgues.com/media/catalog/product/c/0/c0014pro10.jpg;configurable;TEMPORADA;
T0030DAR21;CamperaDarwin;Abrigos;Camperas;Vestir;;;72%Poliester-28%Viscosa;499900;499900;t0030dar21;https://burgues.com/media/catalog/product/t/0/t0030dar21_1333.jpg;configurable;TEMPORADA;
T0030POP10;CamperaPoplin|PimaPeruano;Abrigos;Camperas;Vestir;Regular;;96%Algodón-4%Elastano;499900;499900;t0030pop10;https://burgues.com/media/catalog/product/t/0/t0030pop10_1168.jpg;configurable;TEMPORADA;
T0067OSK04;CamisacoOskar|PuroLino;Abrigos;Camisacos;;ClassicFit;;100%Lino;499900;499900;t0067osk04;https://burgues.com/media/catalog/product/t/0/t0067osk04_0.jpg;configurable;TEMPORADA;
T0061TAI10;SacoTailor;Sastreria;Sacos;;SlimFit;;73%Poliester-25%Rayon-2%Elastano;479900;479900;t0061tai10;https://burgues.com/media/catalog/product/t/0/t0061tai10_0342.jpg;configurable;TEMPORADA;
T0061TAI21;SacoTailor;Sastreria;Sacos;;SlimFit;;73%Poliester-25%Rayon-2%Elastano;479900;479900;t0061tai21;https://burgues.com/media/catalog/product/t/0/t0061tai21_0102.jpg;configurable;TEMPORADA;
T0067ELI15;CamisacoElio|CashmereBlend;Abrigos;Camisacos;;ClassicFit;;90%lanamerino-10%cashemere;449900;449900;t0067eli15;https://burgues.com/media/catalog/product/e/d/edit-t0067eli61_0119_1_.jpg;configurable;LINEA;
T0067ELI61;CamisacoElio|CashmereBlend;Abrigos;Camisacos;;ClassicFit;;90%lanamerino-10%cashemere;449900;449900;t0067eli61;https://burgues.com/media/catalog/product/t/0/t0067eli61_0119.jpg;configurable;LINEA;
T0067ELI10;CamisacoElio|CashmereBlend;Abrigos;Camisacos;Vestir;ClassicFit;;90%lanamerino-10%cashemere;449900;449900;t0067eli10;https://burgues.com/media/catalog/product/t/0/t0067eli10_0479.jpg;configurable;LINEA;
T0030RAG60;CamperaRago|WaterRepellent;Abrigos;Camperas;;ClassicFit;;75%Algodón-25%Poliamida;449900;449900;t0030rag60;https://burgues.com/media/catalog/product/t/0/t0030rag60_0482.jpg;configurable;TEMPORADA;
B0073NUB21;PantalónNub;Pantalones;Pantalones;Vestir;SlimFit;;100%Lana;449900;449900;b0073nub21;https://burgues.com/media/catalog/product/b/0/b0073nub21_0678.jpg;configurable;TEMPORADA;
B0073RIO10;PantalónRione;Pantalones;Pantalones;Vestir;SlimFit;;100%Lana;449900;449900;b0073rio10;https://burgues.com/media/catalog/product/b/0/b0073rio10-1.jpg;configurable;TEMPORADA;
B0073FEL21;PantalónFelice|LanaS120;Pantalones;Pantalones;Vestir;SlimFit;;100%Lana;449900;449900;b0073fel21;https://burgues.com/media/catalog/product/b/0/b0073fel21-2.jpg;configurable;TEMPORADA;
B0073PAR62;PantalónParma|LanaMerinoS120;Pantalones;Pantalones;Vestir;SlimFit;;100%Lana;449900;449900;b0073par62;https://burgues.com/media/catalog/product/b/0/b0073par62_0950.jpg;configurable;TEMPORADA;
B0073POI60;PantalónPoiret;Sastreria;Pantalones;Vestir;ClassicFit;;100%Lana;449900;449900;b0073poi60;https://burgues.com/media/catalog/product/b/0/b0073poi60_265351.jpg;configurable;TEMPORADA;
B0073REN21;PantalónReno;Sastreria;Pantalones;Vestir;ClassicFit;;100%Lana;449900;449900;b0073ren21;https://burgues.com/media/catalog/product/t/0/t0061ren21_265547_1.jpg;configurable;TEMPORADA;
T0061JON21;SacoJones;Sastreria;Sacos;Vestir;Regular;;97%Algodón-3%Elastano;449900;449900;t0061jon21;https://burgues.com/media/catalog/product/t/0/t0061jon21_0817.jpg;configurable;TEMPORADA;
T0061JON62;SacoJones;Sastreria;Sacos;Vestir;Regular;;97%Algodón-3%Elastano;449900;449900;t0061jon62;https://burgues.com/media/catalog/product/t/0/t0061jon62_1583.jpg;configurable;TEMPORADA;
T0061JON04;SacoJones;Sastreria;Sacos;Vestir;Regular;;97%Algodón-3%Elastano;449900;449900;t0061jon04;https://burgues.com/media/catalog/product/t/0/t0061jon04_1177.jpg;configurable;TEMPORADA;
T0061JON10;SacoJones;Sastreria;Sacos;Vestir;Regular;;97%Algodón-3%Elastano;449900;449900;t0061jon10;https://burgues.com/media/catalog/product/t/0/t0061jon10_0514.jpg;configurable;TEMPORADA;
S0090YVE60;MocasinYves;Shoes;Mocasin;Vestir;;;100%CueroVacuno;429900;429900;mocasin-yves-60;;configurable;TEMPORADA;
S0092SHI60;ZapatoShine|100%cuero;Shoes;Zapatos;Vestir;;;100%CueroVacuno;429900;429900;zapato-shine-60;;configurable;TEMPORADA;
S0092SHI10;ZapatoShine;Shoes;Zapatos;Vestir;;;100%CueroVacuno;429900;429900;zapato-shine-10;https://burgues.com/media/catalog/product/0/4/04_a_7.jpg;configurable;TEMPORADA;
S0092PRI10;ZapatoPrivate;Shoes;Zapatos;Sport;;;100%CueroVacuno;429900;429900;zapato-private-10;;configurable;TEMPORADA;
S0090YVE69;MocasinYves;Shoes;Mocasin;Vestir;;;100%CueroVacuno;429900;429900;mocasin-yves-69;;configurable;TEMPORADA;
S0090YVE10;MocasinYves;Shoes;Mocasin;Vestir;;;100%CueroVacuno;429900;429900;mocasin-yves-10;;configurable;TEMPORADA;
S0091GLA10;ZapatoGlam;Shoes;Zapatos;Vestir;;;100%CueroVacuno;429900;429900;zapato-glam-10;;configurable;TEMPORADA;
S0092LOR10;ZapatoLoreto|100%Cuero;Shoes;Zapatos;Vestir;;;100%CueroVacuno;429900;429900;s0092lor10;https://burgues.com/media/catalog/product/_/l/_lr05988.jpg;configurable;TEMPORADA;
C0015GRE08;MantaGreco;Accesorios;Mantas;;;;100%Lana;399900;399900;manta-greco-8;https://burgues.com/media/catalog/product/c/0/c0015gre08-1.jpg;configurable;TEMPORADA;
C0015GRE10;MantaGreco;Accesorios;Mantas;;;;100%Lana;399900;399900;manta-greco-10;https://burgues.com/media/catalog/product/c/0/c0015gre10-1.jpg;configurable;TEMPORADA;
T0063MRN21;ChalecoModern;Sastreria;Chalecos;Vestir;ClassicFit;;WoolBlend|70%Lana-26%Poliéster-4%Elastano;399900;399900;t0063mrn21;https://burgues.com/media/catalog/product/t/0/t0063mrn21-1.jpg;configurable;TEMPORADA;
T0063MRN10;ChalecoModern;Sastreria;Chalecos;Vestir;ClassicFit;;WoolBlend|70%Lana-26%Poliéster-4%Elastano;399900;399900;t0063mrn10;https://burgues.com/media/catalog/product/t/0/t0063mrn10_0161.jpg;configurable;TEMPORADA;
T0041LUI10;SweaterLuigi|WoolBlend;Sweaters;Sweaters;Sport;ClassicFit;;WoolBlend|90%Lanamerino-10%Cashemere;399900;399900;t0041lui10;;configurable;TEMPORADA;
T0041LUI61;SweaterLuigi|WoolBlend;Sweaters;Sweaters;Sport;ClassicFit;;WoolBlend|90%Lanamerino-10%Cashemere;399900;399900;t0041lui61;;configurable;TEMPORADA;
B0073CLE10;PantalónClever|WoolBlend;Pantalones;Pantalones;Vestir;ClassicFit;;WoolBlend|70%Lana-26%Poliester-4%Elastano;399900;399900;b0073cle10;https://burgues.com/media/catalog/product/b/0/b0073cle10_0009_1_.jpg;configurable;TEMPORADA;
B0073CLE15;PantalónClever|WoolBlend;Pantalones;Pantalones;Vestir;ClassicFit;;WoolBlend|70%Lana-26%Poliester-4%Elastano;399900;399900;b0073cle15;https://burgues.com/media/catalog/product/b/0/b0073cle15_0073_1.jpg;configurable;TEMPORADA;
B0073CLE21;PantalónClever|WoolBlend;Pantalones;Pantalones;Vestir;ClassicFit;;WoolBlend|70%Lana-26%Poliester-4%Elastano;399900;399900;b0073cle21;https://burgues.com/media/catalog/product/b/0/b0073cle21_0377_-_copia_1.jpg;configurable;TEMPORADA;
B0073COL10;PantalónCollins;Pantalones;Pantalones;Vestir;WideFit;;70%Lana-26%Poliester-4%Elastano;399900;399900;b0073col10;https://burgues.com/media/catalog/product/b/0/b0073col10_0350.jpg;configurable;TEMPORADA;
B0073COL21;PantalónCollins;Pantalones;Pantalones;Vestir;WideFit;;WoolBlend|70%Lana-26%Poliester-4%Elastano;399900;399900;b0073col21;https://burgues.com/media/catalog/product/b/0/b0073col21_0701.jpg;configurable;TEMPORADA;
T0030TOL21;CamperaToledo;Abrigos;Camperas;;ClassicFit;;80%Poliester-20%Viscosa;399900;399900;t0030tol21;https://burgues.com/media/catalog/product/t/0/t0030tol21_0269.jpg;configurable;TEMPORADA;
T0052GRA01;CamisaGranada|PimaCotton;Camisas;Camisas;Vestir;SlimFit;CuelloCutaway;100%Algodón;379900;379900;t0052gra01;https://burgues.com/media/catalog/product/t/0/t0052gra01-1_1_.jpg;configurable;TEMPORADA;
T0052GRA23;CamisaGranada|PimaCotton;Camisas;Camisas;Vestir;SlimFit;CuelloCutaway;100%Algodón;379900;379900;t0052gra23;https://burgues.com/media/catalog/product/t/0/t0052gra23_0161.jpg;configurable;TEMPORADA;
S0093CLA10;BotaClark|Leather;Shoes;Botas;Vestir;;;100%CueroVacuno;349900;349900;s0093cla10;https://burgues.com/media/catalog/product/_/l/_lr07436.jpg;configurable;TEMPORADA;
T0041GIN62;SacoGina|HiladoAlgodónPremium;Sastreria;Sacos;;ClassicFit;;100%Algodón;349900;349900;t0041gin62;https://burgues.com/media/catalog/product/t/0/t0041gin62_0753.jpg;configurable;TEMPORADA;
T0041ELI10;ChaquetaTejidaElina;Sweaters;Sacos;;ClassicFit;;45%Algodón-45%Viscosa-8%Poliamida-2%Elastomero;349900;349900;t0041eli10;https://burgues.com/media/catalog/product/t/0/t0041eli10_0780.jpg;configurable;TEMPORADA;
B0073CLI10;PantalónClint;Pantalones;Pantalones;Vestir;Regular;;75%Poliéster-25%Viscosa;349900;349900;b0073cli10;https://burgues.com/media/catalog/product/b/0/b0073cli10-1_1.jpg;configurable;TEMPORADA;
T0041GIN21;SacoGina;Sastreria;Sacos;Vestir;ClassicFit;;100%Algodón;349900;349900;t0041gin21;https://burgues.com/media/catalog/product/t/0/t0041gin21-4.jpg;configurable;TEMPORADA;
S0093CLA60;BotaClark|Leather;Shoes;Botas;Vestir;;;100%CueroVacuno;349900;349900;s0093cla60;https://burgues.com/media/catalog/product/_/l/_lr07429.jpg;configurable;TEMPORADA;
T0041ELI08;ChaquetaTejidaElina;Sweaters;Sacos;;ClassicFit;;45%Algodón-45%Viscosa-8%Poliamida-2%Elastomero;349900;349900;t0041eli08;https://burgues.com/media/catalog/product/t/0/t0041eli08_1155.jpg;configurable;TEMPORADA;
S0092GEM10;ZapatoGema|Leather;Shoes;Zapatos;Vestir;;;100%CueroVacuno;349900;349900;s0092gem10;https://burgues.com/media/catalog/product/_/l/_lr07424.jpg;configurable;TEMPORADA;
S0092GEM60;ZapatoGema|Leather;Shoes;Zapatos;Vestir;;;100%CueroVacuno;349900;349900;s0092gem60;https://burgues.com/media/catalog/product/_/l/_lr07415.jpg;configurable;TEMPORADA;
T0052NAN01;CamisaNantes;Camisas;Camisas;Vestir;ClassicFit;CuelloCutaway;100%Algodón;339900;339900;t0052nan01;https://burgues.com/media/catalog/product/t/0/t0052nan01-4.jpg;configurable;TEMPORADA;
T0141MAR10;CamperaMarlo;Abrigos;Camperas;Vestir;ClassicFit;;70%Viscosa-30%Poliester;329900;329900;t0141mar10;https://burgues.com/media/catalog/product/t/0/t0141mar10_1452.jpg;configurable;TEMPORADA;
T0141MAR21;CamperaMarlo;Abrigos;Camperas;Vestir;ClassicFit;;70%Viscosa-30%Poliester;329900;329900;t0141mar21;https://burgues.com/media/catalog/product/t/0/t0141mar21_1564.jpg;configurable;TEMPORADA;
C0014BOY10;MochilaBoyton;Accesorios;Mochilas;;;;100%CueroVacuno;329900;329900;c0014boy10;https://burgues.com/media/catalog/product/c/0/c0014boy10.jpg;configurable;TEMPORADA;
C0014BOY69;MochilaBoyton;Accesorios;Mochilas;;;;100%CueroVacuno;329900;329900;c0014boy69;https://burgues.com/media/catalog/product/c/0/c0014boy-1.jpg;configurable;TEMPORADA;
T0141MAR60;CamperaMarlo;Abrigos;Camperas;Sport;ClassicFit;;70%Viscosa-30%Poliester;329900;329900;t0141mar60;https://burgues.com/media/catalog/product/t/0/t0141mar60_4.jpg;configurable;TEMPORADA;
B0073DEL10;PantalónDeluxe;Pantalones;Pantalones;;SlimFit;;50%Lana-50%Poliester;329900;329900;b0073del10;https://burgues.com/media/catalog/product/b/0/b0073del10_0138.jpg;configurable;TEMPORADA;
B0073DEL21;PantalónDeluxe;Pantalones;Pantalones;;SlimFit;;50%Lana-50%Poliester;329900;329900;b0073del21;https://burgues.com/media/catalog/product/b/0/b0073del21_0697_-_copia.jpg;configurable;TEMPORADA;
B0073DEL22;PantalónDeluxe;Pantalones;Pantalones;;SlimFit;;50%Lana-50%Poliester;329900;329900;b0073del22;https://burgues.com/media/catalog/product/b/0/b0073del22_0439.jpg;configurable;TEMPORADA;
B0073DEL15;PantalónDeluxe;Pantalones;Pantalones;;SlimFit;;50%Lana-50%Poliester;329900;329900;b0073del15;https://burgues.com/media/catalog/product/b/0/b0073del15_0361.jpg;configurable;TEMPORADA;
B0073DEL60;PantalónDeluxe;Pantalones;Pantalones;;SlimFit;;50%Lana-50%Poliester;329900;329900;b0073del60;https://burgues.com/media/catalog/product/b/0/b0073del60_0270.jpg;configurable;TEMPORADA;
S0090HAN67;MocasinHancock;Shoes;Mocasin;;;;100%CueroVacuno;329900;329900;s0090han67;;configurable;TEMPORADA;
S0090HUG60;MocasinHuges;Shoes;Mocasin;;;;100%CueroVacuno;329900;329900;s0090hug60;;configurable;TEMPORADA;
S0090LOA10;PennyLoafers;Shoes;Mocasin;Vestir;;;100%CueroVacuno;329900;329900;s0090loa10;https://burgues.com/media/catalog/product/_/l/_lr09011.jpg;configurable;TEMPORADA;
S0090LOA60;PennyLoafers;Shoes;Mocasin;Vestir;;;100%CueroVacuno;329900;329900;s0090loa60;https://burgues.com/media/catalog/product/_/l/_lr09015.jpg;configurable;TEMPORADA;
S0090HAN10;MocasinHancock|100%Leather;Shoes;Mocasin;Vestir;;;100%CueroVacuno;329900;329900;s0090han10;https://burgues.com/media/catalog/product/_/l/_lr09004.jpg;configurable;TEMPORADA;
S0090HAN60;MocasinHancock|100%Leather;Shoes;Mocasin;Vestir;;;100%CueroVacuno;329900;329900;s0090han60;https://burgues.com/media/catalog/product/_/l/_lr09008.jpg;configurable;TEMPORADA;
S0090HUG64;MocasinHuges|100%Leather;Shoes;Mocasin;Vestir;;;100%Gamuza;329900;329900;s0090hug64;https://burgues.com/media/catalog/product/_/l/_lr09000.jpg;configurable;TEMPORADA;
C0014LEB10;BolsoLebon;Accesorios;Bolsos;;;;Base:75%Poliéster-25%Pvc.Forreria:100%Poliéster;299900;299900;bolso-lebon-10;https://burgues.com/media/catalog/product/c/0/c0014leb-1a.jpg;configurable;TEMPORADA;
C0014LEB35;BolsoLebon;Accesorios;Bolsos;;;;Base:75%Poliéster-25%Pvc.Forreria:100%Poliéster;299900;299900;bolso-lebon-35;https://burgues.com/media/catalog/product/c/o/co014leb-1b.jpg;configurable;TEMPORADA;
B0073MAL08;PantalónMalaga|Purolino;Pantalones;Pantalones;Vestir;ClassicFit;;100%Lino;299900;299900;b0073mal08;https://burgues.com/media/catalog/product/b/0/b0073mal08_0113.jpg;configurable;TEMPORADA;
B0073MAL04;PantalónMalaga|Purolino;Pantalones;Pantalones;Vestir;ClassicFit;;100%Lino;299900;299900;b0073mal04;https://burgues.com/media/catalog/product/b/0/b0073mal04_0059.jpg;configurable;TEMPORADA;
B0073MAL63;PantalónMalaga|Purolino;Pantalones;Pantalones;Vestir;ClassicFit;;100%Lino;299900;299900;b0073mal63;https://burgues.com/media/catalog/product/t/0/t0061mal63_0258.jpg;configurable;TEMPORADA;
B0073MAL60;PantalónMalaga|Purolino;Pantalones;Pantalones;Vestir;ClassicFit;;100%Lino;299900;299900;b0073mal60;https://burgues.com/media/catalog/product/b/0/b0073mal60_0185.jpg;configurable;TEMPORADA;
B0073MAL21;PantalónMalaga|Purolino;Pantalones;Pantalones;Vestir;ClassicFit;;100%Lino;299900;299900;b0073mal21;https://burgues.com/media/catalog/product/b/0/b0073mal21-1_1_.jpg;configurable;TEMPORADA;
B0073MAL10;PantalónMalaga|Purolino;Pantalones;Pantalones;Vestir;ClassicFit;;100%Lino;299900;299900;b0073mal10;https://burgues.com/media/catalog/product/b/0/b0073mal10_0419.jpg;configurable;TEMPORADA;
T0052GIA01;CamisaGiani|100%Algodón;Camisas;Camisas;Vestir;SlimFit;;100%Algodón;299900;299900;t0052gia01;https://burgues.com/media/catalog/product/t/0/t0052gia01-4.jpg;configurable;TEMPORADA;
B0073CLO2A;PantalónCloud;Pantalones;Pantalones;Vestir;ClassicFit;;100%Algodón;299900;299900;b0073clo2a;https://burgues.com/media/catalog/product/b/0/b0073clo2a_0052.jpg;configurable;TEMPORADA;
B0073MLL21;PantalónMallorca|Purolino;Pantalones;Pantalones;Vestir;ClassicFit;;100%Lino;299900;299900;b0073mll21;https://burgues.com/media/catalog/product/b/0/b0073mll21_0889.jpg;configurable;ARCHIVE;40|42|48
B0073MLL04;PantalónMallorca|Purolino;Pantalones;Pantalones;Vestir;ClassicFit;;100%Lino;299900;299900;b0073mll04;https://burgues.com/media/catalog/product/b/0/b0073mll04_1108.jpg;configurable;ARCHIVE;
B0073MAL30;PantalónMalaga|Purolino;Pantalones;Pantalones;Vestir;ClassicFit;;100%Lino;299900;299900;b0073mal30;https://burgues.com/media/catalog/product/b/0/b0073mal30_0671.jpg;configurable;TEMPORADA;
B0073SEV21;PantalónSevilla;Pantalones;Pantalones;Vestir;ClassicFit;;55%Lino-42%Viscosa-3%Elastano;299900;299900;b0073sev21;https://burgues.com/media/catalog/product/b/0/b0073jon21_1365.jpg;configurable;TEMPORADA;
B0073SEV62;PantalónSevilla;Pantalones;Pantalones;Vestir;ClassicFit;;55%Lino-42%Viscosa-3%Elastano;299900;299900;b0073sev62;https://burgues.com/media/catalog/product/b/0/b0073sev62_1461.jpg;configurable;TEMPORADA;
B0073SEV04;PantalónSevilla;Pantalones;Pantalones;Vestir;ClassicFit;;55%Lino-42%Viscosa-3%Elastano;299900;299900;b0073sev04;https://burgues.com/media/catalog/product/b/0/b0073sev04_1255.jpg;configurable;TEMPORADA;
T0052VEL01;CamisaVelvet;Camisas;Camisas;Vestir;SlimFit;;96%Algodón-4%Elastano;279900;279900;t0052vel01;https://burgues.com/media/catalog/product/t/0/t0052vel01_0600_1_.jpg;configurable;TEMPORADA;
T0052BEL20;CamisaBélgica|PuroLino;Camisas;Camisas;Vestir;;;100%Lino;279900;279900;t0052bel20;https://burgues.com/media/catalog/product/t/0/t0052bel20_0843_2.jpg;configurable;TEMPORADA;
T0052BEL21;CamisaBélgica|PuroLino;Camisas;Camisas;Vestir;;;100%Lino;279900;279900;t0052bel21;https://burgues.com/media/catalog/product/t/0/t0052bel21_0867.jpg;configurable;TEMPORADA;
T0052BEL22;CamisaBélgica|PuroLino;Camisas;Camisas;Vestir;;;100%Lino;279900;279900;t0052bel22;https://burgues.com/media/catalog/product/t/0/t0052bel22_0940.jpg;configurable;TEMPORADA;
T0052BEL25;CamisaBélgica|PuroLino;Camisas;Camisas;Vestir;;;100%Lino;279900;279900;t0052bel25;https://burgues.com/media/catalog/product/t/0/t0052bel25_0887.jpg;configurable;TEMPORADA;
T0052BEL6F;CamisaBélgica|PuroLino;Camisas;Camisas;Vestir;;;100%Lino;279900;279900;t0052bel6f;https://burgues.com/media/catalog/product/t/0/t0052bel6f_1068.jpg;configurable;TEMPORADA;
T0052BEL11;CamisaBélgica|PuroLino;Camisas;Camisas;Vestir;;;100%Lino;279900;279900;t0052bel11;https://burgues.com/media/catalog/product/t/0/t0052bel25_0956.jpg;configurable;TEMPORADA;
T0052BEL04;CamisaBélgica|PuroLino;Camisas;Camisas;Vestir;;;100%Lino;279900;279900;t0052bel04;https://burgues.com/media/catalog/product/t/0/t0052bel04_0400.jpg;configurable;TEMPORADA;
T0052BEL35;CamisaBélgica|PuroLino;Camisas;Camisas;Vestir;;;100%Lino;279900;279900;t0052bel35;https://burgues.com/media/catalog/product/t/0/t0052bel35_0803.jpg;configurable;TEMPORADA;
T0052BELA2;CamisaBélgica|PuroLino;Camisas;Camisas;;Regular;;100%Lino;279900;279900;t0052bela2;https://burgues.com/media/catalog/product/t/0/t0052bela2_0438.jpg;configurable;TEMPORADA;
T0052BELA8;CamisaBélgica|PuroLino;Camisas;Camisas;;Regular;;100%Lino;279900;279900;t0052bela8;https://burgues.com/media/catalog/product/t/0/t0052bela8_0499_-_copia.jpg;configurable;TEMPORADA;
T0052BEL66;CamisaBélgica|PuroLino;Camisas;Camisas;Vestir;;;100%Lino;279900;279900;t0052bel66;https://burgues.com/media/catalog/product/t/0/t0052bel66_1034.jpg;configurable;TEMPORADA;
T0052BEL01;CamisaBélgica|PuroLino;Camisas;Camisas;Vestir;;;100%Lino;279900;279900;t0052bel01;https://burgues.com/media/catalog/product/t/0/t0052bel01_1091.jpg;configurable;TEMPORADA;
T0052BEL10;CamisaBélgica|PuroLino;Camisas;Camisas;Vestir;;;100%Lino;279900;279900;t0052bel10;https://burgues.com/media/catalog/product/t/0/t0052bel10_1048.jpg;configurable;TEMPORADA;
T0052ULT10;CamisaUltra|PremiumCotton;Camisas;Camisas;Vestir;SlimFit;CuelloCutaway;100%Algodón;269900;269900;t0052ult10;https://burgues.com/media/catalog/product/t/0/t0052ult10-1_1_.jpg;configurable;TEMPORADA;
T0052ULT01;CamisaUltra|PremiumCotton;Camisas;Camisas;Vestir;SlimFit;CuelloCutaway;100%Algodón;269900;269900;t0052ult01;https://burgues.com/media/catalog/product/t/0/t0052ult01-1_2_.jpg;configurable;TEMPORADA;
T0052ULT23;CamisaUltra|PremiumCotton;Camisas;Camisas;Vestir;SlimFit;CuelloCutaway;100%Algodón;269900;269900;t0052ult23;https://burgues.com/media/catalog/product/t/0/t0052ult23-1_1_.jpg;configurable;TEMPORADA;
T0052ULT21;CamisaUltra|PremiumCotton;Camisas;Camisas;Vestir;ClassicFit;CuelloCutaway;100%Algodón;269900;269900;t0052ult21;https://burgues.com/media/catalog/product/t/0/t0052ult21_266016.jpg;configurable;TEMPORADA;
T0052ULT07;CamisaUltra|PremiumCotton;Camisas;Camisas;Vestir;SlimFit;CuelloCutaway;100%Algodón;269900;269900;t0052ult07;https://burgues.com/media/catalog/product/t/0/t0052ult07-1.jpg;configurable;TEMPORADA;
T0052ULT2D;CamisaUltra|PremiumCotton;Camisas;Camisas;Vestir;SlimFit;CuelloCutaway;100%Algodón;269900;269900;t0052ult2d;https://burgues.com/media/catalog/product/t/0/t0052ult2d_266069.jpg;configurable;TEMPORADA;
B0073CHI10;PantalónChic;Pantalones;Pantalones;;ModernFit;;96%Algodón-4%Elastano;269900;269900;b0073chi10;https://burgues.com/media/catalog/product/b/0/b0073chi10_1203.jpg;configurable;TEMPORADA;
B0073CHI21;PantalónChic;Pantalones;Pantalones;;ModernFit;;96%Algodón-4%Elastano;269900;269900;b0073chi21;https://burgues.com/media/catalog/product/b/0/b0073chi21_0962.jpg;configurable;TEMPORADA;
B0073CHI62;PantalónChic;Pantalones;Pantalones;;ModernFit;;96%Algodón-4%Elastano;269900;269900;b0073chi62;https://burgues.com/media/catalog/product/b/0/b0073chi62_0770.jpg;configurable;TEMPORADA;
B0073CHI08;PantalónChic;Pantalones;Pantalones;;ModernFit;;96%Algodón-4%Elastano;269900;269900;b0073chi08;https://burgues.com/media/catalog/product/b/0/b0073chi08_0737.jpg;configurable;TEMPORADA;
B0073STRA5;PantalónStripe;Pantalones;Pantalones;;ModernFit;;100%Algodón;269900;269900;b0073stra5;https://burgues.com/media/catalog/product/b/0/b0073stra5_0071.jpg;configurable;TEMPORADA;
T0052SUP01;CamisaSupreme;Camisas;Camisas;;SlimFit;;100%Algodón;269900;269900;t0052sup01;https://burgues.com/media/catalog/product/t/0/t0052sup01_0147.jpg;configurable;TEMPORADA;
T0052SUP23;CamisaSupreme;Camisas;Camisas;;SlimFit;;100%Algodón;269900;269900;t0052sup23;https://burgues.com/media/catalog/product/t/0/t0052sup23_0048.jpg;configurable;TEMPORADA;
C0014RAL10;MochilaRalph;Accesorios;Mochilas;Sport;;;100%Poliester;249900;249900;mochila-ralph-10;https://burgues.com/media/catalog/product/_/l/_lr01707.jpg;configurable;TEMPORADA;
C0014RAL35;MochilaRalph;Accesorios;Mochilas;Sport;;;100%Poliester;249900;249900;mochila-ralph-35;https://burgues.com/media/catalog/product/c/0/c0014ral-1b.jpg;configurable;TEMPORADA;
B0073BUR10;PantalónBurke;Pantalones;Pantalones;Vestir;ClassicFit;;69%Poliester-29%Viscosa-2%Elastano;249900;249900;b0073bur10;https://burgues.com/media/catalog/product/b/0/b0073bur10_266114.jpg;configurable;TEMPORADA;
B0073BUR11;PantalónBurke;Pantalones;Pantalones;Vestir;ClassicFit;;69%Poliester-29%Viscosa-2%Elastano;249900;249900;b0073bur11;https://burgues.com/media/catalog/product/b/0/b0073bur11_0308.jpg;configurable;TEMPORADA;
B0073BUR21;PantalónBurke;Pantalones;Pantalones;Vestir;ClassicFit;;69%Poliester-29%Viscosa-2%Elastano;249900;249900;b0073bur21;https://burgues.com/media/catalog/product/b/0/b0073bur21_0372.jpg;configurable;TEMPORADA;
T0052POP62;CamisaPoplin|PimaPeruano;Camisas;Camisas;Vestir;Relaxed;;100%Algodón;249900;249900;t0052pop62;https://burgues.com/media/catalog/product/t/0/t0052pop62_0084_-_copia.jpg;configurable;TEMPORADA;
T0052POP21;CamisaPoplin|PimaPeruano;Camisas;Camisas;Vestir;Relaxed;;100%Algodón;249900;249900;t0052pop21;https://burgues.com/media/catalog/product/t/0/t0052pop21_0283.jpg;configurable;TEMPORADA;
B0073BUR62;PantalonBurke;Pantalones;Pantalones;Vestir;ClassicFit;;69%Poliester-29%Viscosa-2%Elastano;249900;249900;b0073bur62;https://burgues.com/media/catalog/product/b/0/b0073bur62_1.jpg;configurable;TEMPORADA;
T0052SCH01;CamisaStrech;Camisas;Camisas;;SlimFit;;96%ALGODÓN-4%ELASTANO;249900;249900;t0052sch01;https://burgues.com/media/catalog/product/t/0/t0052sch01_1510_1_.jpg;configurable;TEMPORADA;
T0052AUS01;CamisaAustralia;Camisas;Camisas;;Regular;;100%Algodón;249900;249900;t0052aus01;https://burgues.com/media/catalog/product/t/0/t0052aus01_0677_1_.jpg;configurable;TEMPORADA;
B0073BUR60;PantalónBurke;Pantalones;Pantalones;Vestir;ClassicFit;;69%Poliester-29%Viscosa-2%Elastano;249900;249900;b0073bur60;https://burgues.com/media/catalog/product/b/0/b0073bur60_0245.jpg;configurable;TEMPORADA;
T0052JOYD5;CamisaJoy|AlgodónPremium70/1;Camisas;Camisas;Vestir;SlimFit;;100%Algodón;249900;249900;t0052joyd5;https://burgues.com/media/catalog/product/t/0/t0052joyd5_0728.jpg;configurable;TEMPORADA;
T0052POP10;CamisaPoplin|PimaPeruano;Camisas;Camisas;Vestir;Relaxed;;100%Algodón;249900;249900;t0052pop10;https://burgues.com/media/catalog/product/t/0/t0052pop10_0923_1_.jpg;configurable;TEMPORADA;
T0041NIN21;CardiganNina|HiladoAlgodónPremium;Sweaters;Cardigan;;ClassicFit;;100%Algodón;249900;249900;t0041nin21;https://burgues.com/media/catalog/product/t/0/t0041nin21_0129.jpg;configurable;TEMPORADA;
T0041NIN62;CardiganNina|HiladoAlgodónPremium;Sweaters;Cardigan;;ClassicFit;;100%Algodón;249900;249900;t0041nin62;https://burgues.com/media/catalog/product/t/0/t0041nin62_1213.jpg;configurable;TEMPORADA;
C0017LOR41;FajaLord;Accesorios;;;;;;249900;249900;c0017lor41;https://burgues.com/media/catalog/product/c/0/c0017lor-bordeaux-1.jpg;configurable;TEMPORADA;
C0017LOR10;FajaLord;Accesorios;;;;;;249900;249900;c0017lor10;https://burgues.com/media/catalog/product/c/0/c0017lor-negro-1_1.jpg;configurable;TEMPORADA;
C0014ROU10;BandoleraRoux;Accesorios;Bandoleras;Vestir;;;100%CueroVacuno-Forreria100%Poliester;239900;239900;bandolera-roux-10;https://burgues.com/media/catalog/product/c/0/c0014rou10-1.jpg;configurable;TEMPORADA;
C0014LUT10;PortapasaporteLutte;Accesorios;Billeteras;;;;;239900;239900;c0014lut10;https://burgues.com/media/catalog/product/c/0/c0014lut10_2_.jpg;configurable;TEMPORADA;
B0071TAPIM;JeanTaperedFit;Pantalones;Jeans;Vestir;TaperedFit;;100%Algodón;239900;239900;b0071tapim;https://burgues.com/media/catalog/product/b/0/b0071tapim-1.jpg;configurable;TEMPORADA;
B0071REGID;JeanRegularFit;Pantalones;Jeans;Vestir;Regular;;100%Algodón;239900;239900;b0071regid;https://burgues.com/media/catalog/product/b/0/b0071regid-1.jpg;configurable;TEMPORADA;
B0071TAPIE;JeanTaperedFit;Pantalones;Jeans;Vestir;TaperedFit;;100%Algodón;239900;239900;b0071tapie;https://burgues.com/media/catalog/product/b/0/b0071tapie-1.jpg;configurable;TEMPORADA;
B0071TAPIO;JeanTaperedFit;Pantalones;Jeans;Vestir;TaperedFit;;100%Algodón;239900;239900;b0071tapio;https://burgues.com/media/catalog/product/b/0/b0071tapic-1.jpg;configurable;TEMPORADA;
B0071TAPIG;JeanTaperedFit;Pantalones;Jeans;Vestir;TaperedFit;;100%Algodón;239900;239900;b0071tapig;https://burgues.com/media/catalog/product/b/0/b0071tapig-1.jpg;configurable;TEMPORADA;
B0071TAPI6;JeanTaperedFit;Pantalones;Jeans;Vestir;TaperedFit;;100%Algodón;239900;239900;b0071tapi6;https://burgues.com/media/catalog/product/b/0/b0071tapi6_0777.jpg;configurable;TEMPORADA;
B0071TAPID;JeanTaperedFit;Pantalones;Jeans;Vestir;TaperedFit;;100%Algodón;239900;239900;b0071tapid;https://burgues.com/media/catalog/product/b/0/b0071tapid-1.jpg;configurable;TEMPORADA;
B0071TAPIL;JeanTaperedFit;Pantalones;Jeans;Vestir;TaperedFit;;100%Algodón;239900;239900;b0071tapil;https://burgues.com/media/catalog/product/b/0/b0072tapmidgrey_0730.jpg;configurable;TEMPORADA;
B0071TAPIK;JeanTaperedFit;Pantalones;Jeans;Vestir;TaperedFit;;100%Algodón;239900;239900;b0071tapik;https://burgues.com/media/catalog/product/b/0/b0071tapik-1.jpg;configurable;TEMPORADA;
B0071TAPIS;JeanTaperedFit;Pantalones;Jeans;Vestir;TaperedFit;;100%Algodón;239900;239900;b0071tapis;https://burgues.com/media/catalog/product/b/0/b0071tapis_1293.jpg;configurable;TEMPORADA;
B0071REGI6;JeanRegularFit;Denim;Denim;;Regular;;100%Algodón;239900;239900;b0071regi6;https://burgues.com/media/catalog/product/b/0/b0071regi6_0799.jpg;configurable;TEMPORADA;
B0071REGIN;JeanRegularFit;Pantalones;Jeans;Vestir;Regular;;100%Algodón;239900;239900;b0071regin;https://burgues.com/media/catalog/product/b/0/b0071regin-1.jpg;configurable;TEMPORADA;
B0071REGIL;JeanRegularFit;Pantalones;Jeans;Vestir;Regular;;100%Algodón;239900;239900;b0071regil;https://burgues.com/media/catalog/product/b/0/b0071regil-1.jpg;configurable;TEMPORADA;
B0071WIDIC;JeanWideFit;Pantalones;Jeans;Vestir;WideFit;;100%Algodón;239900;239900;b0071widic;https://burgues.com/media/catalog/product/b/0/b0071widic-1.jpg;configurable;TEMPORADA;
B0071WIDID;JeanWideFit;Pantalones;Jeans;Vestir;WideFit;;100%Algodón;239900;239900;b0071widid;https://burgues.com/media/catalog/product/b/0/b0071widid_0861.jpg;configurable;TEMPORADA;
B0071TAPIQ;JeanTaperedFit;Pantalones;Jeans;Vestir;TaperedFit;;100%Algodón;239900;239900;b0071tapiq;https://burgues.com/media/catalog/product/b/0/b0071tapiq_265617.jpg;configurable;TEMPORADA;
B0071TAPIP;JeanTaperedFit;Pantalones;Jeans;Vestir;TaperedFit;;100%Algodón;239900;239900;b0071tapip;https://burgues.com/media/catalog/product/b/0/b0071tapip_1458.jpg;configurable;TEMPORADA;
B0071TAPIR;JeanTaperedFit;Pantalones;Jeans;Vestir;TaperedFit;;100%Algodón;239900;239900;b0071tapir;https://burgues.com/media/catalog/product/b/0/b0071tapiq_1185.jpg;configurable;TEMPORADA;
B0071REGIE;JeanRegularFit;Pantalones;Jeans;Vestir;Regular;;100%Algodón;239900;239900;b0071regie;https://burgues.com/media/catalog/product/b/0/b0071regie_1103.jpg;configurable;TEMPORADA;
B0077MAL21;BermudaMalaga|Purolino;Bermudas;Bermudas;Vestir;ClassicFit;;100%Lino;239900;239900;b0077mal21;https://burgues.com/media/catalog/product/b/0/b0077mal21_1187.jpg;configurable;TEMPORADA;
B0077MAL04;BermudaMalaga|Purolino;Bermudas;Bermudas;Vestir;ClassicFit;;100%Lino;239900;239900;b0077mal04;https://burgues.com/media/catalog/product/b/0/b0077mal04_0648.jpg;configurable;TEMPORADA;
B0077MAL10;BermudaMalaga|Purolino;Bermudas;Bermudas;Vestir;ClassicFit;;100%Lino;239900;239900;b0077mal10;https://burgues.com/media/catalog/product/b/0/b0077mal10__0011.jpg;configurable;TEMPORADA;
T0041VER21;PoloVera|AlgodónPremium;Remeras;Chombas;;ClassicFit;;100%Algodón;229900;229900;t0041ver21;https://burgues.com/media/catalog/product/t/0/t0041ver21.jpg;configurable;TEMPORADA;
T0041VER08;PoloVera|AlgodónPremium;Remeras;Chombas;;ClassicFit;;100%Algodón;229900;229900;t0041ver08;https://burgues.com/media/catalog/product/t/0/t0041ver08_0.jpg;configurable;TEMPORADA;
T0041VER28;PoloVera|AlgodónPremium;Remeras;Chombas;;ClassicFit;;100%Algodón;229900;229900;t0041ver28;https://burgues.com/media/catalog/product/t/0/t0041ver28_0596.jpg;configurable;TEMPORADA;
B0073TAI10;PantalónTailor;Pantalones;Pantalones;;SlimFit;;73%Poliester-25%Rayon-2%Elastano;219900;219900;b0073tai10;https://burgues.com/media/catalog/product/b/0/b0073tai10_0320.jpg;configurable;TEMPORADA;
B0073TAI21;PantalónTailor;Pantalones;Pantalones;;SlimFit;;73%Poliester-25%Rayon-2%Elastano;219900;219900;b0073tai21;https://burgues.com/media/catalog/product/b/0/b0073tai21_0079_1_.jpg;configurable;TEMPORADA;
B0071REBI6;JeanRegularFitBull;Denim;Denim;Vestir;;;100%Algodón;219900;219900;b0071rebi6;https://burgues.com/media/catalog/product/b/0/b0071rebi6_0199.jpg;configurable;TEMPORADA;
B0071REBIK;JeanRegularFitBull;Denim;Denim;Vestir;;;100%Algodón;219900;219900;b0071rebik;https://burgues.com/media/catalog/product/b/0/b0071rebik_0309.jpg;configurable;TEMPORADA;
T0052DUK01;CamisaDuke;Camisas;Camisas;;SlimFit;;100%Algodón;219900;219900;t0052duk01;https://burgues.com/media/catalog/product/t/0/t0052duk01_1346.jpg;configurable;TEMPORADA;
T0052MIT01;CamisaMitten;Camisas;Camisas;;SlimFit;;100%Algodón;219900;219900;t0052mit01;https://burgues.com/media/catalog/product/t/0/t0052mit01_1416.jpg;configurable;TEMPORADA;
T0052MAR25;CamisaMarten;Camisas;Camisas;;SlimFit;;100%Algodón;219900;219900;t0052mar25;https://burgues.com/media/catalog/product/t/0/t0052mar25_0671.jpg;configurable;TEMPORADA;
T0052TRO21;CamisaTropez;Camisas;Camisas;;SlimFit;;100%Algodón;219900;219900;t0052tro21;https://burgues.com/media/catalog/product/t/0/t0052tro21_0184.jpg;configurable;TEMPORADA;
T0052YOR23;CamisaYork;Camisas;Camisas;;SlimFit;;100%Algodón;219900;219900;t0052yor23;https://burgues.com/media/catalog/product/t/0/t0052yor23_0621_1.jpg;configurable;TEMPORADA;
B0073JON21;PantalónJones;Pantalones;Pantalones;Vestir;Regular;;97%Algodón-3%Elastano;209900;209900;b0073jon21;https://burgues.com/media/catalog/product/b/0/b0073jon21_0212.jpg;configurable;TEMPORADA;
B0073JON62;PantalónJones;Pantalones;Pantalones;Vestir;Regular;;97%Algodón-3%Elastano;209900;209900;b0073jon62;https://burgues.com/media/catalog/product/b/0/b0073jon62_0993.jpg;configurable;TEMPORADA;
B0073JON04;PantalónJones;Pantalones;Pantalones;Vestir;Regular;;97%Algodón-3%Elastano;209900;209900;b0073jon04;https://burgues.com/media/catalog/product/b/0/b0073jon04_1171.jpg;configurable;TEMPORADA;
B0073JON10;PantalónJones;Pantalones;Pantalones;Vestir;Regular;;97%Algodón-3%Elastano;209900;209900;b0073jon10;https://burgues.com/media/catalog/product/b/0/b0073jon10_1229_1_.jpg;configurable;TEMPORADA;
C0014EMI67;PortaCelularEmilie;Accesorios;Accesoriosvarios;;;;100%CueroVacuno;199900;199900;porta-celular-emilie-67;https://burgues.com/media/catalog/product/c/o/co014emi-1.jpg;configurable;TEMPORADA;
C0014EMI10;PortaCelularEmilie;Accesorios;Accesoriosvarios;;;;100%CueroVacuno;199900;199900;porta-celular-emilie-10;https://burgues.com/media/catalog/product/c/o/co014emi-1_1_.jpg;configurable;TEMPORADA;
C0014EMI69;PortaCelularEmilie;Accesorios;Accesoriosvarios;;;;100%CueroVacuno;199900;199900;porta-celular-emilie-69;https://burgues.com/media/catalog/product/c/0/c0014emi-1a.jpg;configurable;TEMPORADA;
T0051SIL10;ChombaSilk;Remeras;Chombas;Vestir;Regular;;65%Algodón-30%Modal-5%Seda;199900;199900;t0051sil10;https://burgues.com/media/catalog/product/t/0/t0051sil10_0327.jpg;configurable;TEMPORADA;
B0076POP10;ShortPoplinMadeinPeru;Trajesdebaño;Trajesdebaño;;;;96%Algodón-4%Elastano;199900;199900;b0076pop10;https://burgues.com/media/catalog/product/b/0/b0076pop10_0669.jpg;configurable;TEMPORADA;
T0043BEL11;BuzoBelfort;Buzos;Buzos;Sport;ClassicFit;;CottonBlend|68%Algodón-32%Poliester;199900;199900;t0043bel11;https://burgues.com/media/catalog/product/t/0/t0043bel11_4.jpg;configurable;TEMPORADA;
T0043BEL10;BuzoBelfort;Buzos;Buzos;Sport;ClassicFit;;CottonBlend|68%Algodón-32%Poliester;199900;199900;t0043bel10;https://burgues.com/media/catalog/product/t/0/t0043bel10_1.jpg;configurable;TEMPORADA;
T0043PRE10;HoodiePreston;Buzos;Hoodies;Sport;ClassicFit;;CottonBlend|68%Algodón-32%Poliester;199900;199900;t0043pre10;https://burgues.com/media/catalog/product/t/0/t0043pre10_1.jpg;configurable;TEMPORADA;
T0043PRE60;HoodiePreston;Buzos;Hoodies;Sport;ClassicFit;;CottonBlend|68%Algodón-32%Poliester;199900;199900;t0043pre60;https://burgues.com/media/catalog/product/t/0/t0043pre60_1.jpg;configurable;TEMPORADA;
S0095DER01;SneakerDerby|100%Cuero;Shoes;Zapatillas;;;;100%CueroVacuno;199900;199900;s0095der01;https://burgues.com/media/catalog/product/_/d/_dsc1457.jpg;configurable;TEMPORADA;
S0095DERD4;SneakerDerby|100%Cuero;Shoes;Zapatillas;;;;100%CueroVacuno;199900;199900;s0095derd4;https://burgues.com/media/catalog/product/_/d/_dsc1464.jpg;configurable;TEMPORADA;
S0095DERD5;SneakerDerby|100%Cuero;Shoes;Zapatillas;;;;100%CueroVacuno;199900;199900;s0095derd5;https://burgues.com/media/catalog/product/_/d/_dsc1461.jpg;configurable;TEMPORADA;
T0051SIL21;ChombaSilk;Remeras;Chombas;Vestir;Regular;;65%Algodón-30%Modal-5%Seda;199900;199900;t0051sil21;https://burgues.com/media/catalog/product/t/0/t0051sil21_0461.jpg;configurable;TEMPORADA;
T0051SIL01;ChombaSilk;Remeras;Chombas;Vestir;Regular;;65%Algodón-30%Modal-5%Seda;199900;199900;t0051sil01;https://burgues.com/media/catalog/product/t/0/t0051sil01_0503.jpg;configurable;TEMPORADA;
B0076POP2C;ShortPoplinMadeinPeru;Trajesdebaño;Trajesdebaño;;;;96%Algodón-4%Elastano;199900;199900;b0076pop2c;https://burgues.com/media/catalog/product/b/0/b0076pop21_0690.jpg;configurable;TEMPORADA;
B0076POP62;ShortPoplinMadeinPeru;Trajesdebaño;Trajesdebaño;;;;96%Algodón-4%Elastano;199900;199900;b0076pop62;https://burgues.com/media/catalog/product/b/0/b0076pop62_0778_1_.jpg;configurable;TEMPORADA;
T0043PRE66;HoodiePreston;Buzos;Hoodies;Sport;ClassicFit;;CottonBlend|68%Algodón-32%Poliester;199900;199900;t0043pre66;https://burgues.com/media/catalog/product/t/0/t0043pre66_1.jpg;configurable;TEMPORADA;
T0051SIL60;ChombaSilk;Remeras;Chombas;;Regular;;65%Algodón-30%Modal-5%Seda;199900;199900;t0051sil60;https://burgues.com/media/catalog/product/t/0/t0051sil60_0529.jpg;configurable;TEMPORADA;
T0051SIL66;ChombaSilk;Remeras;Chombas;;Regular;;65%Algodón-30%Modal-5%Seda;199900;199900;t0051sil66;https://burgues.com/media/catalog/product/t/0/t0051sil66_1375.jpg;configurable;TEMPORADA;
T0152LUX01;CamisaLuxury;Camisas;Camisas;;SlimFit;;100%Algodón;199900;199900;t0152lux01;https://burgues.com/media/catalog/product/t/0/t0152lux01_1010.jpg;configurable;TEMPORADA;
T0152LUX23;CamisaLuxury;Camisas;Camisas;;SlimFit;;100%Algodón;199900;199900;t0152lux23;https://burgues.com/media/catalog/product/t/0/t0152lux23_0093.jpg;configurable;TEMPORADA;
T0152LUX21;CamisaLuxury;Camisas;Camisas;;SlimFit;;100%Algodón;199900;199900;t0152lux21;https://burgues.com/media/catalog/product/t/0/t0152lux21_0013.jpg;configurable;TEMPORADA;
T0152LUX10;CamisaLuxury;Camisas;Camisas;;SlimFit;;100%Algodón;199900;199900;t0152lux10;https://burgues.com/media/catalog/product/t/0/t0152lux10_1064.jpg;configurable;TEMPORADA;
T0052SAT01;CamisaSatin;Camisas;Camisas;;SlimFit;;100%Algodón;199900;199900;t0052sat01;https://burgues.com/media/catalog/product/t/0/t0052sat01_1464.jpg;configurable;TEMPORADA;
T0041DAI10;PoloDaisy;Sweaters;Sweaters;;ClassicFit;;80%Viscosa-20%Poliamida;199900;199900;t0041dai10;https://burgues.com/media/catalog/product/t/0/t0041dai10..jpg;configurable;TEMPORADA;
T0041DAI21;PoloDaisy;Sweaters;Sweaters;;ClassicFit;;80%Viscosa-20%Poliamida;199900;199900;t0041dai21;https://burgues.com/media/catalog/product/t/0/t0041dai21-1.jpg;configurable;TEMPORADA;
T0041DAI60;PoloDaisy;Sweaters;Sweaters;;ClassicFit;;80%Viscosa-20%Poliamida;199900;199900;t0041dai60;https://burgues.com/media/catalog/product/t/0/t0041dai60_0323.jpg;configurable;TEMPORADA;
T0021SIL21;RemeraSilk;Remeras;Remeras;Vestir;Regular;;65%Algodón-30%Modal-5%Seda;189900;189900;t0021sil21;https://burgues.com/media/catalog/product/t/0/t0021sil21_0483.jpg;configurable;TEMPORADA;
T0021SIL01;RemeraSilk;Remeras;Remeras;Vestir;Regular;;65%Algodón-30%Modal-5%Seda;189900;189900;t0021sil01;https://burgues.com/media/catalog/product/t/0/t0021sil01_5.jpg;configurable;TEMPORADA;
T0021SIL19;RemeraSilk;Remeras;Remeras;Vestir;Regular;;65%Algodón-30%Modal-5%Seda;189900;189900;t0021sil19;https://burgues.com/media/catalog/product/t/0/t0021sil19_0608.jpg;configurable;TEMPORADA;
T0021SIL10;RemeraSilk;Remeras;Remeras;Vestir;Regular;;65%Algodón-30%Modal-5%Seda;189900;189900;t0021sil10;https://burgues.com/media/catalog/product/t/0/t0021sil10_1.jpg;configurable;TEMPORADA;
T0021SIL60;RemeraSilk;Remeras;Remeras;;Regular;;65%Algodón-30%Modal-5%Seda;189900;189900;t0021sil60;https://burgues.com/media/catalog/product/t/0/t0021sil60_0652.jpg;configurable;TEMPORADA;
T0021SIL66;RemeraSilk;Remeras;Remeras;;Regular;;65%Algodón-30%Modal-5%Seda;189900;189900;remera-silk;https://burgues.com/media/catalog/product/t/0/t0021sil66_0881_1.jpg;configurable;TEMPORADA;
T0051TEC08;PoloTecnica;Remeras;Chombas;;ClassicFit;;73%Algodón-22%Poliester-5%Elastano;179900;179900;t0051tec08;https://burgues.com/media/catalog/product/t/0/t0051tec08_0361.jpg;configurable;TEMPORADA;
T0051TEC21;PoloTecnica;Remeras;Chombas;;ClassicFit;;73%Algodón-22%Poliester-5%Elastano;179900;179900;t0051tec21;https://burgues.com/media/catalog/product/t/0/t0051tec21_0228.jpg;configurable;TEMPORADA;
T0041EMI10;SweaterEmily;Sweaters;Sweaters;;ClassicFit;;80%Viscosa-20%Poliamida;179900;179900;t0041emi10;https://burgues.com/media/catalog/product/t/0/t0041emi10_0691.jpg;configurable;TEMPORADA;
T0041EMI21;SweaterEmily;Sweaters;Sweaters;;ClassicFit;;80%Viscosa-20%Poliamida;179900;179900;t0041emi21;https://burgues.com/media/catalog/product/t/0/t0041emi21_0893.jpg;configurable;TEMPORADA;
T0041EMI60;SweaterEmily;Sweaters;Sweaters;;ClassicFit;;80%Viscosa-20%Poliamida;179900;179900;t0041emi60;https://burgues.com/media/catalog/product/t/0/t0041emi60_0407.jpg;configurable;TEMPORADA;
T0041EMM10;SweaterEmma;Sweaters;Sweaters;;ClassicFit;;80%Viscosa-20%Poliamida;179900;179900;t0041emm10;https://burgues.com/media/catalog/product/t/0/t0041emm10_0388.jpg;configurable;TEMPORADA;
T0041EMM21;SweaterEmma;Sweaters;Sweaters;;ClassicFit;;80%Viscosa-20%Poliamida;179900;179900;t0041emm21;https://burgues.com/media/catalog/product/t/0/t0041emm21_0291.jpg;configurable;TEMPORADA;
C0011BIG10;CorbataBig6cm;Accesorios;Corbatas;Vestir;;;100%Seda;179900;179900;corbata-big-6cm-10;https://burgues.com/media/catalog/product/c/0/c0011big10.jpg;configurable;TEMPORADA;
C0011BIG21;CorbataBig6cm;Accesorios;Corbatas;Vestir;;;100%Seda;179900;179900;corbata-big-6cm-21;https://burgues.com/media/catalog/product/c/0/c0011big_azul_1.jpg;configurable;TEMPORADA;
C0011BAN41;CorbataBang4cm;Accesorios;Corbatas&Moños;Vestir;;;100%Seda;179900;179900;c0011ban41;https://burgues.com/media/catalog/product/c/0/c0011big_bordeaux_1.jpg;configurable;TEMPORADA;
C0011BAN21;CorbataBang4cm;Accesorios;Corbatas&Moños;Vestir;;;100%Seda;179900;179900;c0011ban21;https://burgues.com/media/catalog/product/c/6/c6011ban-azul-3.jpg;configurable;TEMPORADA;
C0011BAN10;CorbataBang4cm;Accesorios;Corbatas&Moños;Vestir;;;100%Seda;179900;179900;c0011ban10;https://burgues.com/media/catalog/product/c/0/c0011ban10-2.jpg;configurable;TEMPORADA;
C0011BIG41;CorbataBig6cm;Accesorios;Corbatas;Vestir;;;100%Seda;179900;179900;corbata-big-6cm-41;https://burgues.com/media/catalog/product/c/0/c0011big-bordeaux-3.jpg;configurable;TEMPORADA;
C0011SLI10;Corbatalisasilk6cm;Accesorios;Corbatas;;;;100%Seda;179900;179900;c0011sli10;https://burgues.com/media/catalog/product/_/l/_lr05942.jpg;configurable;LINEA;
C0111SIL10;Corbatasilktwilllisa6cm;Accesorios;Corbatas;;;;100%Seda;179900;179900;c0111sil10;;configurable;TEMPORADA;
C0211SIL10;Corbatasilktwilllisa8cm;Accesorios;Corbatas;;;;100%Seda;179900;179900;c0211sil10;https://burgues.com/media/catalog/product/_/l/_lr01809.jpg;configurable;TEMPORADA;
C0211SIL21;Corbatasilktwilllisa8cm;Accesorios;Corbatas;;;;100%Seda;179900;179900;c0211sil21;https://burgues.com/media/catalog/product/_/l/_lr01804.jpg;configurable;TEMPORADA;
C0211SIL31;Corbatasilktwilllisa8cm;Accesorios;Corbatas;;;;100%Seda;179900;179900;c0211sil31;https://burgues.com/media/catalog/product/_/l/_lr01793.jpg;configurable;TEMPORADA;
C0211SIL41;Corbatasilktwilllisa8cm;Accesorios;Corbatas;;;;100%Seda;179900;179900;c0211sil41;https://burgues.com/media/catalog/product/_/l/_lr01798.jpg;configurable;TEMPORADA;
C0411SIL21;CorbatasilkLunares8cm;Accesorios;Corbatas;;;;100%Seda;179900;179900;c0411sil21;https://burgues.com/media/catalog/product/_/l/_lr01816.jpg;configurable;TEMPORADA;
C0411SIL23;CorbatasilkRayada8cm;Accesorios;Corbatas;;;;100%Seda;179900;179900;c0411sil23;https://burgues.com/media/catalog/product/_/l/_lr01781.jpg;configurable;TEMPORADA;
C0511SIL10;MoñoSilkTwillLiso;Accesorios;Moños;;;;100%Seda;179900;179900;c0511sil10;https://burgues.com/media/catalog/product/_/l/_lr01825.jpg;configurable;TEMPORADA;
C0511SIL21;MoñoSilkTwillLiso;Accesorios;Moños;;;;100%Seda;179900;179900;c0511sil21;https://burgues.com/media/catalog/product/_/l/_lr01840.jpg;configurable;TEMPORADA;
B0077JON21;BermudaJones;Bermudas;Bermudas;Vestir;Regular;;97%Algodón-3%Elastano;179900;179900;b0077jon21;https://burgues.com/media/catalog/product/b/0/b0077jon21_0049.jpg;configurable;ARCHIVE;38|40|42|44|46|48
B0077JON62;BermudaJones;Bermudas;Bermudas;Vestir;Regular;;97%Algodón-3%Elastano;179900;179900;b0077jon62;https://burgues.com/media/catalog/product/b/0/b0077jon62_0034.jpg;configurable;ARCHIVE;38|40|42|44|46|48
B0077JON10;BermudaJones;Bermudas;Bermudas;Vestir;Regular;;97%Algodón-3%Elastano;179900;179900;b0077jon10;https://burgues.com/media/catalog/product/b/0/b0077jon10_1016.jpg;configurable;TEMPORADA;
B0077JON04;BermudaJones;Bermudas;Bermudas;Vestir;Regular;;97%Algodón-3%Elastano;179900;179900;b0077jon04;https://burgues.com/media/catalog/product/b/0/b0077jon04_1149.jpg;configurable;TEMPORADA;
C0013EMY60;BilleteraEmy;Accesorios;Billeteras;;;;100%CueroVacuno;169900;169900;billetera-emy-60;https://burgues.com/media/catalog/product/c/0/c0013emy60.jpg;configurable;TEMPORADA;
C0013EMY10;BilleteraEmy;Accesorios;Billeteras;;;;100%CueroVacuno;169900;169900;billetera-emy-10;https://burgues.com/media/catalog/product/c/0/c0013emy10.jpg;configurable;TEMPORADA;
C0013EMY69;BilleteraEmy;Accesorios;Billeteras;;;;100%CueroVacuno;169900;169900;billetera-emy-69;https://burgues.com/media/catalog/product/c/0/c0013emy69-2_1.jpg;configurable;TEMPORADA;
T0052TAI01;CamisaTailor|PimaPeruano;Camisas;Camisas;;SlimFit;;100%Algodón;169900;169900;t0052tai01;https://burgues.com/media/catalog/product/t/0/t0052tai01_1393.jpg;configurable;TEMPORADA;
T0051HIG01;PoloHigh;Remeras;Chombas;;ClassicFit;;100%Algodón;159900;159900;t0051hig01;https://burgues.com/media/catalog/product/t/0/t0051hig01_1325.jpg;configurable;TEMPORADA;
T0051HIG10;PoloHigh;Remeras;Chombas;;ClassicFit;;100%Algodón;159900;159900;t0051hig10;https://burgues.com/media/catalog/product/t/0/t0051hig10_1252.jpg;configurable;TEMPORADA;
T0051HIG21;PoloHigh;Remeras;Chombas;;ClassicFit;;100%Algodón;159900;159900;t0051hig21;https://burgues.com/media/catalog/product/t/0/t0051hig21_0820.jpg;configurable;TEMPORADA;
C0011MON21;MoñosLisosSeda;Accesorios;Moños;;;;100%Seda;159900;159900;monios-lisos-seda-21;https://burgues.com/media/catalog/product/c/0/c0011mon21.jpg;configurable;TEMPORADA;
C0011BAT10;MoÃ±oBatman;Accesorios;Moños;;;;100%Seda;159900;159900;monio-batman-10;https://burgues.com/media/catalog/product/l/0/l0011bat10_1_1.jpg;configurable;TEMPORADA;
C0011MON10;MoñosLisosSeda;Accesorios;Moños;;;;100%Seda;159900;159900;monios-lisos-seda-10;https://burgues.com/media/catalog/product/c/0/c0011mon10.jpg;configurable;TEMPORADA;
C0011MON41;MoñosLisosSeda;Accesorios;Moños;;;;100%Seda;159900;159900;monios-lisos-seda-41;https://burgues.com/media/catalog/product/c/0/c0011mon41.jpg;configurable;TEMPORADA;
C0011MON40;MoñosLisosSeda;Accesorios;Moños;;;;100%Seda;159900;159900;monios-lisos-seda-40;https://burgues.com/media/catalog/product/c/o/co011mon-rojo-2.jpg;configurable;TEMPORADA;
C0011FAN10;Moñosfantastic;Accesorios;;;;;;159900;159900;c0011fan10;https://burgues.com/media/catalog/product/c/0/c0011fif-negro-2.jpg;configurable;TEMPORADA;
C0011FIF10;Moñosfifi;Accesorios;Moños;;;;;159900;159900;c0011fif10;https://burgues.com/media/catalog/product/c/0/c0011fif-negro-2_1.jpg;configurable;TEMPORADA;
C0311SIL10;PañueloPochetteSilkLiso;Accesorios;;;;;100%Seda;159900;159900;c0311sil10;https://burgues.com/media/catalog/product/_/l/_lr01849.jpg;configurable;TEMPORADA;
C0311SIL21;PañueloPochetteSilkLiso;Accesorios;;;;;100%Seda;159900;159900;c0311sil21;https://burgues.com/media/catalog/product/_/l/_lr01853.jpg;configurable;TEMPORADA;
C0311SIL31;PañueloPochetteSilkLiso;Accesorios;;;;;100%Seda;159900;159900;c0311sil31;https://burgues.com/media/catalog/product/_/l/_lr01861.jpg;configurable;TEMPORADA;
C0311SIL41;PañueloPochetteSilkLiso;Accesorios;;;;;100%Seda;159900;159900;c0311sil41;https://burgues.com/media/catalog/product/_/l/_lr01857.jpg;configurable;TEMPORADA;
C0010BRE10;GuanteBremen;Accesorios;Guantes;;;;100%CueroVacuno;149900;149900;c0010bre10;https://burgues.com/media/catalog/product/_/l/_lr07562.jpg;configurable;LINEA;
C0017DOMI6;AnteojosDominique;Accesorios;Anteojos;Sport;;;Acetatoitaliano;149900;149900;c0017domi6;https://burgues.com/media/catalog/product/l/0/l0017domi6.jpg;configurable;TEMPORADA;
C0017DOMIA;AnteojosDominique;Accesorios;Anteojos;Sport;;;Acetatoitaliano;149900;149900;c0017domia;https://burgues.com/media/catalog/product/l/0/l0017domia.jpg;configurable;TEMPORADA;
C0017JERI6;AnteojosJerome;Accesorios;Anteojos;Sport;;;Acetatoitaliano;149900;149900;c0017jeri6;https://burgues.com/media/catalog/product/c/0/c0017jer-1.jpg;configurable;TEMPORADA;
C0017VINI6;AnteojosVincent;Accesorios;Anteojos;Sport;;;Acetatoitaliano;149900;149900;anteojos-vincent-i6;https://burgues.com/media/catalog/product/c/o/co017vin-1d.jpg;configurable;TEMPORADA;
C0012REVC1;CinturonReversible;Accesorios;Cintos;Vestir;;;100%CueroVacuno;149900;149900;cinturon-reversible-c1;https://burgues.com/media/catalog/product/c/0/c0012revc1-1.jpg;configurable;TEMPORADA;
C0017JERIA;AnteojosJerome;Accesorios;Anteojos;Sport;;;Acetatoitaliano;149900;149900;anteojos-jerome-ia;https://burgues.com/media/catalog/product/l/0/l0017jeria.jpg;configurable;TEMPORADA;
C0017VINIA;AnteojosVincent;Accesorios;Anteojos;Sport;;;Acetatoitaliano;149900;149900;anteojos-vincent-ia;https://burgues.com/media/catalog/product/c/o/co017vin-1c.jpg;configurable;TEMPORADA;
C0017DOM10;AnteojosDominique;Accesorios;Anteojos;Sport;;;Acetatoitaliano;149900;149900;c0017dom10;https://burgues.com/media/catalog/product/c/0/c0017dom-1_6_.jpg;configurable;TEMPORADA;
C0017VIN10;AnteojosVincent;Accesorios;Anteojos;Sport;;;Acetatoitaliano;149900;149900;anteojos-vincent-10;https://burgues.com/media/catalog/product/c/o/co017vin-1c_1.jpg;configurable;TEMPORADA;
C0012CHA10;CinturonCharol;Accesorios;Cintos;Vestir;;;100%CueroVacuno;149900;149900;cinturon-charol-10;https://burgues.com/media/catalog/product/c/0/c0012cha10-2.jpg;configurable;TEMPORADA;
C0017JERI7;AnteojosJerome;Accesorios;Anteojos;Sport;;;Acetatoitaliano;149900;149900;anteojos-jerome-i7;https://burgues.com/media/catalog/product/l/0/l0017jeri7.jpg;configurable;TEMPORADA;
C0017PIEI7;AnteojosPierre;Accesorios;Anteojos;Sport;;;Acetatoitaliano;149900;149900;anteojos-pierre-i7;https://burgues.com/media/catalog/product/l/0/l0017piei7.jpg;configurable;TEMPORADA;
C0017VINI7;AnteojosVincent;Accesorios;Anteojos;Sport;;;Acetatoitaliano;149900;149900;anteojos-vincent-i7;;configurable;TEMPORADA;
C0017JERI4;AnteojosJerome;Accesorios;Anteojos;Sport;;;Acetatoitaliano;149900;149900;anteojos-jerome-i4;https://burgues.com/media/catalog/product/l/0/l0017jeri4.jpg;configurable;TEMPORADA;
C0017BMOI7;AnteojosBelmont;Accesorios;Anteojos;;;;AcetatoItaliano;149900;149900;c0017bmoi7;https://burgues.com/media/catalog/product/_/l/_lr02382.jpg;configurable;TEMPORADA;
C0017BMOI6;AnteojosBelmont;Accesorios;Anteojos;;;;AcetatoItaliano;149900;149900;c0017bmoi6;https://burgues.com/media/catalog/product/c/0/c0017bmoi6.jpg;configurable;TEMPORADA;
C0017PIEI9;AnteojosPierre;Accesorios;Anteojos;;;;AcetatoItaliano;149900;149900;c0017piei9;https://burgues.com/media/catalog/product/_/l/_lr02373.jpg;configurable;TEMPORADA;
C0017JER10;AnteojosJerome;Accesorios;Anteojos;;;;Acetatoitaliano;149900;149900;c0017jer10;https://burgues.com/media/catalog/product/c/0/c0017jer-1_6_.jpg;configurable;TEMPORADA;
C0017JER68;AnteojosJerome;Accesorios;Anteojos;;;;Acetatoitaliano;149900;149900;c0017jer68;https://burgues.com/media/catalog/product/c/0/c0017jer-1_5_.jpg;configurable;TEMPORADA;
C0017JERIB;AnteojosJerome;Accesorios;Anteojos;;;;Acetatoitaliano;149900;149900;c0017jerib;https://burgues.com/media/catalog/product/c/0/c0017jer-1_2_.jpg;configurable;TEMPORADA;
C0017JER0A;AnteojosJerome;Accesorios;Anteojos;;;;Acetatoitaliano;149900;149900;c0017jer0a;https://burgues.com/media/catalog/product/c/0/c0017jer-1_1_.jpg;configurable;TEMPORADA;
C0017JER6E;AnteojosJerome;Accesorios;Anteojos;;;;Acetatoitaliano;149900;149900;c0017jer6e;https://burgues.com/media/catalog/product/_/l/_lr01727.jpg;configurable;TEMPORADA;
C0017JER6P;AnteojosJerome;Accesorios;Anteojos;;;;Acetatoitaliano;149900;149900;c0017jer6p;https://burgues.com/media/catalog/product/c/0/c0017jer-1_7_.jpg;configurable;TEMPORADA;
C0017DOM68;AnteojosDominique;Accesorios;Anteojos;;;;Acetatoitaliano;149900;149900;c0017dom68;https://burgues.com/media/catalog/product/c/0/c0017dom-1_1_.jpg;configurable;TEMPORADA;
C0017DOMI7;AnteojosDominique;Accesorios;Anteojos;;;;Acetatoitaliano;149900;149900;c0017domi7;https://burgues.com/media/catalog/product/c/0/c0017dom-1a.jpg;configurable;TEMPORADA;
C0017DOMIB;AnteojosDominique;Accesorios;Anteojos;;;;Acetatoitaliano;149900;149900;c0017domib;https://burgues.com/media/catalog/product/c/0/c0017dom-1_2_.jpg;configurable;TEMPORADA;
C0017DOM0A;AnteojosDominique;Accesorios;Anteojos;;;;Acetatoitaliano;149900;149900;c0017dom0a;https://burgues.com/media/catalog/product/c/0/c0017dom-1_3_.jpg;configurable;TEMPORADA;
C0017DOM6E;AnteojosDominique;Accesorios;Anteojos;;;;Acetatoitaliano;149900;149900;c0017dom6e;https://burgues.com/media/catalog/product/c/0/c0017dom-1_4_.jpg;configurable;TEMPORADA;
C0017DOM6P;AnteojosDominique;Accesorios;Anteojos;;;;Acetatoitaliano;149900;149900;c0017dom6p;https://burgues.com/media/catalog/product/c/0/c0017dom-1_5_.jpg;configurable;TEMPORADA;
T0052TAL01;CamisaTally;Camisas;Camisas;Vestir;Regular;CuelloCutaway;CottonBlend|97%Algodon-3%Elastano;149900;149900;t0052tal01;https://burgues.com/media/catalog/product/t/0/t0052tal01_1166_-_copia.jpg;configurable;TEMPORADA;
C0017BMOI1;AnteojosBelmont;Accesorios;Anteojos;;;;Acetatoitaliano;149900;149900;c0017bmoi1;https://burgues.com/media/catalog/product/c/0/c0017bm0-1.jpg;configurable;TEMPORADA;
C0017BMOI2;AnteojosBelmont;Accesorios;Anteojos;;;;Acetatoitaliano;149900;149900;c0017bmoi2;https://burgues.com/media/catalog/product/c/0/c0017bmo-1b_1.jpg;configurable;TEMPORADA;
C0017BMOIA;AnteojosBelmont;Accesorios;Anteojos;;;;Acetatoitaliano;149900;149900;c0017bmoia;https://burgues.com/media/catalog/product/c/0/c0017bmo-4e.jpg;configurable;TEMPORADA;
C0017DOMIC;AnteojosDominique;Accesorios;Anteojos;;;;Acetatoitaliano;149900;149900;c0017domic;https://burgues.com/media/catalog/product/c/0/c0017dom-4b.jpg;configurable;TEMPORADA;
C0017RICI6;AnteojosRichie;Accesorios;Anteojos;;;;Acetatoitaliano;149900;149900;c0017rici6;https://burgues.com/media/catalog/product/c/o/co017ric-1a.jpg;configurable;TEMPORADA;
C0017RICI7;AnteojosRichie;Accesorios;Anteojos;;;;AcetatoItaliano;149900;149900;c0017rici7;https://burgues.com/media/catalog/product/c/0/c0017ric-1.jpg;configurable;TEMPORADA;
C0017JERIF;AnteojosJerome;Accesorios;Anteojos;;;;AcetatoItaliano;149900;149900;c0017jerif;https://burgues.com/media/catalog/product/c/0/c0017jer-1f.jpg;configurable;TEMPORADA;
C0017DOMIF;AnteojosDominique;Accesorios;Anteojos;;;;AcetatoItaliano;149900;149900;c0017domif;https://burgues.com/media/catalog/product/c/0/c0017dom-1g.jpg;configurable;TEMPORADA;
B0076CLO2A;TrajedeBañoCloud;Trajesdebaño;Trajesdebaño;Sport;ClassicFit;;100%Algodón;149900;149900;b0076clo2a;https://burgues.com/media/catalog/product/b/0/b0076clo2a_1153.jpg;configurable;TEMPORADA;
C0013MAG21;BilleteraMagul;Accesorios;Billeteras;;;;100%CueroVacuno;139900;139900;billetera-magul-21;https://burgues.com/media/catalog/product/c/0/c0013mag21.jpg;configurable;TEMPORADA;
C0012LOR60;CinturonLord;Accesorios;Cintos;Vestir;;;100%CueroVacuno;139900;139900;cinturon-lord-60;https://burgues.com/media/catalog/product/c/0/c0012lor60-2.jpg;configurable;TEMPORADA;
C0012PUL60;CinturonPulp;Accesorios;Cintos;Vestir;;;100%CueroVacuno;139900;139900;cinturon-pulp-60;https://burgues.com/media/catalog/product/c/i/cinturon_1.jpg;configurable;TEMPORADA;
C0013CRO60;BilleteraCroco;Accesorios;Billeteras;;;;100%CueroVacuno;139900;139900;billetera-croco-60;https://burgues.com/media/catalog/product/c/0/c0013cro60-1.jpg;configurable;TEMPORADA;
C0013MAG60;BilleteraMagul;Accesorios;Billeteras;;;;100%CueroVacuno;139900;139900;billetera-magul-60;https://burgues.com/media/catalog/product/c/0/c0013mag60.jpg;configurable;TEMPORADA;
C0012LOR10;CinturonLord;Accesorios;Cintos;Vestir;;;100%CueroVacuno;139900;139900;cinturon-lord-10;https://burgues.com/media/catalog/product/c/0/c0012lor10-2.jpg;configurable;TEMPORADA;
C0012PUL10;CinturonPulp;Accesorios;Cintos;Vestir;;;100%CueroVacuno;139900;139900;cinturon-pulp-10;https://burgues.com/media/catalog/product/c/0/c0012pul10-2.jpg;configurable;TEMPORADA;
C0013CRO10;BilleteraCroco;Accesorios;Billeteras;;;;100%CueroVacuno;139900;139900;billetera-croco-10;https://burgues.com/media/catalog/product/c/0/c0013cro10.jpg;configurable;TEMPORADA;
C0013MAG10;BilleteraMagul;Accesorios;Billeteras;;;;100%CueroVacuno;139900;139900;billetera-magul-10;https://burgues.com/media/catalog/product/c/0/c0013mag10.jpg;configurable;TEMPORADA;
C0012LOR69;CinturonLord;Accesorios;Cintos;Vestir;;;100%CueroVacuno;139900;139900;cinturon-lord-69;https://burgues.com/media/catalog/product/c/0/c0012lor_suela_1.jpg;configurable;TEMPORADA;
C0013MAG69;BilleteraMagul;Accesorios;Billeteras;;;;100%CueroVacuno;139900;139900;billetera-magul-69;https://burgues.com/media/catalog/product/c/0/c0013mag69.jpg;configurable;TEMPORADA;
T0023SLE10;RemeraSleeve|AlgodónEgipcio;Remeras;Remeras;Vestir;ClassicFit;CuelloRedondo;100%Algodón;139900;139900;t0023sle10;https://burgues.com/media/catalog/product/t/0/t0022sle10_0150.jpg;configurable;TEMPORADA;
C0012BLU10;CinturonBlur;Accesorios;Cintos;Vestir;;;100%CueroVacuno;139900;139900;c0012blu10;https://burgues.com/media/catalog/product/c/0/c0012blu-negro1.jpg;configurable;TEMPORADA;
C0012BLU60;CinturonBlur;Accesorios;Cintos;Vestir;;;100%CueroVacuno;139900;139900;c0012blu60;https://burgues.com/media/catalog/product/c/0/c0012blu-marron-1.jpg;configurable;TEMPORADA;
T0023SLE01;RemeraSleeve|AlgodónEgipcio;Remeras;Remeras;Vestir;ClassicFit;;100%AlgodónEgipcio;139900;139900;t0023sle01;https://burgues.com/media/catalog/product/t/0/t0022sle01_0759.jpg;configurable;TEMPORADA;
T0021ETI66;RemeraEtienne|100%PimaCotton;Remeras;Remeras;Vestir;Regular;;100%Algodón;139900;139900;t0021eti66;https://burgues.com/media/catalog/product/t/0/t0021eti66_0148.jpg;configurable;TEMPORADA;
T0021ETI21;RemeraEtienne|100%PimaCotton;Remeras;Remeras;Vestir;Regular;;100%Algodón;139900;139900;t0021eti21;https://burgues.com/media/catalog/product/t/0/t0021eti21_0469.jpg;configurable;TEMPORADA;
T0021ETI01;RemeraEtienne|100%PimaCotton;Remeras;Remeras;Vestir;Regular;;100%Algodón;139900;139900;t0021eti01;https://burgues.com/media/catalog/product/t/0/t0021eti01_0421.jpg;configurable;TEMPORADA;
T0021ETI19;RemeraEtienne|100%PimaCotton;Remeras;Remeras;Vestir;Regular;;100%Algodón;139900;139900;t0021eti19;https://burgues.com/media/catalog/product/t/0/t0021eti19_0218.jpg;configurable;TEMPORADA;
T0021ETI60;RemeraEtienne|100%PimaCotton;Remeras;Remeras;Vestir;Regular;;100%Algodón;139900;139900;t0021eti60;https://burgues.com/media/catalog/product/t/0/t0021eti60_0186.jpg;configurable;TEMPORADA;
T0021ETI10;RemeraEtienne|100%PimaCotton;Remeras;Remeras;Vestir;Regular;;100%Algodón;139900;139900;t0021eti10;https://burgues.com/media/catalog/product/t/0/t0011eti10_0334.jpg;configurable;TEMPORADA;
T0021ETI30;RemeraEtienne|100%PimaCotton;Remeras;Remeras;Vestir;Regular;;100%Algodón;139900;139900;t0021eti30;https://burgues.com/media/catalog/product/t/0/t0021eti30_0243.jpg;configurable;TEMPORADA;
C0013TRO10;BilleteraTrois;Accesorios;Billeteras;;;;100%CueroVacuno;139900;139900;c0013tro10;https://burgues.com/media/catalog/product/_/l/_lr01864.jpg;configurable;TEMPORADA;
C0013DAM10;BIlleteraDamer;Accesorios;Billeteras;;;;100%CueroVacuno;139900;139900;c0013dam10;https://burgues.com/media/catalog/product/_/l/_lr01868.jpg;configurable;TEMPORADA;
C0013FIE60;BIlleteraField;Accesorios;Billeteras;;;;100%CueroVacuno;139900;139900;c0013fie60;https://burgues.com/media/catalog/product/_/l/_lr01873.jpg;configurable;TEMPORADA;
C0012SIR60;CinturonSir;Accesorios;Cintos;;;;100%CueroVacuno;139900;139900;c0012sir60;;configurable;TEMPORADA;
C0012SIR69;CinturonSir;Accesorios;Cintos;;;;100%CueroVacuno;139900;139900;c0012sir69;;configurable;TEMPORADA;
C0012BYR10;CinturónByron;Accesorios;Cinturones;;;;100%CueroVacuno;139900;139900;c0012byr10;https://burgues.com/media/catalog/product/_/l/_lr01886.jpg;configurable;TEMPORADA;
C0012SIR10;CinturonSir;Accesorios;Cintos;;;;100%CueroVacuno;139900;139900;c0012sir10;https://burgues.com/media/catalog/product/_/l/_lr01878.jpg;configurable;TEMPORADA;
T0021YVO10;RemeraYvon|PimaPeruano;Remeras;Remeras;Sport;Regular;CuelloRedondo;100%Algodón;139900;139900;t0021yvo10;https://burgues.com/media/catalog/product/t/0/t0021yvo10_0148.jpg;configurable;TEMPORADA;
T0021YVO62;RemeraYvon|PimaPeruano;Remeras;Remeras;Sport;Regular;CuelloRedondo;100%Algodón;139900;139900;t0021yvo62;https://burgues.com/media/catalog/product/t/0/t0021yvo62-1_1.jpg;configurable;TEMPORADA;
T0021YVO21;RemeraYvon|PimaPeruano;Remeras;Remeras;Sport;Regular;CuelloRedondo;100%Algodón;139900;139900;t0021yvo21;https://burgues.com/media/catalog/product/t/0/t0021yvo21-1_1.jpg;configurable;TEMPORADA;
T0021YVO01;RemeraYvon|PimaPeruano;Remeras;Remeras;Sport;Regular;CuelloRedondo;100%Algodón;139900;139900;t0021yvo01;https://burgues.com/media/catalog/product/t/0/t0021yvo01_0057.jpg;configurable;TEMPORADA;
T0051PIQ62;PoloPique|PremiumCotton;Remeras;Chombas;Vestir;Regular;;100%Algodón;139900;139900;t0051piq62;https://burgues.com/media/catalog/product/t/0/t0051piq62_0406.jpg;configurable;TEMPORADA;
T0051PIQ01;PoloPique|PremiumCotton;Remeras;Chombas;Vestir;Regular;;100%Algodón;139900;139900;t0051piq01;https://burgues.com/media/catalog/product/t/0/t0051piq01_0247.jpg;configurable;TEMPORADA;
T0051PIQ10;PoloPique|PremiumCotton;Remeras;Chombas;Vestir;Regular;;100%Algodón;139900;139900;t0051piq10;https://burgues.com/media/catalog/product/t/0/t0051piq10_0147.jpg;configurable;TEMPORADA;
T0051PIQ35;PoloPique|PremiumCotton;Remeras;Chombas;Vestir;Regular;;100%Algodón;139900;139900;t0051piq35;https://burgues.com/media/catalog/product/t/0/t0051piq35_0162.jpg;configurable;TEMPORADA;
T0021YVO66;RemeraYvon|PimaPeruano;Remeras;Remeras;Vestir;Regular;;100%Algodón;139900;139900;t0021yvo66;https://burgues.com/media/catalog/product/t/0/t0021yvo66_0261.jpg;configurable;TEMPORADA;
T0021YVO19;RemeraYvon|PimaPeruano;Remeras;Remeras;Vestir;Regular;;100%Algodón;139900;139900;t0021yvo19;https://burgues.com/media/catalog/product/t/0/t0021yvo19_0377.jpg;configurable;TEMPORADA;
T0021YVO60;RemeraYvon|PimaPeruano;Remeras;Remeras;Vestir;Regular;;100%Algodón;139900;139900;t0021yvo60;https://burgues.com/media/catalog/product/t/0/t0021yvo60_0493.jpg;configurable;TEMPORADA;
T0021YVO30;RemeraYvon|PimaPeruano;Remeras;Remeras;Vestir;Regular;;100%Algodón;139900;139900;t0021yvo30;https://burgues.com/media/catalog/product/t/0/t0021yvo30_0402.jpg;configurable;TEMPORADA;
C0017LUTN1;CapLutte;Accesorios;Caps;Sport;;;100%Algodón;129900;129900;cap-lutte-n1;https://burgues.com/media/catalog/product/c/o/co017lut-1b.jpg;configurable;TEMPORADA;
C0017LUTN0;CapLutte;Accesorios;Caps;Sport;;;100%Algodón;129900;129900;cap-lutte-n0;https://burgues.com/media/catalog/product/c/0/c0017lut-1.jpg;configurable;TEMPORADA;
C0010PAR10;ParaguasParis;Accesorios;;;;;100%Poliester;129900;129900;c0010par10;https://burgues.com/media/catalog/product/_/l/_lr02365.jpg;configurable;TEMPORADA;
T0051MON21;PoloMonaco;Remeras;Chombas;Vestir;Regular;;100%Algodón;129900;129900;t0051mon21;;configurable;TEMPORADA;
T0051MON01;PoloMonaco;Remeras;Chombas;Vestir;Regular;;100%Algodón;129900;129900;t0051mon01;;configurable;TEMPORADA;
T0051MON10;PoloMonaco;Remeras;Chombas;Vestir;Regular;;100%Algodón;129900;129900;t0051mon10;;configurable;TEMPORADA;
C0012TRE60;CinturonTrenzado;Accesorios;Cinturones;;;;100%CueroVacuno;129900;129900;c0012tre60;https://burgues.com/media/catalog/product/_/l/_lr07473.jpg;configurable;TEMPORADA;
C0012TRE10;CinturonTrenzado;Accesorios;Cinturones;;;;100%CueroVacuno;129900;129900;c0012tre10;https://burgues.com/media/catalog/product/_/l/_lr07468.jpg;configurable;TEMPORADA;
T0021NOR10;RemeraNorth|AlgodónEgipcio;Remeras;Remeras;Vestir;ClassicFit;CuelloRedondo;100%Algodón;119900;119900;t0021nor10;https://burgues.com/media/catalog/product/t/0/t0021nor10_0787.jpg;configurable;TEMPORADA;
T0021NOR21;RemeraNorth|AlgodónEgipcio;Remeras;Remeras;Vestir;ClassicFit;CuelloRedondo;100%Algodón;119900;119900;t0021nor21;https://burgues.com/media/catalog/product/t/0/t0021nor21_0797.jpg;configurable;TEMPORADA;
T0021NOR01;RemeraNorth|AlgodónEgipcio;Remeras;Remeras;Vestir;ClassicFit;CuelloRedondo;100%Algodón;119900;119900;t0021nor01;https://burgues.com/media/catalog/product/t/0/t0021nor01_0732.jpg;configurable;TEMPORADA;
B0076DAM19;TrajedeBañodamien;Trajesdebaño;Trajesdebaño;Sport;ClassicFit;;90%Poliamida-10%Elastano;119900;119900;b0076dam19;https://burgues.com/media/catalog/product/b/0/b0076dam19_1008_1_.jpg;configurable;ARCHIVE;S|M|L|XL|XXL
B0076DAM10;TrajedeBañodamien;Trajesdebaño;Trajesdebaño;Sport;ClassicFit;;90%Poliamida-10%Elastano;119900;119900;b0076dam10;https://burgues.com/media/catalog/product/b/0/b0076dam10_1026_1_.jpg;configurable;ARCHIVE;S|M|L|XL|XXL
B0076DAM60;TrajedeBañoDamien;Trajesdebaño;Trajesdebaño;;ClassicFit;;90%Poliester-10%Elastano;119900;119900;b0076dam60;https://burgues.com/media/catalog/product/b/0/b0076dam60_0985.jpg;configurable;TEMPORADA;
B0076MAR21;TrajedeBañoMare;Trajesdebaño;Trajesdebaño;;ClassicFit;;100%Poliester;119900;119900;b0076mar21;https://burgues.com/media/catalog/product/b/0/b0076mar21_1435.jpg;configurable;TEMPORADA;
B0076OCEA8;TrajedeBañoOceanic;Trajesdebaño;Trajesdebaño;;ClassicFit;;100%Poliester;119900;119900;b0076ocea8;https://burgues.com/media/catalog/product/b/0/b0076ocea8_0935.jpg;configurable;TEMPORADA;
B0076COS21;TrajedeBañoCosmic;Trajesdebaño;Trajesdebaño;;ClassicFit;;100%Poliester;119900;119900;b0076cos21;https://burgues.com/media/catalog/product/b/0/b0076cos21_1231_1.jpg;configurable;TEMPORADA;
B0076DAM21;TrajedeBañodamien;Trajesdebaño;Trajesdebaño;Sport;ClassicFit;;90%Poliamida-10%Elastano;119900;119900;b0076dam21;https://burgues.com/media/catalog/product/b/0/b0076dam21_1054_1_.jpg;configurable;TEMPORADA;
B0076DAM30;TrajedeBañodamien;Trajesdebaño;Trajesdebaño;Sport;ClassicFit;;90%Poliamida-10%Elastano;119900;119900;b0076dam30;https://burgues.com/media/catalog/product/b/0/b0076dam30_0989_1_.jpg;configurable;ARCHIVE;
B0076DAM35;TrajedeBañoDamien;Trajesdebaño;Trajesdebaño;;ClassicFit;;90%Poliester-10%Elastano;119900;119900;b0076dam35;;configurable;TEMPORADA;
C0011DIF10;MoñosDiferenciados;Accesorios;Moños;Vestir;;;;119900;119900;c0011dif10;https://burgues.com/media/catalog/product/c/0/c0011dif-negro-2.jpg;configurable;TEMPORADA;
C0011DIF21;MoñosDiferenciados;Accesorios;Moños;Vestir;;;;119900;119900;c0011dif21;https://burgues.com/media/catalog/product/c/0/c0011dif-azul-2.jpg;configurable;TEMPORADA;
C0011DIF23;MoñosDiferenciados;Accesorios;Moños;Vestir;;;;119900;119900;c0011dif23;https://burgues.com/media/catalog/product/c/0/c0011dif-celeste-2.jpg;configurable;TEMPORADA;
C0011DIF41;MoñosDiferenciados;Accesorios;Moños;Vestir;;;;119900;119900;c0011dif41;;configurable;TEMPORADA;
C0011DIFC1;MoñosDiferenciados;Accesorios;Moños;Vestir;;;;119900;119900;c0011difc1;https://burgues.com/media/catalog/product/c/0/c0011dif-rojo-2.jpg;configurable;TEMPORADA;
T0021HIG01;RemeraHigh|AlgodónEgipcio;Remeras;Remeras;Vestir;Classic;CuelloRedondo;100%AlgodónEgipcio;109900;109900;t0021hig01;https://burgues.com/media/catalog/product/t/0/t0021hig01-5_1.jpg;configurable;TEMPORADA;
T0021HIG10;RemeraHigh|AlgodónEgipcio;Remeras;Remeras;Vestir;Classic;CuelloRedondo;100%AlgodónEgipcio;109900;109900;t0021hig10;https://burgues.com/media/catalog/product/t/0/t0021hig10-5.jpg;configurable;TEMPORADA;
C0013DYL10;TarjeteroDylan;Accesorios;Billeteras;;;;100%CueroVacuno;109900;109900;tarjetero-dylan-10;https://burgues.com/media/catalog/product/c/0/c0013dyl10.jpg;configurable;TEMPORADA;
C0013ADA40;TarjeteroAdam;Accesorios;Billeteras;;;;100%CueroVacuno;109900;109900;tarjetero-adam-40;https://burgues.com/media/catalog/product/c/0/c0013ada40.jpg;configurable;TEMPORADA;
T0021HIG21;RemeraHigh|AlgodónEgipcio;Remeras;Remeras;Vestir;Classic;CuelloRedondo;100%Algodón;109900;109900;t0021hig21;https://burgues.com/media/catalog/product/t/0/t0021hig21-1_2_.jpg;configurable;TEMPORADA;
T0021HIG15;RemeraHigh|AlgodónEgipcio;Remeras;Remeras;Vestir;Classic;CuelloRedondo;100%Algodón;109900;109900;t0021hig15;https://burgues.com/media/catalog/product/t/0/t0021hig15-1.jpg;configurable;TEMPORADA;
C0011PAU40;CorbataPaul;Accesorios;Corbatas;Vestir;;;100%Seda;109900;109900;c0011pau40;https://burgues.com/media/catalog/product/c/0/c0011pau_rojo_1.jpg;configurable;TEMPORADA;
C0011PAU21;CorbataPaul;Accesorios;Corbatas;Vestir;;;100%Poliester;109900;109900;c0011pau21;https://burgues.com/media/catalog/product/c/0/c0011pau_azul_marino_1.jpg;configurable;TEMPORADA;
C0011PAUA5;CorbataPaul;Accesorios;Corbatas;Vestir;;;100%Poliester;109900;109900;c0011paua5;https://burgues.com/media/catalog/product/c/0/c0011pau_nyb_1.jpg;configurable;TEMPORADA;
C0011PRE21;CorbataPret;Accesorios;Corbatas;Vestir;;;40%Microfibra-30%Fibrana-30%Lana;109900;109900;c0011pre21;https://burgues.com/media/catalog/product/c/0/c0011pre_azul_1.jpg;configurable;TEMPORADA;
C0011PRE10;CorbataPret;Accesorios;Corbatas;Vestir;;;40%Microfibra-30%Fibrana-30%Lana;109900;109900;c0011pre10;https://burgues.com/media/catalog/product/c/0/c0011pre10-1.jpg;configurable;TEMPORADA;
C0011PREC1;CorbataPret;Accesorios;Corbatas;Vestir;;;40%Microfibra-30%Fibrana-30%Lana;109900;109900;c0011prec1;https://burgues.com/media/catalog/product/c/0/c0011pre-combinado-3.jpg;configurable;TEMPORADA;
T0021HIG31;RemeraHigh|AlgodónEgipcio;Remeras;Remeras;Vestir;Classic;CuelloRedondo;100%Algodón;109900;109900;t0021hig31;https://burgues.com/media/catalog/product/t/0/t0021hig31_0843.jpg;configurable;TEMPORADA;
T0021HIG60;RemeraHigh|AlgodónEgipcio;Remeras;Remeras;Vestir;Classic;CuelloRedondo;100%Algodón;109900;109900;t0021hig60;https://burgues.com/media/catalog/product/t/0/t0021hig60_0905.jpg;configurable;TEMPORADA;
C0011POR10;CorbataPorter;Accesorios;Corbatas;Vestir;;;;109900;109900;c0011por10;https://burgues.com/media/catalog/product/c/0/c0011por-negro-3.jpg;configurable;TEMPORADA;
C0011POR40;CorbataPorter;Accesorios;Corbatas;Vestir;;;;109900;109900;c0011por40;https://burgues.com/media/catalog/product/c/0/c0011por-rojo-3.jpg;configurable;TEMPORADA;
C0011PAUD4;CorbataPaul;Accesorios;Corbatas;Vestir;;;100%Poliester;109900;109900;c0011paud4;https://burgues.com/media/catalog/product/c/0/c0011pau-byn-3.jpg;configurable;TEMPORADA;
C0011PAUN0;CorbataPaul;Accesorios;Corbatas;Vestir;;;100%Poliester;109900;109900;c0011paun0;https://burgues.com/media/catalog/product/c/0/c0011pau-negro-2.jpg;configurable;TEMPORADA;
C0011PAUA1;CorbataPaul;Accesorios;Corbatas;Vestir;;;100%Poliester;109900;109900;c0011paua1;;configurable;TEMPORADA;
C0011PAUN1;CorbataPaul;Accesorios;Corbatas;Vestir;;;100%Poliester;109900;109900;c0011paun1;https://burgues.com/media/catalog/product/_/l/_lr01778.jpg;configurable;TEMPORADA;
C0013DYL69;TarjeteroDylan;Accesorios;Billeteras;;;;100%CueroVacuno;109900;109900;tarjetero-dylan-69;https://burgues.com/media/catalog/product/c/0/c0013dyl-suela-1.jpg;configurable;TEMPORADA;
C0013ADA69;TarjeteroAdam;Accesorios;Billeteras;;;;100%CueroVacuno;109900;109900;tarjetero-adam-69;https://burgues.com/media/catalog/product/c/0/c0013ada-suela-1.jpg;configurable;TEMPORADA;
C0011PRE40;Corbatapret;Accesorios;Corbatas;;;;40%Microfibra-30%Fibrana-30%Lana;109900;109900;c0011pre40;;configurable;TEMPORADA;
C0011PAU41;CorbataPaul;Accesorios;Corbatas;;;;100%Seda;109900;109900;c0011pau41;https://burgues.com/media/catalog/product/_/l/_lr05953.jpg;configurable;TEMPORADA;
T0021HIG19;RemeraHigh;Remeras;Remeras;;ClassicFit;;100%Algodón;109900;109900;t0021hig19;https://burgues.com/media/catalog/product/t/0/t0021hig19_0209.jpg;configurable;TEMPORADA;
T0021HIG16;RemeraHigh|AlgodónEgipcio;Remeras;Remeras;Vestir;Classic;CuelloRedondo;100%Algodón;109900;109900;t0021hig16;https://burgues.com/media/catalog/product/t/0/t0021hig16_0831.jpg;configurable;TEMPORADA;
T0021HIG28;RemeraHigh|AlgodónEgipcio;Remeras;Remeras;Vestir;ClassicFit;;100%AlgodónEgipcio;109900;109900;t0021hig28;https://burgues.com/media/catalog/product/t/0/t0021hig28_0203.jpg;configurable;TEMPORADA;
C0017BEL10;TiradorBelko;Accesorios;;;;;;99900;99900;c0017bel10;https://burgues.com/media/catalog/product/c/0/c0017bel-2.jpg;configurable;TEMPORADA;
C0010LON10;ParaguasLondon;Accesorios;;;;;100%Poliester;89900;89900;c0010lon10;https://burgues.com/media/catalog/product/r/e/retocar_paraguas_y_camisa._pantalon_arrugasb_es_210212_34285.jpg;configurable;TEMPORADA;
T0021AME10;RemeraAmerica|SupimaCotton;Remeras;Remeras;Vestir;Regular;;100%Algodón;89900;89900;t0021ame10;https://burgues.com/media/catalog/product/t/0/t0021ame10_4.jpg;configurable;TEMPORADA;
T0021AME01;RemeraAmerica|SupimaCotton;Remeras;Remeras;;;;100%Algodón;89900;89900;t0021ame01;https://burgues.com/media/catalog/product/t/0/t0021ame01_1014.jpg;configurable;TEMPORADA;
T0021AME21;RemeraAmerica|SupimaCotton;Remeras;Remeras;Vestir;Regular;;100%Algodón;89900;89900;t0021ame21;https://burgues.com/media/catalog/product/t/0/t0021ame21_4.jpg;configurable;TEMPORADA;
C0017BRE10;LlaveroBredice;Accesorios;Llaveros;;;;100%CueroVacuno;79900;79900;llavero-bredice-10;https://burgues.com/media/catalog/product/c/0/c0017bre10.jpg;configurable;TEMPORADA;
C0017BRE12;LlaveroBredice;Accesorios;Llaveros;;;;100%CueroVacuno;79900;79900;llavero-bredice-12;https://burgues.com/media/catalog/product/c/0/c0017bre12.jpg;configurable;TEMPORADA;
C0017BRE67;LlaveroBredice;Accesorios;Llaveros;;;;100%CueroVacuno;79900;79900;llavero-bredice-67;https://burgues.com/media/catalog/product/c/0/c0017bre67.jpg;configurable;TEMPORADA;
C0013LIV69;LlaveroLivry;Accesorios;Llaveros;;;;100%CueroVacuno;79900;79900;llavero-livry-69;https://burgues.com/media/catalog/product/c/0/c0013liv69.jpg;configurable;TEMPORADA;
C0013LIV10;LlaveroLivry;Accesorios;Llaveros;;;;100%CueroVacuno;79900;79900;llavero-livry-10;https://burgues.com/media/catalog/product/c/0/c0013liv-1.jpg;configurable;TEMPORADA;
C0017BRE69;Llaverobredice;Accesorios;Llaveros;;;;100%CueroVacuno;79900;79900;c0017bre69;https://burgues.com/media/catalog/product/c/0/c0017bre67_2.jpg;configurable;TEMPORADA;
T0022MIE01;MusculosaMarie;Remeras;Musculosas;;SlimFit;;95%Algodón-5%Elastano;79900;79900;t0022mie01;https://burgues.com/media/catalog/product/t/0/t0022mie01_1113.jpg;configurable;TEMPORADA;
T0022MIE10;MusculosaMarie;Remeras;Musculosas;;SlimFit;;95%Algodón-5%Elastano;79900;79900;t0022mie10;https://burgues.com/media/catalog/product/t/0/t0022mie10_1134.jpg;configurable;TEMPORADA;
P0016KEN01;BoxerKenox;Accesorios;Underwear;Sport;SlimFit;;CottonBlend|98%Algodón-2%Elastano;49900;49900;boxer-kenox-1;https://burgues.com/media/catalog/product/p/0/p0016ken01-1.jpg;configurable;TEMPORADA;
P0016TOS01;BoxerToshi;Accesorios;Underwear;Sport;SlimFit;;CottonBlend|98%Algodón-2%Elastano;49900;49900;boxer-toshi-1;https://burgues.com/media/catalog/product/p/0/p0016tos01-1.jpg;configurable;TEMPORADA;
P0016TOS12;BoxerToshi;Accesorios;Underwear;Sport;SlimFit;;CottonBlend|98%Algodón-2%Elastano;49900;49900;boxer-toshi-12;https://burgues.com/media/catalog/product/p/0/p0016tos12-1.jpg;configurable;TEMPORADA;
P0016KEN10;BoxerKenox;Accesorios;Underwear;Sport;SlimFit;;CottonBlend|98%Algodón-2%Elastano;49900;49900;boxer-kenox-10;https://burgues.com/media/catalog/product/p/0/p0016ken10-1.jpg;configurable;TEMPORADA;
P0016TOS10;BoxerToshi;Accesorios;Underwear;Sport;SlimFit;;CottonBlend|98%Algodón-2%Elastano;49900;49900;boxer-toshi-10;https://burgues.com/media/catalog/product/p/0/p0016tos10-1.jpg;configurable;TEMPORADA;
C0015HANC1;PañueloHank;Accesorios;;;;;;49900;49900;c0015hanc1;https://burgues.com/media/catalog/product/c/0/c0015han-rojo-2.jpg;configurable;TEMPORADA;
P0016LOR21;MediasLorenzo;Accesorios;Medias;Vestir;;;CottonBlend|97%Algodón-3%Elastano;29900;29900;medias-lorenzo;https://burgues.com/media/catalog/product/p/0/p0018lor21-1.jpg;configurable;TEMPORADA;
P0016LOR41;MediasLorenzo;Accesorios;Medias;Vestir;;;CottonBlend|79%Algodón-29%Elastano;29900;29900;medias-lorenzo-41;https://burgues.com/media/catalog/product/m/e/medias_lorenzo_bordo_1_.jpg;configurable;TEMPORADA;
P0016LOR10;MediasLorenzo;Accesorios;Medias;Vestir;;;CottonBlend|79%Algodón-29%Elastano;29900;29900;medias-lorenzo-10;https://burgues.com/media/catalog/product/p/0/p0018lor10-1.jpg;configurable;TEMPORADA;
P0016DON10;MediaDonatello;Accesorios;Medias;Vestir;;;CottonBlend|85%Algodón-10%Poliamida–5%Elastano;29900;29900;p0016don10;https://burgues.com/media/catalog/product/_/l/_lr02309.jpg;configurable;TEMPORADA;
P0016DON21;MediaDonatello;Accesorios;Medias;Vestir;;;CottonBlend|85%Algodón-10%Poliamida–5%Elastano;29900;29900;p0016don21;https://burgues.com/media/catalog/product/_/l/_lr02312_1_.jpg;configurable;TEMPORADA;
P0016DON41;MediaDonatello;Accesorios;Medias;Vestir;;;CottonBlend|85%Algodón-10%Poliamida–5%Elastano;29900;29900;p0016don41;https://burgues.com/media/catalog/product/_/l/_lr02303.jpg;configurable;TEMPORADA;
C0016MIC21;MediasMichelangelo;Accesorios;Medias;Vestir;;;CottonBlend|90%Algodón-10%Elastano;29900;29900;c0016mic21;https://burgues.com/media/catalog/product/_/l/_lr02306.jpg;configurable;TEMPORADA;
C0016MIC10;MediasMichelangelo;Accesorios;Medias;;;;;29900;29900;c0016mic10;https://burgues.com/media/catalog/product/_/l/_lr01844.jpg;configurable;TEMPORADA;
P0016MAR21;MediasMarzano;Accesorios;Medias;Vestir;;;CottonBlend|85%Algodón-10%Poliamida–5%Elastano;25900;25900;medias-marzano-21;https://burgues.com/media/catalog/product/p/o/po016mar_azul_1.jpg;configurable;TEMPORADA;
P0016FIN21;MediasFinelli;Accesorios;Medias;Vestir;;;CottonBlend|85%Algodón-10%Poliamida–5%Elastano;25900;25900;medias-finelli-21;https://burgues.com/media/catalog/product/p/0/p0018fin_azul_1.jpg;configurable;TEMPORADA;
P0016MAR10;MediasMarzano;Accesorios;Medias;Vestir;;;CottonBlend|85%Algodón-10%Poliamida–5%Elastano;25900;25900;medias-marzano-10;https://burgues.com/media/catalog/product/p/0/p0016mar_negro_1.jpg;configurable;TEMPORADA;
P0016FIN10;MediasFinelli;Accesorios;Medias;Vestir;;;CottonBlend|85%Algodón-10%Poliamida–5%Elastano;25900;25900;medias-finelli-10;https://burgues.com/media/catalog/product/p/0/p0018fin_negro_1.jpg;configurable;TEMPORADA;
C0016ALF12;Mediasalfano;Accesorios;Medias;;;;;25900;25900;c0016alf12;https://burgues.com/media/catalog/product/c/0/c0016alf-gris-2.jpg;configurable;TEMPORADA;
C0016ALF01;Mediasalfano;Accesorios;Medias;;;;;25900;25900;c0016alf01;https://burgues.com/media/catalog/product/c/0/c0016alf-blanco-2.jpg;configurable;TEMPORADA;
C0016ALF10;Mediaalfano;Accesorios;Medias;;;;85%Algodón-10%Poliamida-5%Elastano;25900;25900;c0016alf10;;configurable;TEMPORADA;
1L0017ARR81;Pinarrowplata;Accesorios;;;;;;14900;14900;1l0017arr81;https://burgues.com/media/catalog/product/1/l/1l0017arr81_3_.jpg;configurable;LINEA;
1L0017CAR81;Pincar;Accesorios;;;;;;14900;14900;1l0017car81;https://burgues.com/media/catalog/product/1/l/1l0017car81_3_.jpg;configurable;LINEA;
L0016STR12;MediaStripe;Accesorios;Medias;Vestir;;;CottonBlend|79%Algodón-29%Elastano;20000;12900;l0016str12;https://burgues.com/media/catalog/product/_/l/_lr00217-2.jpg;configurable;ARCHIVE;
L0016STR10;MediaStripe;Accesorios;Medias;Vestir;;;CottonBlend|79%Algodón-29%Elastano;20000;12900;l0016str10;https://burgues.com/media/catalog/product/_/l/_lr00215-2.jpg;configurable;ARCHIVE;
L0016STR21;MediaStripe;Accesorios;Medias;Vestir;;;CottonBlend|79%Algodón-29%Elastano;20000;12900;l0016str21;https://burgues.com/media/catalog/product/_/l/_lr00213-2.jpg;configurable;ARCHIVE;
L0016KIN01;CalzoncillolargoKint;Underwear;Pantalones;Sport;SlimFit;;CottonBlend|98%Algodón-2%Elastano;35000;20000;l0016kin01;https://burgues.com/media/catalog/product/l/0/l0016kin01.jpg;configurable;ARCHIVE;
P0016TAI01;SlipTai;Underwear;;;;;CottonBlend|98%Algodón-2%Spandex;40000;21900;p0016tai01;https://burgues.com/media/catalog/product/p/0/p0016tai01_2.jpg;configurable;ARCHIVE;M|L|XL
T0021TOR01;RemeraToronto;Remeras;Remeras;Vestir;Classic;CuelloRedondo;100%Algodón;70000;49900;t0021tor01;https://burgues.com/media/catalog/product/t/0/t0021tor01-1_1_.jpg;configurable;ARCHIVE;XS|S
T0041CAR10;SweaterCarmelo;Sweaters;Sweaters;Sport;ClassicFit;;CottonBlend|95%Algodón-5%Elastano;199900;179900;t0041car10;https://burgues.com/media/catalog/product/t/0/t0041car10_1.jpg;configurable;LINEA;
T0041CAR21;SweaterCarmelo;Sweaters;Sweaters;Sport;ClassicFit;;CottonBlend|95%Algodón-5%Elastano;199900;179900;t0041car21;https://burgues.com/media/catalog/product/t/0/t0041car21_1.jpg;configurable;LINEA;
T0041CAR11;SweaterCarmelo;Sweaters;Sweaters;Sport;ClassicFit;;CottonBlend|95%Algodón-5%Elastano;199900;179900;t0041car11;https://burgues.com/media/catalog/product/t/0/t0041car11_1.jpg;configurable;LINEA;
C0015MUN21;BufandaMunch;Accesorios;;;;;100%Lana;119900;99900;c0015mun21;https://burgues.com/media/catalog/product/_/l/_lr05962.jpg;configurable;LINEA;
C0015MUN63;BufandaMunch;Accesorios;;;;;100%Lana;119900;99900;c0015mun63;https://burgues.com/media/catalog/product/_/l/_lr05958.jpg;configurable;LINEA;
C0015MUN10;BufandaMunch;Accesorios;;;;;100%Lana;119900;99900;c0015mun10;https://burgues.com/media/catalog/product/_/l/_lr05966.jpg;configurable;LINEA;
C0015MUN36;BufandaMunch;Accesorios;;;;;100%Lana;119900;99900;c0015mun36;https://burgues.com/media/catalog/product/_/l/_lr05970.jpg;configurable;LINEA;
C0015MUN19;BufandaMunch;Accesorios;;;;;100%Lana;119900;99900;c0015mun19;https://burgues.com/media/catalog/product/_/l/_lr05978.jpg;configurable;LINEA;
C0015MUN61;BufandaMunch;Accesorios;;;;;100%Lana;119900;99900;c0015mun61;https://burgues.com/media/catalog/product/_/l/_lr05974.jpg;configurable;LINEA;
C0015EGO61;BufandaEgon;Accesorios;;;;;80%Viscosa-10%Poliester-10%Poliamida;119900;99900;c0015ego61;;configurable;LINEA;
C0015EGO11;BufandaEgon;Accesorios;;;;;80%Viscosa-10%Poliester-10%Poliamida;119900;99900;c0015ego11;;configurable;LINEA;
C0015EGO10;BufandaEgon;Accesorios;;;;;80%Viscosa-10%Poliester-10%Poliamida;119900;99900;c0015ego10;;configurable;LINEA;
C0015FOR40;BufandaForner;Accesorios;;;;;100%Acrilico;119900;99900;c0015for40;;configurable;LINEA;
T0021TOR10;RemeraToronto;Remeras;Remeras;Vestir;Classic;CuelloRedondo;100%Algodón;70000;49900;t0021tor10;https://burgues.com/media/catalog/product/t/0/t0021tor10-4.jpg;configurable;ARCHIVE;S
T0021TOR11;RemeraToronto;Remeras;Remeras;Vestir;Classic;CuelloRedondo;100%Algodón;70000;49900;t0021tor11;https://burgues.com/media/catalog/product/t/0/t0021tor11-1.jpg;configurable;ARCHIVE;
T0021TOR21;RemeraToronto;Remeras;Remeras;Vestir;Classic;CuelloRedondo;100%Algodón;70000;49900;t0021tor21;https://burgues.com/media/catalog/product/t/0/t0021tor21.jpg;configurable;ARCHIVE;
L0052VERC1;CamisaVermer;Camisas;Camisas;Vestir;ClassicFit;CuelloCutaway;100%Lino;125000;99900;l0052verc1;https://burgues.com/media/catalog/product/l/0/l0052verc1.jpg;configurable;ARCHIVE;
I2217TEN40;GorroTen;Accesorios;Gorros;Sport;;;100%Lana;70000;44900;i2217ten40;https://burgues.com/media/catalog/product/i/2/i2217ten40.jpg;configurable;ARCHIVE;TU
I2217LOR61;GorroLorenzo;Accesorios;Gorros;Sport;;;100%Lana;70000;44900;i2217lor61;https://burgues.com/media/catalog/product/i/2/i2217lor61.jpg;configurable;ARCHIVE;
I2217LOR21;GorroLorenzo;Accesorios;Gorros;Sport;;;100%Lana;70000;44900;i2217lor21;https://burgues.com/media/catalog/product/i/2/i2217lor21.jpg;configurable;ARCHIVE;
I2217LOR12;GorroLorenzo;Accesorios;Gorros;Sport;;;100%Lana;70000;44900;i2217lor12;https://burgues.com/media/catalog/product/i/2/i2217lor12.jpg;configurable;ARCHIVE;
I1717ELE40;GorroEleven;Accesorios;Gorros;Sport;;;100%Lana;70000;44900;i1717ele40;https://burgues.com/media/catalog/product/i/1/i1717ele40.jpg;configurable;ARCHIVE;
I2217LOR08;GorroLorenzo;Accesorios;Gorros;Sport;;;100%Lana;70000;44900;i2217lor08;https://burgues.com/media/catalog/product/i/2/i2217lor08.jpg;configurable;ARCHIVE;
T0021HIG3G;RemeraHigh|AlgodónEgipcio;Remeras;Remeras;Vestir;ClassicFit;;100%AlgodónEgipcio;109900;79900;t0021hig3g;https://burgues.com/media/catalog/product/t/0/t0021hig3g_0406.jpg;configurable;ARCHIVE;S|XXL|3XL
I2052TOUC1;CamisaToulouse;Camisas;Camisas;Vestir;SlimFit;CuelloCutaway;100%Algodón;100000;69900;i2052touc1;https://burgues.com/media/catalog/product/i/2/i2052touc1-1.jpg;configurable;ARCHIVE;XS|S|M
I2241SOF61;SweaterSoft;Sweaters;Sweaters;Vestir;SlimFit;CuelloRedondo;WoolBlend|50%Lana-50%Acrilico;100000;69900;i2241sof61;https://burgues.com/media/catalog/product/i/2/i2241sof61-1_1.jpg;configurable;ARCHIVE;
I2241SOF21;SweaterSoft;Sweaters;Sweaters;Vestir;SlimFit;CuelloRedondo;WoolBlend|50%Lana-50%Acrilico;100000;69900;i2241sof21;https://burgues.com/media/catalog/product/i/2/i2241sof21.jpg;configurable;ARCHIVE;
I2152CLAC1;CamisaClair;Camisas;Camisas;Vestir;SlimFit;CuelloCutaway;100%Algodón;100000;69900;i2152clac1;https://burgues.com/media/catalog/product/i/2/i2152clac1.jpg;configurable;ARCHIVE;S
I2052CHA01;CamisaChad;Camisas;Camisas;Vestir;SlimFit;CuelloIngles;100%Algodón;100000;69900;i2052cha01;https://burgues.com/media/catalog/product/i/2/i2052cha01.jpg;configurable;ARCHIVE;
I1952CHIC1;CamisaChief;Camisas;Camisas;Vestir;SlimFit;CuelloCutaway;100%Algodón;100000;69900;i1952chic1;https://burgues.com/media/catalog/product/i/1/i1952chic1-1.jpg;configurable;ARCHIVE;
V1953AUR21;CamisaAurora;Camisas;Camisas;Vestir;SlimFit;CuelloItaliano;100%Algodón;100000;69900;v1953aur21;https://burgues.com/media/catalog/product/v/1/v1953aur21.jpg;configurable;ARCHIVE;
C0018VIN21;GorroVinci;Accesorios;Gorros;Sport;;;100%Lana;70000;39900;gorro-vinci-21;https://burgues.com/media/catalog/product/_/l/_lr02315.jpg;configurable;ARCHIVE;
C0018VIN61;GorroVinci;Accesorios;Gorros;Sport;;;100%Lana;70000;39900;gorro-vinci-61;https://burgues.com/media/catalog/product/_/l/_lr02328.jpg;configurable;ARCHIVE;
C0018VIN08;GorroVinci;Accesorios;Gorros;Sport;;;100%Lana;70000;39900;gorro-vinci-8;https://burgues.com/media/catalog/product/c/0/c0018vin08-1.jpg;configurable;ARCHIVE;
C0018VIN10;GorroVinci;Accesorios;Gorros;Sport;;;100%Lana;70000;39900;gorro-vinci-10;https://burgues.com/media/catalog/product/_/l/_lr02323.jpg;configurable;ARCHIVE;
C0018VIN30;GorroVinci;Accesorios;Gorros;Sport;;;100%Lana;70000;39900;gorro-vinci-30;https://burgues.com/media/catalog/product/_/l/_lr02332.jpg;configurable;ARCHIVE;TU
C0013HAR10;TarjeteroHarrison;Accesorios;Billeteras;;;;;99900;65000;c0013har10;https://burgues.com/media/catalog/product/c/0/c0013har-1.jpg;configurable;ARCHIVE;
I2073LOS62;PantalónLosca;Pantalones;Pantalones;Vestir;SlimFit;;CottonBlend|98%Algodón-2%Elastano;100000;65000;i2073los62;https://burgues.com/media/catalog/product/i/2/i2073los62.jpg;configurable;ARCHIVE;
I2073LOS21;PantalónLosca;Pantalones;Pantalones;Vestir;SlimFit;;CottonBlend|98%Algodón-2%Elastano;100000;65000;i2073los21;https://burgues.com/media/catalog/product/i/2/i2073los21.jpg;configurable;ARCHIVE;
I2073LOS30;PantalónLosca;Pantalones;Pantalones;Vestir;SlimFit;;CottonBlend|98%Algodón-2%Elastano;100000;65000;i2073los30;https://burgues.com/media/catalog/product/i/2/i2073los30-1.jpg;configurable;ARCHIVE;
T0021BER01;RemeraBern;Remeras;Remeras;Sport;Classic;CuelloRedondo;100%Algodón;70000;34900;t0021ber01;https://burgues.com/media/catalog/product/t/0/t0021ber01-5.jpg;configurable;ARCHIVE;
T0021BER10;RemeraBern;Remeras;Remeras;Sport;Classic;CuelloRedondo;100%Algodón;70000;34900;t0021ber10;https://burgues.com/media/catalog/product/t/0/t0021ber10-1.jpg;configurable;ARCHIVE;
T0021ERM10;RemeraErme;Remeras;Remeras;Sport;Classic;CuelloRedondo;100%Algodón;70000;34900;t0021erm10;https://burgues.com/media/catalog/product/t/0/t0021erm10-5_1_.jpg;configurable;ARCHIVE;XS|S|L
T0021ERM01;RemeraErme;Remeras;Remeras;Sport;Classic;CuelloRedondo;100%Algodón;70000;34900;t0021erm01;https://burgues.com/media/catalog/product/t/0/t0021erm01-5.jpg;configurable;ARCHIVE;
T0021STU10;RemeraStudio;Remeras;Remeras;Sport;Classic;CuelloRedondo;100%Algodón;70000;34900;t0021stu10;https://burgues.com/media/catalog/product/t/0/t0021stu10-1.jpg;configurable;ARCHIVE;XS|S|XL
T0021LIM10;RemeraLimited;Remeras;Remeras;Sport;Classic;CuelloRedondo;100%Algodón;70000;34900;t0021lim10;https://burgues.com/media/catalog/product/t/0/t0021lim10.jpg;configurable;ARCHIVE;XS|S
V2321ICOD1;RemeraIconic;Remeras;Remeras;Sport;Classic;CuelloRedondo;100%Algodón;70000;34900;v2321icod1;https://burgues.com/media/catalog/product/v/2/v2321icod1.jpg;configurable;ARCHIVE;XS
T0021BIA10;RemeraBiarritz;Remeras;Remeras;Sport;Classic;CuelloRedondo;100%Algodón;70000;34900;t0021bia10;https://burgues.com/media/catalog/product/t/0/t0021bia10-1.jpg;configurable;ARCHIVE;XS|S|M|XL
T0021ICO10;RemeraIconic;Remeras;Remeras;Sport;Classic;CuelloRedondo;100%Algodón;70000;34900;t0021ico10;https://burgues.com/media/catalog/product/_/l/_lr04661.jpg;configurable;ARCHIVE;XS|M
T0021BOS10;RemeraBoston;Remeras;Remeras;Sport;Classic;CuelloRedondo;100%Algodón;70000;34900;t0021bos10;https://burgues.com/media/catalog/product/t/0/t0021bos10-1.jpg;configurable;ARCHIVE;
T0021BOS21;RemeraBoston;Remeras;Remeras;Sport;Classic;CuelloRedondo;100%Algodón;70000;34900;t0021bos21;https://burgues.com/media/catalog/product/t/0/t0021bos21-1.jpg;configurable;ARCHIVE;
V2321ICO36;RemeraIconic;Remeras;Remeras;Sport;Classic;CuelloRedondo;100%Algodón;70000;34900;v2321ico36;https://burgues.com/media/catalog/product/v/2/v2321ico36-1.jpg;configurable;ARCHIVE;XS
V2321PAR01;RemeraParis;Remeras;Remeras;Sport;Classic;CuelloRedondo;100%Algodón;70000;34900;v2321par01;https://burgues.com/media/catalog/product/v/2/v2321par01-1.jpg;configurable;ARCHIVE;XS|S|M|L
T0021STU01;RemeraStudio;Remeras;Remeras;Sport;Classic;CuelloRedondo;100%Algodón;70000;34900;t0021stu01;https://burgues.com/media/catalog/product/t/0/t0021stu01.jpg;configurable;ARCHIVE;XS|S|M
T0021BIA01;RemeraBiarritz;Remeras;Remeras;Sport;Classic;CuelloRedondo;100%Algodón;70000;34900;t0021bia01;https://burgues.com/media/catalog/product/t/0/t0021bia01-1_1.jpg;configurable;ARCHIVE;XS|S|L|XL
T0021LIM01;RemeraLimited;Remeras;Remeras;Sport;Classic;CuelloRedondo;100%Algodón;70000;34900;t0021lim01;https://burgues.com/media/catalog/product/t/0/t0021lim01-1.jpg;configurable;ARCHIVE;XS|S
T0021ICO01;RemeraIconic;Remeras;Remeras;Sport;Classic;CuelloRedondo;100%Algodón;70000;34900;t0021ico01;https://burgues.com/media/catalog/product/_/l/_lr04822.jpg;configurable;ARCHIVE;XS|S|M|L|XL
T0021BOS01;RemeraBoston;Remeras;Remeras;Sport;Classic;CuelloRedondo;100%Algodón;70000;34900;t0021bos01;https://burgues.com/media/catalog/product/t/0/t0021bos01-1.jpg;configurable;ARCHIVE;
V2321ICOD2;RemeraIconic;Remeras;Remeras;Sport;Classic;CuelloRedondo;100%Algodón;70000;34900;v2321icod2;https://burgues.com/media/catalog/product/v/2/v2321icod2-1.jpg;configurable;ARCHIVE;XS|S|L
V2321PARN1;RemeraParis;Remeras;Remeras;Sport;Classic;CuelloRedondo;100%Algodón;70000;34900;v2321parn1;https://burgues.com/media/catalog/product/v/2/v2321parn1-1.jpg;configurable;ARCHIVE;XS|S
V2321ICON2;RemeraIconic;Remeras;Remeras;Sport;Classic;CuelloRedondo;100%Algodón;70000;34900;v2321icon2;https://burgues.com/media/catalog/product/v/2/v2321icon2.jpg;configurable;ARCHIVE;XS|S|M
L0021ICO21;RemeraIconic;Remeras;Remeras;Sport;Classic;CuelloRedondo;100%Algodón;70000;34900;l0021ico21;https://burgues.com/media/catalog/product/l/0/l0021ico21.jpg;configurable;ARCHIVE;
L0021KEN01;RemeraKendall;Remeras;Remeras;Vestir;Classic;CuelloRedondo;100%Algodón;70000;34900;l0021ken01;https://burgues.com/media/catalog/product/l/0/l0021ken01-1.jpg;configurable;ARCHIVE;
T0021BIA02;RemeraBiarritz;Remeras;Remeras;Sport;Classic;CuelloRedondo;100%Algodón;70000;34900;t0021bia02;https://burgues.com/media/catalog/product/t/0/t0021bia02.jpg;configurable;ARCHIVE;
T0021STU13;RemeraStudio;Remeras;Remeras;Sport;Classic;CuelloRedondo;100%Algodón;70000;34900;t0021stu13;https://burgues.com/media/catalog/product/t/0/t0021stu13.jpg;configurable;ARCHIVE;
T0021ERM44;RemeraErme;Remeras;Remeras;Sport;Classic;CuelloRedondo;100%Algodón;70000;34900;t0021erm44;https://burgues.com/media/catalog/product/t/0/t0021erm44.jpg;configurable;ARCHIVE;XS|S
T0021ERM13;RemeraErme;Remeras;Remeras;Sport;Classic;CuelloRedondo;100%Algodón;70000;34900;t0021erm13;https://burgues.com/media/catalog/product/t/0/t0021erm13.jpg;configurable;ARCHIVE;XS|S|M
L0021ICO12;RemeraIconic;Remeras;Remeras;Sport;SlimFit;CuelloRedondo;100%Algodón;70000;34900;l0021ico12;https://burgues.com/media/catalog/product/l/0/l0021ico12-2.jpg;configurable;ARCHIVE;
I2121ICO02;RemeraIconic;Remeras;Remeras;Sport;SlimFit;;100%Algodón;70000;34900;i2121ico02;https://burgues.com/media/catalog/product/i/2/i2121ico02-2.jpg;configurable;ARCHIVE;
Z0021DAZ01;RemeraDazur;Remeras;Remeras;Sport;ClassicFit;;100%Algodón;70000;34900;z0021daz01;https://burgues.com/media/catalog/product/z/0/z0021daz-remera-dazur-blanco-1.jpg;configurable;ARCHIVE;S|M|L|XL|XXL
Z0021DAZ28;RemeraDazur;Remeras;Remeras;Sport;ClassicFit;;100%Algodón;70000;34900;z0021daz28;https://burgues.com/media/catalog/product/z/0/z0021daz-remera-dazur-aero-1.jpg;configurable;ARCHIVE;
Z0021DAZ21;RemeraDazur;Remeras;Remeras;Sport;ClassicFit;;100%Algodón;70000;34900;z0021daz21;https://burgues.com/media/catalog/product/z/0/z0021daz-remera-dazur-azul-1.jpg;configurable;ARCHIVE;S|M
Z0021BIA01;RemeraBiarritz;Remeras;Remeras;Sport;ClassicFit;;100%Algodón;70000;34900;z0021bia01;https://burgues.com/media/catalog/product/z/0/z0021bia-biarritz-blanco-1.jpg;configurable;ARCHIVE;S|M|L|XL|XXL
Z0021BIA10;RemeraBiarritz;Remeras;Remeras;Sport;ClassicFit;;100%Algodón;70000;34900;z0021bia10;https://burgues.com/media/catalog/product/z/0/z0021bia-biarritz-negro-1.jpg;configurable;ARCHIVE;S|M|L
Z0021BIA21;RemeraBiarritz;Remeras;Remeras;Sport;ClassicFit;;100%Algodón;70000;34900;z0021bia21;https://burgues.com/media/catalog/product/z/0/z0021bia-biarritz-azul-1.jpg;configurable;ARCHIVE;S|M|L
Z0021CON10;RemeraConnor;Remeras;Remeras;Sport;ClassicFit;;100%Algodón;70000;34900;z0021con10;https://burgues.com/media/catalog/product/z/0/z0021con-connor-negro-1.jpg;configurable;ARCHIVE;
Z0021CON01;RemeraConnor;Remeras;Remeras;Sport;ClassicFit;;100%Algodón;70000;34900;z0021con01;https://burgues.com/media/catalog/product/z/0/z0021con-connor-blanco-1.jpg;configurable;ARCHIVE;
Z0021CON21;RemeraConnor;Remeras;Remeras;Sport;ClassicFit;;100%Algodón;70000;34900;z0021con21;https://burgues.com/media/catalog/product/z/0/z0021con-connor-azul-1.jpg;configurable;ARCHIVE;
Z0021ERM01;RemeraErme;Remeras;Remeras;Sport;ClassicFit;;100%Algodón;70000;34900;z0021erm01;https://burgues.com/media/catalog/product/z/0/z0021erm-erme-blanco-1.jpg;configurable;ARCHIVE;S|XXL
Z0021ERM10;RemeraErme;Remeras;Remeras;Sport;ClassicFit;;100%Algodón;70000;34900;z0021erm10;https://burgues.com/media/catalog/product/z/0/z0021erm-remera-erme-negro-1.jpg;configurable;ARCHIVE;
Z0021ERM21;RemeraErme;Remeras;Remeras;Sport;ClassicFit;;100%Algodón;70000;34900;z0021erm21;https://burgues.com/media/catalog/product/z/0/z0021erm-erme-azul-1.jpg;configurable;ARCHIVE;S|M
T0052BELD5;CamisaBélgica|PuroLino;Camisas;Camisas;Vestir;;;100%Lino;239900;199900;t0052beld5;https://burgues.com/media/catalog/product/t/0/t0052beld5_1090.jpg;configurable;ARCHIVE;XS|S|XL|XXL|3XL
T0052BELD1;CamisaBélgica|PuroLino;Camisas;Camisas;Vestir;;;100%Lino;239900;199900;t0052beld1;https://burgues.com/media/catalog/product/t/0/t0052beld1_0770.jpg;configurable;ARCHIVE;
T0052BELD7;CamisaBélgica|PuroLino;Camisas;Camisas;Vestir;;;100%Lino;239900;199900;t0052beld7;https://burgues.com/media/catalog/product/t/0/t0052beld7_1032.jpg;configurable;ARCHIVE;XS|M|L|XL|XXL
I2064GEMC1;CamperaGem;Abrigos;Camperas;Vestir;Regular;;100%Algodón;200000;160000;i2064gemc1;https://burgues.com/media/catalog/product/i/2/i2064gemc1.jpg;configurable;ARCHIVE;
V2273TUL30;PantalónTulum;Pantalones;Pantalones;Vestir;SlimFit;;100%Lino;115000;75000;v2273tul30;https://burgues.com/media/catalog/product/v/2/v2273tul30.jpg;configurable;ARCHIVE;
V2273TUL10;PantalónTulum;Pantalones;Pantalones;Vestir;SlimFit;;100%Lino;115000;75000;v2273tul10;https://burgues.com/media/catalog/product/v/2/v2273tul10.jpg;configurable;ARCHIVE;
V2273TUL21;PantalónTulum;Pantalones;Pantalones;Vestir;SlimFit;;100%Lino;115000;75000;v2273tul21;https://burgues.com/media/catalog/product/v/2/v2273tul21.jpg;configurable;ARCHIVE;
B0076MAG15;TrajedeBañoMagie;Trajesdebaño;Trajesdebaño;Sport;ClassicFit;;100%Poliamida;109900;69900;b0076mag15;https://burgues.com/media/catalog/product/b/0/b0076mag15_1313.jpg;configurable;ARCHIVE;S|M|L|XL|XXL
B0076MAG35;TrajedeBañoMagie;Trajesdebaño;Trajesdebaño;Sport;ClassicFit;;100%Poliamida;109900;69900;b0076mag35;https://burgues.com/media/catalog/product/b/0/b0076mag35_1065.jpg;configurable;ARCHIVE;S|L|XXL
S0097ROM10;SandaliaRoman;Shoes;Sandalias;Sport;;;100%CueroVacuno;99000;59000;s0097rom10;https://burgues.com/media/catalog/product/_/l/_lr04971.jpg;configurable;ARCHIVE;
S0097ROM69;SandaliaRoman;Shoes;Sandalias;Sport;;;100%CueroVacuno;99000;59000;s0097rom69;https://burgues.com/media/catalog/product/s/0/s0097rom69.jpg;configurable;ARCHIVE;
V2297DOR10;SandaliaDort;Shoes;Sandalias;Sport;;;100%CueroVacuno;99000;59000;v2297dor10;https://burgues.com/media/catalog/product/v/2/v2297dor10.jpg;configurable;ARCHIVE;
T0021BAS10;RemeraBasic|PimaPeruano;Remeras;Remeras;Vestir;Classic;CuelloRedondo;100%Algodón;89900;49900;t0021bas10;https://burgues.com/media/catalog/product/t/0/t0021bas10-5.jpg;configurable;ARCHIVE;XS
T0021BAS11;RemeraBasic|PimaPeruano;Remeras;Remeras;Vestir;Classic;CuelloRedondo;100%Algodón;89900;49900;t0021bas11;https://burgues.com/media/catalog/product/t/0/t0021bas11-1_1_.jpg;configurable;ARCHIVE;
T0021BAS12;RemeraBasicPimaPeruano;Remeras;Remeras;Vestir;Classic;CuelloRedondo;CottonBlend|50%Algodón-50%Poliéster;89900;49900;t0021bas12;https://burgues.com/media/catalog/product/t/0/t0021bas12_0085.jpg;configurable;ARCHIVE;XS|S|M|XL|XXL
T0021BAS21;RemeraBasicPimaPeruano;Remeras;Remeras;Vestir;Classic;CuelloRedondo;100%Algodón;89900;49900;t0021bas21;https://burgues.com/media/catalog/product/t/0/t0021bas21-1.jpg;configurable;ARCHIVE;
T0021BAS01;RemeraBasicPimaPeruano;Remeras;Remeras;Vestir;Classic;CuelloRedondo;100%Algodón;89900;49900;t0021bas01;https://burgues.com/media/catalog/product/t/0/t0021bas01-1_1_.jpg;configurable;ARCHIVE;XXL
L0021BAS63;RemeraBasic;Remeras;Remeras;Vestir;Classic;CuelloRedondo;100%Algodón;89900;49900;l0021bas63;https://burgues.com/media/catalog/product/l/0/l0021bas63.jpg;configurable;ARCHIVE;
T0021BAS36;RemeraBasicPimaPeruano;Remeras;Remeras;Vestir;Classic;CuelloRedondo;100%Algodón;89900;49900;t0021bas36;https://burgues.com/media/catalog/product/t/0/t0021bas36-1_1.jpg;configurable;ARCHIVE;XS|XL
T0021BAS67;RemeraBasicPimaPeruano;Remeras;Remeras;Vestir;Classic;CuelloRedondo;100%Algodón;89900;49900;t0021bas67;https://burgues.com/media/catalog/product/t/0/t0021bas67_0418.jpg;configurable;ARCHIVE;
L0021BAS35;RemeraBasic;Remeras;Remeras;Vestir;Classic;CuelloRedondo;100%Algodón;89900;49900;l0021bas35;https://burgues.com/media/catalog/product/l/0/l0021bas35-1.jpg;configurable;ARCHIVE;
L0021BAS61;RemeraBasic;Remeras;Remeras;Vestir;Classic;CuelloRedondo;100%Algodón;89900;49900;l0021bas61;https://burgues.com/media/catalog/product/l/0/l0021bas61.jpg;configurable;ARCHIVE;
T0021BAS19;RemeraBasicPimaPeruano;Remeras;Remeras;Vestir;Classic;CuelloRedondo;CottonBlend|50%Algodón-50%Poliéster;89900;49900;t0021bas19;https://burgues.com/media/catalog/product/t/0/t0021bas19-4.jpg;configurable;ARCHIVE;
T0021BAS02;RemeraBasicPimaPeruano;Remeras;Remeras;Vestir;Classic;CuelloRedondo;100%Algodón;89900;49900;t0021bas02;https://burgues.com/media/catalog/product/t/0/t0021bas02-1.jpg;configurable;ARCHIVE;
T0021COF01;RemeraCoffeeShop;Remeras;Remeras;Sport;Classic;CuelloRedondo;100%Algodón;70000;29900;t0021cof01;https://burgues.com/media/catalog/product/t/0/t0021cof3c-5_1_.jpg;configurable;ARCHIVE;
T0021COF3C;RemeraCoffeeShop;Remeras;Remeras;Sport;Classic;CuelloRedondo;100%Algodón;70000;29900;t0021cof3c;https://burgues.com/media/catalog/product/t/0/t0021cof3c-5.jpg;configurable;ARCHIVE;
T0021POC10;RemeraPocket;Remeras;Remeras;Vestir;Classic;CuelloRedondo;100%Algodón;70000;29900;t0021poc10;https://burgues.com/media/catalog/product/t/0/t0021poc10-1.jpg;configurable;ARCHIVE;XS|S|M|L|XXL
T0021VER10;RemeraVert;Remeras;Remeras;Sport;Classic;CuelloRedondo;100%Algodón;70000;29900;t0021ver10;https://burgues.com/media/catalog/product/t/0/t0021ver10-1.jpg;configurable;ARCHIVE;XS|S|M|XL
T0021PIQ10;RemeraPique;Remeras;Remeras;Sport;Classic;CuelloRedondo;100%Algodón;70000;29900;t0021piq10;https://burgues.com/media/catalog/product/t/0/t0021piq10-1.jpg;configurable;ARCHIVE;S|M|XL
T0021MUS10;RemeraMusique;Remeras;Remeras;Sport;Classic;CuelloRedondo;100%Algodón;70000;29900;t0021mus10;https://burgues.com/media/catalog/product/t/0/t0021mus10.jpg;configurable;ARCHIVE;XS|S|L
V2321FRA10;RemeraFrance;Remeras;Remeras;Sport;Classic;CuelloRedondo;100%Algodón;70000;29900;v2321fra10;https://burgues.com/media/catalog/product/v/2/v2321fra10.jpg;configurable;ARCHIVE;XS|S
T0021WOR10;RemeraWord;Remeras;Remeras;Sport;Classic;CuelloRedondo;100%Algodón;70000;29900;t0021wor10;https://burgues.com/media/catalog/product/t/0/t0021wor10-1_1.jpg;configurable;ARCHIVE;XS|S
I2221ROC10;RemeraRocco;Remeras;Remeras;Sport;Classic;CuelloRedondo;100%Algodón;70000;29900;i2221roc10;https://burgues.com/media/catalog/product/i/2/i2221roc10.jpg;configurable;ARCHIVE;XS|M
V2321ROC11;RemeraRocco;Remeras;Remeras;Sport;Classic;CuelloRedondo;100%Algodón;70000;29900;v2321roc11;https://burgues.com/media/catalog/product/v/2/v2321roc11-1.jpg;configurable;ARCHIVE;
V2321FRA11;RemeraFrance;Remeras;Remeras;Sport;Classic;CuelloRedondo;100%Algodón;70000;29900;v2321fra11;https://burgues.com/media/catalog/product/v/2/v2321fra11.jpg;configurable;ARCHIVE;XS|S
T0021PIQ11;RemeraPique;Remeras;Remeras;Sport;Classic;CuelloRedondo;100%Algodón;70000;29900;t0021piq11;https://burgues.com/media/catalog/product/t/0/t0021piq11-1.jpg;configurable;ARCHIVE;
T0021MUS16;RemeraMusique;Remeras;Remeras;Sport;Classic;CuelloRedondo;100%Algodón;70000;29900;t0021mus16;https://burgues.com/media/catalog/product/t/0/t0021mus16-1.jpg;configurable;ARCHIVE;XS|S
T0021VER21;RemeraVert;Remeras;Remeras;Sport;Classic;CuelloRedondo;100%Algodón;70000;29900;t0021ver21;https://burgues.com/media/catalog/product/t/0/t0021ver21-1.jpg;configurable;ARCHIVE;XS|S|L|XL
I2221NOV21;RemeraNova;Remeras;Remeras;Sport;Classic;CuelloRedondo;100%Algodón;70000;29900;i2221nov21;https://burgues.com/media/catalog/product/i/2/i2221nov21.jpg;configurable;ARCHIVE;
T0021WOR30;RemeraWord;Remeras;Remeras;Sport;Classic;CuelloRedondo;100%Algodón;70000;29900;t0021wor30;https://burgues.com/media/catalog/product/t/0/t0021wor30-1.jpg;configurable;ARCHIVE;XS|S
V2321ROC36;RemeraRocco;Remeras;Remeras;Sport;Classic;CuelloRedondo;100%Algodón;70000;29900;v2321roc36;https://burgues.com/media/catalog/product/v/2/v2321roc36-1_1.jpg;configurable;ARCHIVE;XS
I2221CAM39;RemeraCamo;Remeras;Remeras;Sport;Classic;CuelloRedondo;100%Algodón;70000;29900;i2221cam39;https://burgues.com/media/catalog/product/i/2/i2221cam39-1.jpg;configurable;ARCHIVE;XS|S
V2321ROC43;RemeraRocco;Remeras;Remeras;Sport;Classic;CuelloRedondo;100%Algodón;70000;29900;v2321roc43;https://burgues.com/media/catalog/product/v/2/v2321roc43-1.jpg;configurable;ARCHIVE;XS|S|M|XL
V2321FRA63;RemeraFrance;Remeras;Remeras;Sport;Classic;CuelloRedondo;100%Algodón;70000;29900;v2321fra63;https://burgues.com/media/catalog/product/v/2/v2321fra63-1_1.jpg;configurable;ARCHIVE;XS
T0021VER01;RemeraVert;Remeras;Remeras;Sport;Classic;CuelloRedondo;100%Algodón;70000;29900;t0021ver01;https://burgues.com/media/catalog/product/t/0/t0021ver01-1.jpg;configurable;ARCHIVE;XS|S|M|L|XL
T0021WOR01;RemeraWord;Remeras;Remeras;Sport;Classic;CuelloRedondo;100%Algodón;70000;29900;t0021wor01;https://burgues.com/media/catalog/product/t/0/t0021wor01-2.jpg;configurable;ARCHIVE;XS|S
T0021MUS01;RemeraMusique;Remeras;Remeras;Sport;Classic;CuelloRedondo;100%Algodón;70000;29900;t0021mus01;https://burgues.com/media/catalog/product/t/0/t0021mus01-1.jpg;configurable;ARCHIVE;XS|S|L|XL
T0021PIQ01;RemeraPique;Remeras;Remeras;Sport;Classic;CuelloRedondo;100%Algodón;70000;29900;t0021piq01;https://burgues.com/media/catalog/product/t/0/t0021piq01-1.jpg;configurable;ARCHIVE;S|M
V2321FRA01;RemeraFrance;Remeras;Remeras;Sport;Classic;CuelloRedondo;100%Algodón;70000;29900;v2321fra01;https://burgues.com/media/catalog/product/v/2/v2321fra01-1_1.jpg;configurable;ARCHIVE;XS|S|L
I2221ROC01;RemeraRocco;Remeras;Remeras;Sport;Classic;CuelloRedondo;100%Algodón;70000;29900;i2221roc01;https://burgues.com/media/catalog/product/i/2/i2221roc01.jpg;configurable;ARCHIVE;XS
V2321FRA02;RemeraFrance;Remeras;Remeras;Sport;Classic;CuelloRedondo;100%Algodón;70000;29900;v2321fra02;https://burgues.com/media/catalog/product/v/2/v2321fra02-1.jpg;configurable;ARCHIVE;XS
I2221KEW02;RemeraKennew;Remeras;Remeras;Vestir;Classic;CuelloRedondo;100%Algodón;70000;29900;i2221kew02;https://burgues.com/media/catalog/product/i/2/i2221kew02-1.jpg;configurable;ARCHIVE;
V2221DAI08;RemeraDaily;Remeras;Remeras;Sport;Classic;CuelloRedondo;100%Algodón;70000;29900;v2221dai08;https://burgues.com/media/catalog/product/v/2/v2221dai08-1.jpg;configurable;ARCHIVE;XS|S|M|L|XL
T0021OLA01;RemeraOlaff;Remeras;Remeras;Sport;Classic;CuelloRedondo;100%Algodón;70000;29900;t0021ola01;https://burgues.com/media/catalog/product/t/0/t0021ola01.jpg;configurable;ARCHIVE;
I2221ATI21;RemeraÃtica;Remeras;Remeras;Sport;Classic;CuelloRedondo;100%Algodón;70000;29900;i2221ati21;https://burgues.com/media/catalog/product/i/2/i2221ati21.jpg;configurable;ARCHIVE;
I2221KEW00;RemeraKennew;Remeras;Remeras;Sport;Classic;CuelloRedondo;100%Algodón;70000;29900;i2221kew00;https://burgues.com/media/catalog/product/i/2/i2221kew00.jpg;configurable;ARCHIVE;
I2221ATI01;RemeraÃtica;Remeras;Remeras;Sport;Classic;CuelloRedondo;100%Algodón;70000;29900;i2221ati01;https://burgues.com/media/catalog/product/i/2/i2221ati01.jpg;configurable;ARCHIVE;
I2221QUE01;RemeraQuelque;Remeras;Remeras;Sport;Classic;CuelloRedondo;100%Algodón;70000;29900;i2221que01;https://burgues.com/media/catalog/product/i/2/i2221que01.jpg;configurable;ARCHIVE;
I2221QUE10;RemeraQuelque;Remeras;Remeras;Sport;Classic;CuelloRedondo;100%Algodón;70000;29900;i2221que10;https://burgues.com/media/catalog/product/i/2/i2221que10.jpg;configurable;ARCHIVE;
V2321ROS01;RemeraRoss;Remeras;Remeras;Sport;Classic;CuelloRedondo;100%Algodón;70000;29900;v2321ros01;https://burgues.com/media/catalog/product/v/2/v2321ros01.jpg;configurable;ARCHIVE;
I2221STI10;RemeraInterlockStiff;Remeras;Remeras;Vestir;Classic;CuelloRedondo;100%Algodón;70000;29900;i2221sti10;https://burgues.com/media/catalog/product/i/2/i2221sti10.jpg;configurable;ARCHIVE;
I2221STI01;RemeraInterlockStiff;Remeras;Remeras;Vestir;Classic;CuelloRedondo;100%Algodón;70000;29900;i2221sti01;https://burgues.com/media/catalog/product/i/2/i2221sti01.jpg;configurable;ARCHIVE;
I2221KEW01;RemeraKennew;Remeras;Remeras;Sport;Classic;CuelloRedondo;100%Algodón;70000;29900;i2221kew01;https://burgues.com/media/catalog/product/i/2/i2221kew01.jpg;configurable;ARCHIVE;
L0021MAI10;RemeraMaison;Remeras;Remeras;Sport;Classic;CuelloRedondo;100%Algodón;70000;29900;l0021mai10;https://burgues.com/media/catalog/product/l/0/l0021mai10.jpg;configurable;ARCHIVE;
I2221STI11;RemeraInterlockStiff;Remeras;Remeras;Sport;Classic;CuelloRedondo;100%Algodón;70000;29900;i2221sti11;https://burgues.com/media/catalog/product/i/2/i2221sti11.jpg;configurable;ARCHIVE;
T0021ROY01;RemeraRoyal;Remeras;Remeras;Sport;Classic;CuelloRedondo;100%Algodón;70000;29900;t0021roy01;https://burgues.com/media/catalog/product/t/0/t0021roy01.jpg;configurable;ARCHIVE;
T0021VER11;RemeraVert;Remeras;Remeras;Sport;Classic;CuelloRedondo;100%Algodón;70000;29900;t0021ver11;https://burgues.com/media/catalog/product/t/0/t0021ver11.jpg;configurable;ARCHIVE;XS|S
I2243VER10;CamperaVertou;Abrigos;Camperas;Vestir;Regular;;100%Poliéster;112500;69900;i2243ver10;https://burgues.com/media/catalog/product/i/2/i2243ver10.jpg;configurable;ARCHIVE;
I2243VER66;CamperaVertou;Abrigos;Camperas;Vestir;Regular;;100%Poliéster;112500;69900;i2243ver66;https://burgues.com/media/catalog/product/i/2/i2243ver66-1.jpg;configurable;ARCHIVE;XS
T0064LAI23;CamperaLaia;Abrigos;Camperas;Vestir;Regular;;100%Algodón;140000;95000;t0064lai23;https://burgues.com/media/catalog/product/t/0/t0064lai23.jpg;configurable;ARCHIVE;XS
V2397SAN10;SandaliaSand;Shoes;Sandalias;Sport;;;100%CueroVacuno;100000;55000;v2397san10;https://burgues.com/media/catalog/product/v/2/v2397san10.jpg;configurable;ARCHIVE;
T0021CAN01;RemeraCanada;Remeras;Remeras;Sport;Classic;CuelloRedondo;100%Algodón;79900;34900;t0021can01;https://burgues.com/media/catalog/product/t/0/t0021can01-1.jpg;configurable;ARCHIVE;
T0021CAN10;RemeraCanada;Remeras;Remeras;Sport;Classic;CuelloRedondo;100%Algodón;79900;34900;t0021can10;https://burgues.com/media/catalog/product/t/0/t0021can10-4.jpg;configurable;ARCHIVE;XS
T0021CAN21;RemeraCanada;Remeras;Remeras;Sport;Classic;CuelloRedondo;100%Algodón;79900;34900;t0021can21;https://burgues.com/media/catalog/product/t/0/t0021can21-1_1_.jpg;configurable;ARCHIVE;XS|XXL
C0017ICO21;CapIconic;Accesorios;Caps;Sport;;;100%Algodón;79900;34900;cap-iconic-21;https://burgues.com/media/catalog/product/l/0/l0017ico21_front.jpg;configurable;ARCHIVE;
C0017ICO02;CapIconic;Accesorios;Caps;Sport;;;100%Algodón;79900;34900;cap-iconic-2;https://burgues.com/media/catalog/product/l/0/l0017ico-_tiza.jpg;configurable;ARCHIVE;
V2376DAI30;TrajedeBañoDaire;Trajesdebaño;Trajesdebaño;Sport;Classic;;100%Poliamida;79900;34900;v2376dai30;https://burgues.com/media/catalog/product/v/2/v2376dai30.jpg;configurable;ARCHIVE;XS|S|M
B0076MAI15;TrajedeBañoMaison;Trajesdebaño;Trajesdebaño;Sport;Classic;;100%Poliéster.;79900;34900;b0076mai15;https://burgues.com/media/catalog/product/b/0/b0076mai15-1_1.jpg;configurable;ARCHIVE;XS
V2376SELC1;TrajedeBañoSelva;Trajesdebaño;Trajesdebaño;Sport;Classic;;100%Poliester;79900;34900;v2376selc1;https://burgues.com/media/catalog/product/v/2/v2376selc1.jpg;configurable;ARCHIVE;
C0017PARA5;CapParis;Accesorios;Gorros;Sport;;;100%Algodón;79900;34900;c0017para5;https://burgues.com/media/catalog/product/c/0/c0017para5.jpg;configurable;ARCHIVE;
C0017ICO01;CapIconic;Accesorios;Gorros;Sport;;;100%Algodón;79900;34900;c0017ico01;https://burgues.com/media/catalog/product/c/0/c0017ico01.jpg;configurable;ARCHIVE;
B0076MER30;TrajeDeBañoMerlin;Trajesdebaño;Trajesdebaño;Sport;ClassicFit;;100%Poliester;79900;34900;b0076mer30;https://burgues.com/media/catalog/product/b/0/b0076mer30.jpg;configurable;ARCHIVE;XS|S|L|XL|XXL
B0076IND30;TrajeDeBañoIndigo;Trajesdebaño;Trajesdebaño;Sport;ClassicFit;;100%Poliester;79900;34900;b0076ind30;https://burgues.com/media/catalog/product/b/0/b0076ind30-1_1_.jpg;configurable;ARCHIVE;XS|S|M|L|XL|XXL
B0076MER21;TrajeDeBañoMerlin;Trajesdebaño;Trajesdebaño;Sport;ClassicFit;;100%Poliester;79900;34900;b0076mer21;https://burgues.com/media/catalog/product/b/0/b0076mer21-1_1_.jpg;configurable;ARCHIVE;XS|S|XL
B0076CAS28;TrajeDeBañoCaspio;Trajesdebaño;Trajesdebaño;Sport;ClassicFit;;100%Poliester;79900;34900;b0076cas28;https://burgues.com/media/catalog/product/b/0/b0076cas28-2.jpg;configurable;ARCHIVE;XS|S|L|XL
B0076MAL10;TrajeDeBañoMalia;Trajesdebaño;Trajesdebaño;Sport;ClassicFit;;100%Poliester;79900;34900;b0076mal10;https://burgues.com/media/catalog/product/b/0/b0076mal10-1_1_.jpg;configurable;ARCHIVE;XS|S
B0076MAI63;TrajeDeBañoMaison;Trajesdebaño;Trajesdebaño;Sport;ClassicFit;;100%Poliéster;79900;34900;b0076mai63;https://burgues.com/media/catalog/product/b/0/b0076mai63-1_1_.jpg;configurable;ARCHIVE;XS|S
B0076MAI21;TrajeDeBañoMaison;Trajesdebaño;Trajesdebaño;Sport;ClassicFit;;100%Poliéster;79900;34900;b0076mai21;https://burgues.com/media/catalog/product/b/0/b0076mai21-1_1_.jpg;configurable;ARCHIVE;XS
B0076MAI10;TrajeDeBañoMaison;Trajesdebaño;Trajesdebaño;Sport;ClassicFit;;100%Poliéster;79900;34900;b0076mai10;https://burgues.com/media/catalog/product/b/0/b0076imai10-01.jpg;configurable;ARCHIVE;XS
B0076MAI36;TrajeDeBañoMaison;Trajesdebaño;Trajesdebaño;Sport;ClassicFit;;100%Poliéster;79900;34900;b0076mai36;https://burgues.com/media/catalog/product/b/0/b0076mai36-1_1_.jpg;configurable;ARCHIVE;XS|S
V2376FLOC1;TrajedeBañoFloral;Trajesdebaño;Trajesdebaño;Sport;ClassicFit;;100%Poliéster;79900;34900;v2376floc1;https://burgues.com/media/catalog/product/v/2/v2376floc1-1.jpg;configurable;ARCHIVE;XS|S
V2376FORC1;TrajedeBañoForest;Trajesdebaño;Trajesdebaño;Sport;ClassicFit;;100%Poliéster;79900;34900;v2376forc1;https://burgues.com/media/catalog/product/v/2/v2376forc1.jpg;configurable;ARCHIVE;XS|S|M
V2376MAI30;TrajedeBañoMaison;Trajesdebaño;Trajesdebaño;Sport;ClassicFit;;100%Poliéster;79900;34900;v2376mai30;https://burgues.com/media/catalog/product/v/2/v2376mai30-2.jpg;configurable;ARCHIVE;XS|S
V2376ROC21;TrajedeBañoRocco;Trajesdebaño;Trajesdebaño;Sport;ClassicFit;;100%Nylon;79900;34900;v2376roc21;https://burgues.com/media/catalog/product/v/2/v2376roc21.jpg;configurable;ARCHIVE;XS|S
V2376ROC10;TrajedeBañoRocco;Trajesdebaño;Trajesdebaño;Sport;ClassicFit;;100%Nylon;79900;34900;v2376roc10;https://burgues.com/media/catalog/product/v/2/v2376roc10.jpg;configurable;ARCHIVE;XS|S
V2376MEDC1;TrajedeBañoMedal;Trajesdebaño;Trajesdebaño;Sport;ClassicFit;;100%Poliéster;79900;34900;v2376medc1;https://burgues.com/media/catalog/product/v/2/v2376medc1.jpg;configurable;ARCHIVE;XS
V2376DAI10;TrajedeBañoDaire;Trajesdebaño;Trajesdebaño;;;;100%Poliamida;79900;34900;v2376dai10;https://burgues.com/media/catalog/product/v/2/v2376dai10.jpg;configurable;ARCHIVE;XS|S
L0017MAI01;CapMaison;Accesorios;Gorros;;;;100%Algodón;79900;34900;l0017mai01;https://burgues.com/media/catalog/product/l/0/l0017mai01_2.jpg;configurable;ARCHIVE;
L0017ICO12;CapIconic;Accesorios;Gorros;;;;100%Algodón;79900;34900;l0017ico12;https://burgues.com/media/catalog/product/l/0/l0017ico12.jpg;configurable;ARCHIVE;
C0017ICO50;CapIconic;Accesorios;Gorros;;;;100%Algodón;79900;34900;c0017ico50;https://burgues.com/media/catalog/product/c/0/c0017ico50.jpg;configurable;ARCHIVE;
C0017PARN1;CapParis;Accesorios;Gorros;;;;100%Algodón;79900;34900;c0017parn1;https://burgues.com/media/catalog/product/c/0/c0017parn1.jpg;configurable;ARCHIVE;
C0017PARN0;CapParis;Accesorios;Gorros;;;;100%Algodón;79900;34900;c0017parn0;https://burgues.com/media/catalog/product/c/0/c0017parn0.jpg;configurable;ARCHIVE;
I2241PHI11;SweaterPhilippe;Sweaters;Sweaters;Vestir;SlimFit;CuelloPolera;WoolBlend|20%Lana-25%Poliéster-25%Algodón-30%Viscosa;125000;79900;i2241phi11;https://burgues.com/media/catalog/product/i/2/i2241phi11.jpg;configurable;ARCHIVE;
V2223FLA10;ChombaFlame;Remeras;Chombas;Vestir;Classic;CuelloRedondo;100%Algodón;75000;29900;v2223fla10;https://burgues.com/media/catalog/product/v/2/v2223fla10.jpg;configurable;ARCHIVE;
V2223GER12;ChombaGerard;Remeras;Chombas;Sport;Classic;CuelloRedondo;100%Algodón;75000;29900;v2223ger12;https://burgues.com/media/catalog/product/v/2/v2223ger12-1.jpg;configurable;ARCHIVE;
L0064KID10;CamperaKid;Abrigos;Camperas;Vestir;Regular;;CottonBlend|98%Algodón-2%Elastano;150000;100000;l0064kid10;https://burgues.com/media/catalog/product/l/0/l0064kid10-1.jpg;configurable;ARCHIVE;
T0052TAL21;CamisaTally;Camisas;Camisas;Vestir;ClassicFit;CuelloMao;CottonBlend|97%Algodon-3%Elastano;149900;99900;t0052tal21;https://burgues.com/media/catalog/product/t/0/t0052tal21-1.jpg;configurable;ARCHIVE;XS|S|M|L|XL|XXL|3XL
HOM17PEK62;MantaPekin;Accesorios;Mantas&Chalinas;;;;100%Algodón;130000;80000;hom17pek62;https://burgues.com/media/catalog/product/h/o/hom17pek62.jpg;configurable;ARCHIVE;
HOM17PEK12;MantaPekin;Accesorios;Mantas&Chalinas;;;;100%Algodón;130000;80000;hom17pek12;https://burgues.com/media/catalog/product/h/o/hom17pek12.jpg;configurable;ARCHIVE;
T0021DAR30;RemeraDark;Remeras;Remeras;Sport;Classic;CuelloRedondo;100%Algodón;99900;49900;t0021dar30;https://burgues.com/media/catalog/product/t/0/t0021dar30-4.jpg;configurable;ARCHIVE;XS|M|XL
T0021DAR01;RemeraDark;Remeras;Remeras;Sport;Classic;CuelloRedondo;100%Algodón;99900;49900;t0021dar01;https://burgues.com/media/catalog/product/t/0/t0021dar01-2.jpg;configurable;ARCHIVE;
T0021TRI21;RemeraTrieste;Remeras;Remeras;Sport;Classic;CuelloRedondo;100%Algodón;99900;49900;t0021tri21;https://burgues.com/media/catalog/product/t/0/t0021tri21-5_2_.jpg;configurable;ARCHIVE;XS|S|L
T0021TRI10;RemeraTrieste;Remeras;Remeras;Sport;Classic;CuelloRedondo;100%Algodón;99900;49900;t0021tri10;https://burgues.com/media/catalog/product/t/0/t0021tri10-1_1.jpg;configurable;ARCHIVE;XS
T0021TRI16;RemeraTriestePimaPeruano;Remeras;Remeras;Sport;Classic;CuelloRedondo;100%Algodón;99900;49900;t0021tri16;https://burgues.com/media/catalog/product/t/0/t0021tri16-1.jpg;configurable;ARCHIVE;XS
V2352PAR01;CamisaParis;Camisas;Camisas;Vestir;ClassicFit;CuelloCutaway;100%Algodón;120000;69900;v2352par01;https://burgues.com/media/catalog/product/v/2/v2352par01-1-2.jpg;configurable;ARCHIVE;XS|S|M|L|XL
V2252ROYC1;CamisaRoyal;Camisas;Camisas;Vestir;ClassicFit;CuelloCutaway;100%Lino;120000;69900;v2252royc1;https://burgues.com/media/catalog/product/v/2/v2252royc1-1.jpg;configurable;ARCHIVE;
V2152PASC1;CamisaPassion;Camisas;Camisas;Vestir;ClassicFit;CuelloCutaway;100%Algodón;120000;69900;v2152pasc1;https://burgues.com/media/catalog/product/v/2/v2152pasc1.jpg;configurable;ARCHIVE;S
V2152ROBC1;CamisaRob;Camisas;Camisas;Vestir;ClassicFit;CuelloCutaway;100%Lino;120000;69900;v2152robc1;https://burgues.com/media/catalog/product/v/2/v2152robc1.jpg;configurable;ARCHIVE;
L0052RANC1;CamisaRanis;Camisas;Camisas;Vestir;ClassicFit;CuelloCutaway;100%Algodón;120000;69900;l0052ranc1;https://burgues.com/media/catalog/product/l/0/l0052ranc1.jpg;configurable;ARCHIVE;
I2052ROM21;CamisaRomantic;Camisas;Camisas;Vestir;ClassicFit;CuelloCutaway;100%Algodón;120000;69900;i2052rom21;https://burgues.com/media/catalog/product/i/2/i2052rom21.jpg;configurable;ARCHIVE;
I2052SUEC1;CamisaSuez;Camisas;Camisas;Vestir;SlimFit;CuelloCutaway;100%Algodón;120000;69900;i2052suec1;https://burgues.com/media/catalog/product/i/2/i2052suec1.jpg;configurable;ARCHIVE;
I2143FRA30;BuzoFrank;Buzos;Buzos;Sport;Regular;CuelloRedondo;100%Algodón;120000;69900;i2143fra30;https://burgues.com/media/catalog/product/i/2/i2143fra30.jpg;configurable;ARCHIVE;
V2252EMMC1;CamisaEmmaPuroAlgodón;Camisas;Camisas;Vestir;SlimFit;CuelloItaliano;100%Algodón;120000;69900;v2252emmc1;https://burgues.com/media/catalog/product/v/2/v2252emmc1.jpg;configurable;ARCHIVE;
V1953LUCC1;CamisaLucas;Camisas;Camisas;Vestir;SlimFit;CuelloCutaway;100%Algodón;120000;69900;v1953lucc1;https://burgues.com/media/catalog/product/v/1/v1953lucc1.jpg;configurable;ARCHIVE;
V2052PRO30;CamisaProvence;Camisas;Camisas;Vestir;SlimFit;CuelloCutaway;100%Algodón;120000;69900;v2052pro30;https://burgues.com/media/catalog/product/v/2/v2052pro30.jpg;configurable;ARCHIVE;
L0052RABC1;CamisaRabe;Camisas;Camisas;Vestir;SlimFit;CuelloCutaway;100%Algodón;120000;69900;l0052rabc1;https://burgues.com/media/catalog/product/l/0/l0052rabc1.jpg;configurable;ARCHIVE;
L0071JUN00;ChupinJunior;Pantalones;Denim;Sport;SlimFit;;CottonBlend|98%Algodón-2%Elastano;100000;49900;l0071jun00;https://burgues.com/media/catalog/product/l/0/l0071jun00.jpg;configurable;ARCHIVE;
L0072FRE36;ChupinFresh;Pantalones;Denim;Sport;SlimFit;;CottonBlend|98%Algodón-2%Elastano;100000;49900;l0072fre36;https://burgues.com/media/catalog/product/l/0/l0072fre36.jpg;configurable;ARCHIVE;
L0072FRE30;ChupinFresh;Pantalones;Denim;Sport;SlimFit;;CottonBlend|98%Algodón-2%Elastano;100000;49900;l0072fre30;https://burgues.com/media/catalog/product/l/0/l0072fre30.jpg;configurable;ARCHIVE;
L0073LOG21;PantalónLogan;Pantalones;Pantalones;Vestir;SlimFit;;CottonBlend|98%Algodón-2%Elastano;100000;49900;l0073log21;https://burgues.com/media/catalog/product/l/0/l0073log21.jpg;configurable;ARCHIVE;
L0073LOG10;PantalónLogan;Pantalones;Pantalones;Vestir;SlimFit;;CottonBlend|98%Algodón-2%Elastano;100000;49900;l0073log10;https://burgues.com/media/catalog/product/l/0/l0073log10.jpg;configurable;ARCHIVE;
L0073LOG62;PantalónLogan;Pantalones;Pantalones;Vestir;SlimFit;;CottonBlend|98%Algodón-2%Elastano;100000;49900;l0073log62;https://burgues.com/media/catalog/product/l/0/l0073log62.jpg;configurable;ARCHIVE;
V2175OCCC1;BermudaOcean;Bermudas;Bermudas;Vestir;Classic;;97%Algodón-3%Elastano;100000;49900;v2175occc1;https://burgues.com/media/catalog/product/v/2/v2175occc1.jpg;configurable;ARCHIVE;
V1875POE40;BermudaPoe;Bermudas;Bermudas;Vestir;Classic;;CottonBlend|97%Algodón-3%Elastano;100000;49900;v1875poe40;https://burgues.com/media/catalog/product/v/1/v1875poe40.jpg;configurable;ARCHIVE;S|XXL
1V1675TOM62;BermudaTom;Bermudas;Bermudas;Vestir;Classic;;97%Algodón-3%Elastano;100000;49900;1v1675tom62;https://burgues.com/media/catalog/product/1/v/1v1675tom62.jpg;configurable;ARCHIVE;
V2264SPR66;CamperaSpring;Abrigos;Camperas;Vestir;Regular;;100%Algodón;150000;99000;v2264spr66;https://burgues.com/media/catalog/product/v/2/v2264spr66.jpg;configurable;ARCHIVE;
C0018INT62;CapInti;Accesorios;Caps;Sport;;;100%Algodón;89900;34900;cap-inti-62;https://burgues.com/media/catalog/product/c/0/c0018int62-1.jpg;configurable;ARCHIVE;
C0018INT10;CapInti;Accesorios;Caps;Sport;;;100%Algodón;89900;34900;cap-inti-10;https://burgues.com/media/catalog/product/c/0/c0018int10-1.jpg;configurable;ARCHIVE;
C0018INT30;CapInti;Accesorios;Caps;Sport;;;100%Algodón;89900;34900;cap-inti-30;https://burgues.com/media/catalog/product/c/0/c0018int30-1.jpg;configurable;ARCHIVE;
C0018AGN50;CapAgne;Accesorios;Gorros;;;;100%Algodón;89900;34900;c0018agn50;https://burgues.com/media/catalog/product/_/l/_lr02360.jpg;configurable;ARCHIVE;
C0018AGND4;CapAgne;Accesorios;Gorros;;;;100%Algodón;89900;34900;c0018agnd4;https://burgues.com/media/catalog/product/_/l/_lr02356.jpg;configurable;ARCHIVE;
C0018AGNN1;CapAgne;Accesorios;Gorros;;;;100%Algodón;89900;34900;c0018agnn1;https://burgues.com/media/catalog/product/_/l/_lr02350.jpg;configurable;ARCHIVE;
C0018AGNA5;CapAgne;Accesorios;Gorros;;;;100%Algodón;89900;34900;c0018agna5;https://burgues.com/media/catalog/product/_/l/_lr02346.jpg;configurable;ARCHIVE;
B0071BIA10;JeanBiarritz;Denim;Pantalones;Sport;SlimFit;;CottonBlend|98%Algodón-2%Elastano;125000;69900;b0071bia10;https://burgues.com/media/catalog/product/b/0/b0071bia10-1.jpg;configurable;ARCHIVE;28|30
B0071BIA01;JeanBiarritz;Denim;Pantalones;Sport;SlimFit;;CottonBlend|98%Algodón-2%Elastano;125000;69900;b0071bia01;https://burgues.com/media/catalog/product/b/0/b0071bia01-1.jpg;configurable;ARCHIVE;28|34|36|38
T0052CYRA5;CamisaCyrus;Camisas;Camisas;Vestir;ClassicFit;CuelloItaliano;100%Algodón;125000;69900;t0052cyra5;https://burgues.com/media/catalog/product/t/0/t0052cyra5.jpg;configurable;ARCHIVE;XS|S|M|L|3XL
L0064VAL21;CamperaVelence;Abrigos;Camperas;Vestir;Regular;;100%Algodón;125000;69900;l0064val21;https://burgues.com/media/catalog/product/l/0/l0064val21-1.jpg;configurable;ARCHIVE;XS|XL
I2241RAP11;SweaterRaphael;Sweaters;Sweaters;Vestir;SlimFit;CuelloRedondo;WoolBlend|20%Lana-30%Viscosa-25%Poliamida-25%Algodón;125000;69900;i2241rap11;https://burgues.com/media/catalog/product/i/2/i2241rap11-3.jpg;configurable;ARCHIVE;
I2241RAP10;SweaterRaphael;Sweaters;Sweaters;Vestir;SlimFit;CuelloRedondo;WoolBlend|20%Lana-30%Viscosa-25%Poliamida-25%Algodón;125000;69900;i2241rap10;https://burgues.com/media/catalog/product/i/2/i2241rap10-2.jpg;configurable;ARCHIVE;
I2241RAP21;SweaterRaphael;Sweaters;Sweaters;Vestir;SlimFit;CuelloRedondo;WoolBlend|20%Lana-30%Viscosa-25%Poliamida-25%Algodón;125000;69900;i2241rap21;https://burgues.com/media/catalog/product/i/2/i2241rap21.jpg;configurable;ARCHIVE;S
I2241RAP61;SweaterRaphael;Sweaters;Sweaters;Vestir;SlimFit;CuelloRedondo;WoolBlend|20%Lana-30%Viscosa-25%Poliamida-25%Algodón;125000;69900;i2241rap61;https://burgues.com/media/catalog/product/i/2/i2241rap61-2.jpg;configurable;ARCHIVE;
I2241RAP12;SweaterRaphael;Sweaters;Sweaters;Vestir;SlimFit;CuelloRedondo;WoolBlend|20%Lana-30%Viscosa-25%Poliamida-25%Algodón;125000;69900;i2241rap12;https://burgues.com/media/catalog/product/i/2/i2241rap12-2.jpg;configurable;ARCHIVE;
I2341RAP08;SweaterRaphael;Sweaters;Sweaters;Vestir;SlimFit;CuelloRedondo;WoolBlend|20%Lana-30%Viscosa-25%Poliamida-25%Algodón;125000;69900;i2341rap08;https://burgues.com/media/catalog/product/i/2/i2341rap08-1.jpg;configurable;ARCHIVE;
V2395BASD6;ZapatillaBasquet;Shoes;Zapatillas;Sport;;;100%CueroVacuno;125000;69900;v2395basd6;https://burgues.com/media/catalog/product/v/2/v2395basd6.jpg;configurable;ARCHIVE;39|40|44|45
V2395BASC1;ZapatillaBasquet;Shoes;Zapatillas;Sport;;;100%CueroVacuno;125000;69900;v2395basc1;https://burgues.com/media/catalog/product/v/2/v2395basc1.jpg;configurable;ARCHIVE;39
V2395BASD4;ZapatillaBasquet;Shoes;Zapatillas;Sport;;;100%CueroVacuno;125000;69900;v2395basd4;https://burgues.com/media/catalog/product/v/2/v2395basd4.jpg;configurable;ARCHIVE;39|40|44
V2395BAS01;ZapatillaBasquet;Shoes;Zapatillas;Sport;;;100%CueroVacuno;125000;69900;v2395bas01;https://burgues.com/media/catalog/product/v/2/v2395bas01.jpg;configurable;ARCHIVE;
V2143LIT12;HoodieLittle;Buzos;Hoodies;Sport;Regular;;100%Algodón;125000;69900;v2143lit12;https://burgues.com/media/catalog/product/v/2/v2143lit12.jpg;configurable;ARCHIVE;
T0041RAY08;SweaterRaymond;Sweaters;Sweaters;Vestir;SlimFit;CuelloRedondo;CottonBlend|50%Algodón-50%Viscosa;125000;69900;t0041ray08;https://burgues.com/media/catalog/product/t/0/t0041ray08.jpg;configurable;ARCHIVE;
T0052SHI23;CamisaShiva;Camisas;Camisas;Vestir;SlimFit;CuelloCutaway;100%Algodón;125000;69900;t0052shi23;https://burgues.com/media/catalog/product/t/0/t0052shi23-1.jpg;configurable;ARCHIVE;
T0021LUX01;RemeraLuxury;Remeras;Remeras;Vestir;Classic;CuelloRedondo;100%Algodón;87500;29900;t0021lux01;https://burgues.com/media/catalog/product/t/0/t0021lux01.jpg;configurable;ARCHIVE;
T0021LUX10;RemeraLuxury;Remeras;Remeras;Vestir;Classic;CuelloRedondo;100%Algodón;87500;29900;t0021lux10;https://burgues.com/media/catalog/product/t/0/t0021lux10.jpg;configurable;ARCHIVE;
T0021LUX11;RemeraLuxury;Remeras;Remeras;Vestir;Classic;CuelloRedondo;100%Algodón;87500;29900;t0021lux11;https://burgues.com/media/catalog/product/t/0/t0021lux11-1.jpg;configurable;ARCHIVE;
T0052BRU10;CamisaBruselas;Camisas;Camisas;Sport;Relaxed;CuelloCutaway;100%Algodón;179900;119900;t0052bru10;https://burgues.com/media/catalog/product/t/0/t0052bru10_0469.jpg;configurable;ARCHIVE;XS|S|L
T0052BRU21;CamisaBruselas;Camisas;Camisas;Sport;Relaxed;CuelloCutaway;100%Algodón;179900;119900;t0052bru21;https://burgues.com/media/catalog/product/t/0/t0052bru21_0499.jpg;configurable;ARCHIVE;XS|S
T0021NAR01;RemeraNarona|PimaPeruano;Remeras;Remeras;Sport;ClassicFit;CuelloRedondo;100%Algodón;129900;69900;t0021nar01;https://burgues.com/media/catalog/product/t/0/t0021nar01_0243.jpg;configurable;ARCHIVE;XS|M|L|XL
T0021NAR62;RemeraNaronaPimaPeruano;Remeras;Remeras;Vestir;ClassicFit;CuelloRedondo;100%Algodón;129900;69900;t0021nar62;https://burgues.com/media/catalog/product/t/0/t0021nar62-1.jpg;configurable;ARCHIVE;
T0021NAR10;RemeraNaronaPimaPeruano;Remeras;Remeras;Vestir;ClassicFit;CuelloRedondo;100%Algodón;129900;69900;t0021nar10;https://burgues.com/media/catalog/product/t/0/t0021nar10-1.jpg;configurable;ARCHIVE;XS|S|L
T0021NAR12;RemeraNarona;Remeras;Remeras;Vestir;ClassicFit;CuelloRedondo;100%Algodón;129900;69900;t0021nar12;https://burgues.com/media/catalog/product/t/0/t0021nar12_0229.jpg;configurable;ARCHIVE;XL|XXL
T0021NAR31;RemeraNarona;Remeras;Remeras;Vestir;ClassicFit;CuelloRedondo;100%Algodón;129900;69900;t0021nar31;https://burgues.com/media/catalog/product/t/0/t0021nar31_0278.jpg;configurable;ARCHIVE;XS|S|L|XL
T0021BIR01;RemeraBirmPimaPeruano;Remeras;Remeras;Vestir;ClassicFit;CuelloRedondo;100%Algodón;89900;29900;t0021bir01;https://burgues.com/media/catalog/product/t/0/t0021vir01_0705_1.jpg;configurable;ARCHIVE;
T0021BIR10;RemeraBirmPimaPeruano;Remeras;Remeras;Vestir;ClassicFit;CuelloRedondo;100%Algodón;89900;29900;t0021bir10;https://burgues.com/media/catalog/product/t/0/t0021bir10-1.jpg;configurable;ARCHIVE;
T0021BIR11;RemeraBirmPimaPeruano;Remeras;Remeras;Vestir;ClassicFit;CuelloRedondo;100%Algodón;89900;29900;t0021bir15;https://burgues.com/media/catalog/product/t/0/t0021bir15-4.jpg;configurable;ARCHIVE;XS
T0021BIR12;RemeraBirmPimaPeruano;Remeras;Remeras;Vestir;ClassicFit;CuelloRedondo;100%Algodón;89900;29900;t0021bir12;https://burgues.com/media/catalog/product/t/0/t0021vir12_0752.jpg;configurable;ARCHIVE;XS|XL
I2252REYC1;CamisaReynes;Camisas;Camisas;Vestir;SlimFit;CuelloCutaway;100%Algodón;130000;69900;i2252reyc1;https://burgues.com/media/catalog/product/i/2/i2252reyc1.jpg;configurable;ARCHIVE;XS
T0064VEC10;CamperaVecta;Abrigos;Camperas;Sport;Regular;;69%Viscosa-27%Poliamida-4%Elastano;130000;69900;t0064vec10;;configurable;ARCHIVE;
T0052JAR01;CamisaJared;Camisas;Camisas;Vestir;SlimFit;CuelloIngles;100%Algodón;130000;69900;t0052jar01;https://burgues.com/media/catalog/product/t/0/t0052jar01.jpg;configurable;ARCHIVE;XXL
V1952JIM61;CamisaJim;Camisas;Camisas;Vestir;ClassicFit;CuelloItaliano;100%Algodón;130000;69900;v1952jim61;https://burgues.com/media/catalog/product/v/1/v1952jim61.jpg;configurable;ARCHIVE;XS
T0052JAR23;CamisaJared;Camisas;Camisas;Vestir;ClassicFit;CuelloCutaway;100%Algodón;130000;69900;t0052jar23;https://burgues.com/media/catalog/product/t/0/t0052jar23-1.jpg;configurable;ARCHIVE;XS|XXL|3XL
V2252PAL30;CamisaPalm;Camisas;Camisas;Sport;SlimFit;;100%Algodón;130000;69900;v2252pal30;https://burgues.com/media/catalog/product/v/2/v2252pal30.jpg;configurable;ARCHIVE;XS|S|L|XL|3XL
V2175GLAC1;BermudaGlace;Bermudas;Bermudas;Vestir;Classic;;100%Lino;110000;49900;v2175glac1;https://burgues.com/media/catalog/product/v/2/v2175glac1.jpg;configurable;ARCHIVE;
T0041CHL01;ChombaChloe;Sweaters;Sweaters;Vestir;Classic;CuelloRedondo;100%Viscosa;90000;29900;t0041chl01;https://burgues.com/media/catalog/product/t/0/t0041chl10-6-.jpg;configurable;ARCHIVE;
V2241CAL21;SweaterCalado;Sweaters;Sweaters;Vestir;SlimFit;;CottonBlend|50%Algodón-50%Viscosa;150000;89000;v2241cal21;https://burgues.com/media/catalog/product/v/2/v2241cal21.jpg;configurable;ARCHIVE;
I2241ANT10;SweaterAntonio;Sweaters;Sweaters;Vestir;SlimFit;CuelloPolera;WoolBlend|20%Lana-25%Algodón-25%Poliamida-30%Viscosa;150000;89000;i2241ant10;https://burgues.com/media/catalog/product/i/2/i2241ant10.jpg;configurable;ARCHIVE;
T0020UTH01;ChombaUthe;Remeras;Remeras;Vestir;Classic;CuelloRedondo;100%Algodón;99000;34900;t0020uth01;https://burgues.com/media/catalog/product/t/0/t0020uth01-5_1.jpg;configurable;ARCHIVE;
T0020UTH10;ChombaUthe;Remeras;Remeras;Vestir;Classic;CuelloRedondo;100%Algodón;99000;34900;t0020uth10;https://burgues.com/media/catalog/product/t/0/t0020uth10-5-.jpg;configurable;ARCHIVE;S|XL
V2341JUL21;ChombaJulia;Remeras;Chombas;Vestir;Regular;CuelloRedondo;100%Viscosa;99000;34900;v2341jul21;https://burgues.com/media/catalog/product/v/2/v2341jul21.jpg;configurable;ARCHIVE;
T0021CLE01;RemeraClear;Remeras;Remeras;Sport;Classic;CuelloRedondo;100%Algodón;114900;49900;t0021cle01;https://burgues.com/media/catalog/product/t/0/t0021cle01.jpg;configurable;ARCHIVE;XS|M|L|XXL
T0021CLE10;RemeraClear;Remeras;Remeras;Sport;Classic;CuelloRedondo;100%Algodón;114900;49900;t0021cle10;https://burgues.com/media/catalog/product/t/0/t0021cle10-4_1.jpg;configurable;ARCHIVE;XS|XXL
T0021BUL01;RemeraBulkyPimaPeruano;Remeras;Remeras;Vestir;ClassicFit;CuelloRedondo;100%Algodón;114900;49900;t0021bul01;https://burgues.com/media/catalog/product/t/0/t0021bul01_0841.jpg;configurable;ARCHIVE;
T0021BUL10;RemeraBulkyPimaPeruano;Remeras;Remeras;Vestir;ClassicFit;CuelloRedondo;100%Algodón;114900;49900;t0021bul10;https://burgues.com/media/catalog/product/t/0/t0021bul10_0800.jpg;configurable;ARCHIVE;XS|S|XL
T0021BON11;RemeraBonn;Remeras;Remeras;Sport;Classic;CuelloRedondo;100%Algodón;99900;34900;t0021bon11;https://burgues.com/media/catalog/product/b/o/bonn2.jpg;configurable;ARCHIVE;XS|S|M|L|XL|XXL
T0021BON01;RemeraBonn;Remeras;Remeras;Sport;Classic;CuelloRedondo;100%Algodón;99900;34900;t0021bon01;https://burgues.com/media/catalog/product/t/0/t0021bon01_1_1_.jpg;configurable;ARCHIVE;XS|S|L|XL|XXL
T0021BON10;RemeraBonn;Remeras;Remeras;Sport;Classic;CuelloRedondo;100%Algodón;99900;34900;t0021bon10;https://burgues.com/media/catalog/product/t/0/t0021bon10_2_1_.jpg;configurable;ARCHIVE;XS|S|XXL
T0021JES10;RemeraJesse;Remeras;Remeras;Sport;ClassicFit;CuelloRedondo;100%Algodón;99900;34900;t0021jes10;https://burgues.com/media/catalog/product/t/0/t0021jes10_1261.jpg;configurable;ARCHIVE;XS|S
T0021JES11;RemeraJesse;Remeras;Remeras;Vestir;ClassicFit;CuelloRedondo;100%Algodón;99900;34900;t0021jes11;https://burgues.com/media/catalog/product/t/0/t0021jes11_1326.jpg;configurable;ARCHIVE;
T0021JES01;RemeraJesse;Remeras;Remeras;Vestir;ClassicFit;CuelloRedondo;100%Algodón;99900;34900;t0021jes01;https://burgues.com/media/catalog/product/t/0/t0021jes01_0054_1_.jpg;configurable;ARCHIVE;XS|S|M|L
T0052HON21;CamisaHoney;Camisas;Camisas;Vestir;ClassicFit;CuelloCutaway;100%Algodón;135000;69900;t0052hon21;https://burgues.com/media/catalog/product/t/0/t0052hon21-1.jpg;configurable;ARCHIVE;XS|S|M|L|XL|3XL
T0052HAN10;CamisaHans;Camisas;Camisas;Vestir;ClassicFit;CuelloItaliano;100%Algodón;135000;69900;t0052han10;https://burgues.com/media/catalog/product/t/0/t0052han10.jpg;configurable;ARCHIVE;XS
T0052HAN08;CamisaHans;Camisas;Camisas;Vestir;ClassicFit;CuelloItaliano;100%Algodón;135000;69900;t0052han08;https://burgues.com/media/catalog/product/t/0/t0052han08.jpg;configurable;ARCHIVE;
T0022ANT10;RemeraAnton;Remeras;Remeras;Sport;Classic;CuelloRedondo;100%Algodón;100000;34900;t0022ant10;https://burgues.com/media/catalog/product/t/0/t0022ant10-1.jpg;configurable;ARCHIVE;
T0022ANT01;RemeraAnton;Remeras;Remeras;Sport;Classic;CuelloRedondo;100%Algodón;100000;34900;t0022ant01;https://burgues.com/media/catalog/product/t/0/t0022ant01-1.jpg;configurable;ARCHIVE;XS|S|M|L|XL
V2341ELO23;SweaterElodiMangaCorta;Sweaters;Sweaters;Sport;SlimFit;CuelloRedondo;100%Algodón;100000;34900;v2341elo23;https://burgues.com/media/catalog/product/v/2/v2341elo23_0906.jpg;configurable;ARCHIVE;XS|S|M
V2341ELO08;SweaterElodiMangaCorta;Sweaters;Sweaters;Sport;SlimFit;CuelloRedondo;100%Algodón;100000;34900;v2341elo08;https://burgues.com/media/catalog/product/v/2/v2341elo08_0876.jpg;configurable;ARCHIVE;
V2341ELO21;SweaterElodiMangaCorta;Sweaters;Sweaters;Sport;SlimFit;CuelloRedondo;100%Algodón;100000;34900;v2341elo21;https://burgues.com/media/catalog/product/v/2/v2341elo21-1.jpg;configurable;ARCHIVE;
V2222ANT21;RemeraAnton;Buzos;Buzos;Sport;Classic;CuelloRedondo;100%Algodón;100000;34900;v2222ant21;https://burgues.com/media/catalog/product/v/2/v2222ant21.jpg;configurable;ARCHIVE;
T0052CHA10;CamisaCharm;Camisas;Camisas;Vestir;ClassicFit;CuelloCutaway;CottonBlend|98%Algodón-2%Elastano;165000;99000;t0052cha10;https://burgues.com/media/catalog/product/t/0/t0052cha10_0993.jpg;configurable;ARCHIVE;XL|XXL|3XL
T0052CHA21;CamisaCharm;Camisas;Camisas;Vestir;ClassicFit;CuelloCutaway;CottonBlend|98%Algodón-2%Elastano;165000;99000;t0052cha21;https://burgues.com/media/catalog/product/t/0/t0052cha21-4.jpg;configurable;ARCHIVE;XS|S|XL|XXL|3XL
T0052CHA23;CamisaconStretchCharm;Camisas;Camisas;Vestir;ClassicFit;CuelloItaliano;CottonBlend|98%Algodón-2%Elastano;165000;99000;t0052cha23;https://burgues.com/media/catalog/product/t/0/t0052cha23.jpg;configurable;ARCHIVE;
T0021ONE08;PoleraOneill;Sweaters;Poleras;Vestir;SlimFit;CuelloPolera;CottonBlend|95%Algodón-5%Elastano;119000;49900;t0021one08;https://burgues.com/media/catalog/product/t/0/t0021one08-1.jpg;configurable;ARCHIVE;
T0021ONE19;PoleraOneill;Sweaters;Poleras;Vestir;SlimFit;CuelloPolera;CottonBlend|95%Algodón-5%Elastano;119000;49900;t0021one19;https://burgues.com/media/catalog/product/t/0/t0021one19-2_1.jpg;configurable;ARCHIVE;
V2223CLO30;ChombaCloud;Remeras;Chombas;Vestir;Classic;;100%Lino;99000;29900;v2223clo30;https://burgues.com/media/catalog/product/v/2/v2223clo30.jpg;configurable;ARCHIVE;
V2223CLO01;ChombaCloud;Remeras;Chombas;Vestir;Classic;;100%Lino;99000;29900;v2223clo01;https://burgues.com/media/catalog/product/v/2/v2223clo01.jpg;configurable;ARCHIVE;
V2223CLO10;ChombaCloud;Remeras;Chombas;Vestir;Classic;;100%Lino;99000;29900;v2223clo10;;configurable;ARCHIVE;XS|M
T0052CLO21;CamisaCloud;Camisas;Camisas;Vestir;;;100%Algodón;219900;149900;t0052clo21;;configurable;ARCHIVE;
B0076LIN21;TrajedeBañoLinen;Trajesdebaño;Trajesdebaño;Sport;ClassicFit;;100%Lino;199900;129900;b0076lin21;https://burgues.com/media/catalog/product/b/0/b0076lin21-1.jpg;configurable;ARCHIVE;M|L|XL|XXL
B0076LIN2A;TrajedeBañoLinen;Trajesdebaño;Trajesdebaño;Sport;ClassicFit;;100%Lino;199900;129900;b0076lin2a;https://burgues.com/media/catalog/product/b/0/b0076lin2a_0886.jpg;configurable;ARCHIVE;L|XL|XXL
B0076LIN10;TrajedeBañoLinen;Trajesdebaño;Trajesdebaño;Sport;ClassicFit;;100%Lino;199900;129900;b0076lin10;https://burgues.com/media/catalog/product/b/0/b0076lin10_0619_1_.jpg;configurable;ARCHIVE;S|L|XL|XXL
T0041REN30;SweaterRenee;Sweaters;Sweaters;Vestir;ClassicFit;;WoolBlend|50%LanaMerino-30%Poliamida-20%Acrilico;169900;99900;t0041ren30;https://burgues.com/media/catalog/product/t/0/t0041ren30_265793_1.jpg;configurable;ARCHIVE;
T0041REN21;SweaterRenee;Sweaters;Sweaters;Vestir;ClassicFit;;WoolBlend|50%LanaMerino-30%Poliamida-20%Acrilico;169900;99900;t0041ren21;https://burgues.com/media/catalog/product/t/0/t0041ren21_265682.jpg;configurable;ARCHIVE;XS|S
T0041REN10;SweaterRenee;Sweaters;Sweaters;Vestir;ClassicFit;;WoolBlend|50%LanaMerino-30%Poliamida-20%Acrilico;169900;99900;t0041ren10;https://burgues.com/media/catalog/product/b/0/b0073poi60_265388.jpg;configurable;ARCHIVE;XS
T0041REN08;SweaterRenee;Sweaters;Sweaters;Vestir;ClassicFit;;WoolBlend|50%LanaMerino-30%Poliamida-20%Acrilico;169900;99900;t0041ren08;https://burgues.com/media/catalog/product/t/0/t0041ren08_265840.jpg;configurable;ARCHIVE;
B0076GANA8;TrajedeBañoGannat;Trajesdebaño;Trajesdebaño;Sport;ClassicFit;;100%Algodón;149900;79900;b0076gana8;https://burgues.com/media/catalog/product/b/0/b0076gana8_0108.jpg;configurable;ARCHIVE;XS|S|M|L|XL|XXL
T0021FOA10;RemeraFoam;Remeras;Remeras;Vestir;Classic;CuelloRedondo;100%Lino;119900;49900;t0021foa10;https://burgues.com/media/catalog/product/t/0/t0021foa10.jpg;configurable;ARCHIVE;
T0021FOA35;RemeraFoam;Remeras;Remeras;Vestir;Classic;CuelloRedondo;100%Lino;119900;49900;t0021foa35;https://burgues.com/media/catalog/product/t/0/t0021foa35.jpg;configurable;ARCHIVE;
T0021FOA21;RemeraFoam;Remeras;Remeras;Vestir;Classic;CuelloRedondo;100%Lino;119900;49900;t0021foa21;https://burgues.com/media/catalog/product/t/0/t0021foa21.jpg;configurable;ARCHIVE;M|L|XL
T0021FOA62;RemeraFoam;Remeras;Remeras;Vestir;Classic;CuelloRedondo;100%Lino;119900;49900;t0021foa62;https://burgues.com/media/catalog/product/t/0/t0021foa62.jpg;configurable;ARCHIVE;XL|XXL
T0021FOA01;RemeraFoam;Remeras;Remeras;Vestir;Classic;CuelloRedondo;100%Lino;119900;49900;t0021foa01;https://burgues.com/media/catalog/product/t/0/t0021foa01.jpg;configurable;ARCHIVE;XXL
T0021SAL10;RemeraSalona;Remeras;Remeras;Sport;ClassicFit;CuelloRedondo;CottonBlend|95%Algodón-5%Elastano;119900;49900;t0021sal10;https://burgues.com/media/catalog/product/t/0/t0021sal10_1051.jpg;configurable;ARCHIVE;XS|S
T0021LOF01;RemeraLoftyPimaPeruano;Remeras;Remeras;Vestir;ClassicFit;CuelloRedondo;100%Algodón;99900;29900;t0021lof01;https://burgues.com/media/catalog/product/t/0/t0021lof01-1.jpg;configurable;ARCHIVE;XS|S
T0021LOF10;RemeraLoftyPimaPeruano;Remeras;Remeras;Vestir;ClassicFit;CuelloRedondo;100%Algodón;99900;29900;t0021lof10;https://burgues.com/media/catalog/product/t/0/t0021lof10-5_1.jpg;configurable;ARCHIVE;XS
T0052LUX01;CamisaLuxy;Camisas;Camisas;Vestir;ClassicFit;CuelloItaliano;CottonBlend|98%Algodón-2%Elastano;220000;149900;t0052lux01;https://burgues.com/media/catalog/product/t/0/t0052lux01-4.jpg;configurable;ARCHIVE;
T0041RAL62;SweaterRalph;Sweaters;Sweaters;Vestir;SlimFit;CuelloRedondo;WoolBlend|80%lanalambswool-20%Poliamida;200000;129900;sweater-ralph-62;https://burgues.com/media/catalog/product/t/0/t0041ral62.jpg;configurable;ARCHIVE;
I2243THI10;CamperaThil;Abrigos;Camperas;Vestir;Regular;;100%Poliéster.;140000;69900;i2243thi10;https://burgues.com/media/catalog/product/i/2/i2243thi10-2.jpg;configurable;ARCHIVE;XS|S
I2243THI66;CamperaThil;Abrigos;Camperas;Vestir;Regular;;100%Poliéster.;140000;69900;i2243thi66;https://burgues.com/media/catalog/product/i/2/i2243thi66-1.jpg;configurable;ARCHIVE;XS|S|L|XXL
T0052ISI01;CamisaIsidro;Camisas;Camisas;Vestir;ClassicFit;CuelloItaliano;100%Algodón;140000;69900;t0052isi01;https://burgues.com/media/catalog/product/i/s/isidro01.jpg;configurable;ARCHIVE;XXL|3XL
I2052RIVC1;Camisarivera;Camisas;Camisas;Vestir;SlimFit;CuelloIngles;100%Algodón;120000;49900;i2052rivc1;https://burgues.com/media/catalog/product/i/2/i2052rivc1-1.jpg;configurable;ARCHIVE;XS|S|M
V2343DAI08;HoodieDaily;Buzos;Hoodies;Sport;Regular;;100%Algodón;120000;49900;v2343dai08;https://burgues.com/media/catalog/product/v/2/v2343dai08-1.jpg;configurable;ARCHIVE;
L0071AUS00;JeanAustria;Denim;Denim;Sport;SlimFit;;CottonBlend|98%Algodón-2%Elastano;120000;49900;l0071aus00;https://burgues.com/media/catalog/product/l/0/l0071aus00-1.jpg;configurable;ARCHIVE;28
V2275MIC08;BermudaMichelle;Bermudas;Bermudas;Vestir;Classic;;100%Lino;120000;49900;v2275mic08;https://burgues.com/media/catalog/product/v/2/v2275mic08.jpg;configurable;ARCHIVE;
V2275MIC21;BermudaMichelle;Bermudas;Bermudas;Vestir;Classic;;100%Lino;120000;49900;v2275mic21;https://burgues.com/media/catalog/product/v/2/v2275mic21.jpg;configurable;ARCHIVE;
T0043BIA10;BuzoBiarritz;Buzos;Buzos;Sport;Regular;CuelloRedondo;100%Algodón;120000;49900;t0043bia10;https://burgues.com/media/catalog/product/t/0/t0043bia10.jpg;configurable;ARCHIVE;
V2243AVE10;BuzoAvenue;Buzos;Buzos;Sport;Regular;CuelloRedondo;CottoBlend|65%Algodón-35%Poliéster;120000;49900;v2243ave10;https://burgues.com/media/catalog/product/v/2/v2243ave10.jpg;configurable;ARCHIVE;
B0075BEL21;BermudaBeltran;Bermudas;Bermudas;Sport;ClassicFit;;100%Algodón;120000;49900;b0075bel21;https://burgues.com/media/catalog/product/b/0/b0075bel21-2.jpg;configurable;ARCHIVE;XS|S|L|XL
B0075BEL08;BermudaBeltran;Bermudas;Bermudas;Sport;ClassicFit;;100%Algodón;120000;49900;b0075bel08;https://burgues.com/media/catalog/product/b/0/b0075bel08.1.jpg;configurable;ARCHIVE;L|XL|XXL
V2275FRE11;BermudaFrederic;Bermudas;Bermudas;Sport;ClassicFit;;100%Algodón;110000;39900;v2275fre11;https://burgues.com/media/catalog/product/v/2/v2275fre11.jpg;configurable;ARCHIVE;28|30
I2241LUX10;SweaterLuxe;Sweaters;Sweaters;Vestir;SlimFit;CuelloRedondo;WoolBlend|20%Lana-25%Poliéster-25%Algodón-30%Viscosa;160000;89000;i2241lux10;https://burgues.com/media/catalog/product/i/2/i2241lux10.jpg;configurable;ARCHIVE;
V2294BER6N;DriveBerlin;Shoes;Mocasin;Vestir;;;100%CueroVacuno;170000;95000;v2294ber6n;https://burgues.com/media/catalog/product/v/2/v2294ber6n.jpg;configurable;ARCHIVE;
V1997JANC1;EspadrilleJane;Shoes;Mocasin;Vestir;;;100%CueroVacuno-Suela50%Caucho-50%Yute;170000;95000;v1997janc1;https://burgues.com/media/catalog/product/v/1/v1997janc1.jpg;configurable;ARCHIVE;
B0077NOR61;BermudaNorah;Bermudas;Bermudas;Vestir;ClassicFit;;CottonBlend|97%Algodón-3%Elastano;149900;74900;b0077nor61;https://burgues.com/media/catalog/product/b/0/b0077nor62.jpg;configurable;ARCHIVE;XS|L|XL|XXL
B0077NOR62;BermudaNorah;Bermudas;Bermudas;Vestir;ClassicFit;;CottonBlend|97%Algodón-3%Elastano;149900;74900;b0077nor62;https://burgues.com/media/catalog/product/b/0/b0077nor62.jpg;configurable;ARCHIVE;XL|XXL
B0077NOR63;BermudaNorah;Bermudas;Bermudas;Vestir;ClassicFit;;CottonBlend|97%Algodón-3%Elastano;149900;74900;b0077nor63;https://burgues.com/media/catalog/product/b/0/b0077nor63-1.jpg;configurable;ARCHIVE;S|L|XL|XXL
B0077NOR10;BermudaNorah;Bermudas;Bermudas;Vestir;ClassicFit;;CottonBlend|97%Algodón-3%Elastano;149900;74900;b0077nor10;https://burgues.com/media/catalog/product/b/0/b0077nor10-1.jpg;configurable;ARCHIVE;XS|S|M|L|XL|XXL
B0077NOR21;BermudaNorah;Bermudas;Bermudas;Vestir;ClassicFit;;CottonBlend|97%Algodón-3%Elastano;149900;74900;b0077nor21;https://burgues.com/media/catalog/product/b/0/b0077nor21-1_3_.jpg;configurable;ARCHIVE;XS|S|L|XL|XXL
T0043ICO08;BuzoIconic;Buzos;Buzos;Sport;Regular;CuelloRedondo;100%Algodón;125000;49900;t0043ico08;https://burgues.com/media/catalog/product/t/0/t0043ico08-1.jpg;configurable;ARCHIVE;XS|S
I2143MAI10;BuzoMaison;Buzos;Buzos;Sport;Regular;CuelloRedondo;100%Algodón;125000;49900;i2143mai10;https://burgues.com/media/catalog/product/i/2/i2143mai10-1.jpg;configurable;ARCHIVE;XS|M
V2343ICO21;BuzoIconic;Buzos;Buzos;Sport;Regular;CuelloRedondo;100%Algodón;125000;49900;v2343ico21;https://burgues.com/media/catalog/product/v/2/v2343ico21-1.jpg;configurable;ARCHIVE;XS|S|M
V2343ICO30;BuzoIconic;Buzos;Buzos;Sport;Regular;CuelloRedondo;100%Algodón;125000;49900;v2343ico30;https://burgues.com/media/catalog/product/v/2/v2343ico30.jpg;configurable;ARCHIVE;
L0071OLI00;JeanOlimpia;Denim;Denim;Sport;SlimFit;;CottonBlend|98%Algodón-2%Elastano;125000;49900;l0071oli00;https://burgues.com/media/catalog/product/l/0/l0071oli00-1_1.jpg;configurable;ARCHIVE;
B0074SEG21;JoggingSeglien;Joggings;Joggings;Sport;SlimFit;;69%Viscosa-27%Poliamida-4%Elastano;125000;49900;b0074seg21;https://burgues.com/media/catalog/product/b/0/b0074seg21_1.jpg;configurable;ARCHIVE;
B0074SER08;JoggingSerge;Joggings;Joggings;Sport;SlimFit;;69%Viscosa-27%Poliamida-4%Elastano;125000;49900;b0074ser08;https://burgues.com/media/catalog/product/b/0/b0074ser08-1.jpg;configurable;ARCHIVE;XS
B0074SEG10;JoggingSeglien;Joggings;Joggings;Sport;SlimFit;;69%Viscosa-27%Poliamida-4%Elastano;125000;49900;b0074seg10;https://burgues.com/media/catalog/product/b/0/b0074seg10-1.jpg;configurable;ARCHIVE;
I2274SEG12;JoggingSeglien;Joggings;Joggings;Sport;SlimFit;;69%Viscosa-27%Poliamida-4%Elastano;125000;49900;i2274seg12;https://burgues.com/media/catalog/product/i/2/i2274seg12.jpg;configurable;ARCHIVE;
B0074PAR10;JoggingParis;Joggings;Joggings;Sport;SlimFit;;100%Algodón;125000;49900;b0074par10;https://burgues.com/media/catalog/product/b/0/b0074par10.jpg;configurable;ARCHIVE;
I2274SEG21;JoggingSeglien;Joggings;Joggings;Sport;SlimFit;;69%Viscosa-27%Poliamida-4%Elastano;125000;49900;i2274seg21;https://burgues.com/media/catalog/product/i/2/i2274seg21.jpg;configurable;ARCHIVE;
V2274PIE61;JoggingPierre;Joggings;Joggings;Sport;SlimFit;;100%Algodón;125000;49900;v2274pie61;https://burgues.com/media/catalog/product/v/2/v2274pie61.jpg;configurable;ARCHIVE;
I2174SER61;JoggingSerge;Joggings;Joggings;Sport;SlimFit;;69%Viscosa-27%Poliamida-4%Elastano;125000;49900;i2174ser61;https://burgues.com/media/catalog/product/i/2/i2174ser61.jpg;configurable;ARCHIVE;
B0071MER00;JeanMeridian;Pantalones;Denim;Sport;SlimFit;;CottonBlend|98%Algodón-2%Elastano;125000;49900;b0071mer00;https://burgues.com/media/catalog/product/b/0/b0071mer00.jpg;configurable;ARCHIVE;28
L0071SER21;JeanSerrano;Pantalones;Denim;Sport;SlimFit;;CottonBlend|98%Algodón-2%Elastano;125000;49900;l0071ser21;https://burgues.com/media/catalog/product/l/0/l0071ser21.jpg;configurable;ARCHIVE;
B0074SEG12;JoggingSeglien;Pantalones;Joggings;Sport;SlimFit;;69%Viscosa-27%Poliamida-4%Elastano;125000;49900;b0074seg12;https://burgues.com/media/catalog/product/b/0/b0074seg12.jpg;configurable;ARCHIVE;
V2274PIE66;JoggingPierre;Pantalones;Joggings;Sport;SlimFit;;100%Algodón;125000;49900;v2274pie66;https://burgues.com/media/catalog/product/v/2/v2274pie66.jpg;configurable;ARCHIVE;
I2174SER21;JoggingSerge;Pantalones;Joggings;Sport;SlimFit;;69%Viscosa-27%Poliamida-4%Elastano;125000;49900;i2174ser21;https://burgues.com/media/catalog/product/i/2/i2174ser21.jpg;configurable;ARCHIVE;
L0074STA14;JoggingStamp;Pantalones;Joggings;Sport;SlimFit;;100%Algodón;125000;49900;l0074sta14;https://burgues.com/media/catalog/product/l/0/l0074sta14.jpg;configurable;ARCHIVE;
V2343ICO01;BuzoIconic;Buzos;Buzos;Sport;Regular;CuelloRedondo;100%Algodón;125000;49900;v2343ico01;https://burgues.com/media/catalog/product/v/2/v2343ico01-2.jpg;configurable;ARCHIVE;XS|S
I2043ICO61;BuzoIconic;Buzos;Buzos;Sport;Regular;CuelloRedondo;100%Algodón;125000;49900;i2043ico61;https://burgues.com/media/catalog/product/i/2/i2043ico61.jpg;configurable;ARCHIVE;
V2343ICO12;BuzoIconic;Buzos;Buzos;Sport;Regular;CuelloRedondo;100%Algodón;125000;49900;v2343ico12;https://burgues.com/media/catalog/product/v/2/v2343ico12.jpg;configurable;ARCHIVE;
V2343ICO23;BuzoIconic;Buzos;Buzos;Sport;Regular;CuelloRedondo;100%Algodón;125000;49900;v2343ico23;https://burgues.com/media/catalog/product/v/2/v2343ico23-1.jpg;configurable;ARCHIVE;XS|M
I2243ICO2A;BuzoIconic;Buzos;Buzos;Sport;Regular;CuelloRedondo;100%Algodón;125000;49900;i2243ico2a;https://burgues.com/media/catalog/product/i/2/i2243ico2a.jpg;configurable;ARCHIVE;XS|S
I2143MAI21;BuzoMaison;Buzos;Buzos;Sport;Regular;CuelloRedondo;100%Algodón;125000;49900;i2143mai21;https://burgues.com/media/catalog/product/i/2/i2143mai21-1.jpg;configurable;ARCHIVE;
T0043ICO10;BuzoIconic;Buzos;Buzos;Sport;Regular;CuelloRedondo;100%Algodón;125000;49900;t0043ico10;https://burgues.com/media/catalog/product/l/0/l0043ico10-2.jpg;configurable;ARCHIVE;XS
T0043IRV10;BuzoIrvin;Buzos;Buzos;Sport;Regular;CuelloRedondo;100%Algodón;149000;69900;t0043irv10;https://burgues.com/media/catalog/product/t/0/t0043irv10-5_2_.jpg;configurable;ARCHIVE;
I2364GOD10;CamperaGodard;Abrigos;Camperas;Vestir;Regular;;100%Algodón;200000;120000;i2364god10;https://burgues.com/media/catalog/product/i/2/i2364god10.jpg;configurable;ARCHIVE;
I2364GOD21;CamperaGodard;Abrigos;Camperas;Vestir;Regular;;100%Algodón;200000;120000;i2364god21;https://burgues.com/media/catalog/product/i/2/i2364god21.jpg;configurable;ARCHIVE;
I2364GOD08;CamperaGodard;Abrigos;Camperas;Vestir;Regular;;100%Algodón;200000;120000;i2364god08;https://burgues.com/media/catalog/product/i/2/i2364god08.jpg;configurable;ARCHIVE;
B0073NOR61;PantalónNorah;Pantalones;Pantalones;Vestir;SlimFit;;CottonBlend|98%Algodón-2%Elastano;179900;99900;b0073nor61;https://burgues.com/media/catalog/product/b/0/b0073nor61-1.jpg;configurable;ARCHIVE;38|44|48
B0073NOR66;PantalónNorah;Pantalones;Pantalones;Vestir;SlimFit;;CottonBlend|98%Algodón-2%Elastano;179900;99900;b0073nor66;https://burgues.com/media/catalog/product/b/0/b0073nor66-1.jpg;configurable;ARCHIVE;44|46|48|50
B0073NOR10;PantalónNorah;Pantalones;Pantalones;Vestir;SlimFit;;CottonBlend|98%Algodón-2%Elastano;179900;99900;b0073nor10;https://burgues.com/media/catalog/product/b/0/b0073nor10-1_1.jpg;configurable;ARCHIVE;40|42|44|46|48
B0073NOR21;PantalónNorah;Pantalones;Pantalones;Vestir;SlimFit;;CottonBlend|98%Algodón-2%Elastano;179900;99900;b0073nor21;https://burgues.com/media/catalog/product/b/0/b0073nor21_0010.jpg;configurable;ARCHIVE;
T0021LIN10;RemeraLinen|PuroLino;Remeras;Remeras;Vestir;ClassicFit;;100%Lino;159900;79900;t0021lin10;https://burgues.com/media/catalog/product/t/0/t0021lin10_0099.jpg;configurable;ARCHIVE;XS|S|M|L|XL|XXL
T0021HEA01;RemeraHeavy;Remeras;Remeras;Vestir;Classic;CuelloRedondo;100%Algodón;129900;49900;t0021hea01;https://burgues.com/media/catalog/product/t/0/t0021hea01-4.jpg;configurable;ARCHIVE;
T0021HEA10;RemeraHeavy;Remeras;Remeras;Vestir;Classic;CuelloRedondo;100%Algodón;129900;49900;t0021hea10;https://burgues.com/media/catalog/product/t/0/t0021hea10-1.jpg;configurable;ARCHIVE;
T0021HEA62;RemeraHeavy;Remeras;Remeras;Vestir;Classic;CuelloRedondo;100%Algodón;129900;49900;t0021hea62;https://burgues.com/media/catalog/product/t/0/t0021hea62-4.jpg;configurable;ARCHIVE;
I2221HEA12;RemeraHeavy;Remeras;Remeras;Vestir;Classic;CuelloRedondo;100%Algodón;129900;49900;i2221hea12;https://burgues.com/media/catalog/product/i/2/i2221hea12.jpg;configurable;ARCHIVE;
I2221HEF01;RemeraInterlockBordadaHefty;Remeras;Remeras;Vestir;Classic;CuelloRedondo;100%Algodón;129900;49900;i2221hef01;https://burgues.com/media/catalog/product/i/2/i2221hef01.jpg;configurable;ARCHIVE;
I2221HEF10;RemeraHefty;Remeras;Remeras;Vestir;Classic;CuelloRedondo;100%Algodón;129900;49900;i2221hef10;https://burgues.com/media/catalog/product/i/2/i2221hef10.jpg;configurable;ARCHIVE;
T0021BAN01;RemeraBastianPimaPeruano;Remeras;Remeras;Sport;Regular;CuelloRedondo;100%Algodón;129900;49900;t0021ban01;https://burgues.com/media/catalog/product/t/0/t0021ban01-1.jpg;configurable;ARCHIVE;
T0021BAN21;RemeraBastianPimaPeruano;Remeras;Remeras;Sport;Regular;CuelloRedondo;100%Algodón;129900;49900;t0021ban21;https://burgues.com/media/catalog/product/t/0/t0021ban21-1.jpg;configurable;ARCHIVE;
T0020PAV01;ChombaPavi;Remeras;Remeras;Vestir;Classic;CuelloRedondo;100%Algodón;109900;29900;t0020pav01;https://burgues.com/media/catalog/product/t/0/t0020pav01-1.jpg;configurable;ARCHIVE;XS|XL
T0020PAV10;ChombaPavi;Remeras;Remeras;Vestir;Classic;CuelloRedondo;100%Algodón;109900;29900;t0020pav10;https://burgues.com/media/catalog/product/t/0/t0020pav10-1.jpg;configurable;ARCHIVE;
I2243TED10;CamperaTed;Buzos;Camperas;Vestir;Regular;;100%Algodón;180000;99900;i2243ted10;https://burgues.com/media/catalog/product/i/2/i2243ted10-1.jpg;configurable;ARCHIVE;
I2343TEDN4;CamperaTed;Buzos;Camperas;Vestir;Regular;;100%Algodón;180000;99900;i2343tedn4;https://burgues.com/media/catalog/product/i/2/i2343tedn4.jpg;configurable;ARCHIVE;
I2143TED21;CamperaTed;Abrigos;Camperas;Vestir;Regular;;100%Algodón;180000;99900;i2143ted21;https://burgues.com/media/catalog/product/i/2/i2143ted21.jpg;configurable;ARCHIVE;
T0064SEG10;CamperaSeglien;Abrigos;Camperas;Sport;Regular;;69%Viscosa27%Poliamida4%Elastano.;150000;69900;t0064seg10;https://burgues.com/media/catalog/product/t/0/t0064seg10.jpg;configurable;ARCHIVE;
T0064SEG21;CamperaSeglien;Abrigos;Camperas;Sport;Regular;;69%Viscosa27%Poliamida4%Elastano.;150000;69900;t0064seg21;https://burgues.com/media/catalog/product/t/0/t0064seg21.jpg;configurable;ARCHIVE;
T0043PAR61;CamperaParis;Buzos;Camperas;Vestir;Regular;;100%Algodón;150000;69900;t0043par61;https://burgues.com/media/catalog/product/t/0/t0043par61.jpg;configurable;ARCHIVE;XS|S
B0071TOR21;JeanTorino;Denim;Denim;Sport;SlimFit;;CottonBlend|98%Algodón-2%Elastano;150000;69900;b0071tor21;https://burgues.com/media/catalog/product/b/0/b0071tor21-1.jpg;configurable;ARCHIVE;28
B0073GRA10;PantalónGrant;Pantalones;Pantalones;Vestir;SlimFit;;100%Lino;150000;69900;b0073gra10;https://burgues.com/media/catalog/product/b/0/b0073gra10.jpg;configurable;ARCHIVE;
S0095GAL00;ZapatillaGalaxy;Shoes;Zapatillas;Sport;;;100%CueroVacuno;150000;69900;s0095gal00;https://burgues.com/media/catalog/product/s/0/s0095gal00.jpg;configurable;ARCHIVE;39|40
S0095GAL10;ZapatillaGalaxy;Shoes;Zapatillas;Sport;;;100%CueroVacuno;150000;69900;s0095gal10;https://burgues.com/media/catalog/product/s/0/s0095gal10.jpg;configurable;ARCHIVE;
L0052SHI23;CamisaShine;Camisas;Camisas;Vestir;SlimFit;CuelloCutaway;CottonBlend|98%Algodón-2%Elastano;150000;69900;l0052shi23;https://burgues.com/media/catalog/product/l/0/l0052shi23.jpg;configurable;ARCHIVE;
L0052SHI21;CamisaShine;Camisas;Camisas;Vestir;SlimFit;CuelloCutaway;CottonBlend|98%Algodón-2%Elastano;150000;69900;l0052shi21;https://burgues.com/media/catalog/product/l/0/l0052shi21.jpg;configurable;ARCHIVE;
L0052SHI01;CamisaShine;Camisas;Camisas;Vestir;SlimFit;CuelloCutaway;CottonBlend|98%Algodón-2%Elastano;150000;69900;l0052shi01;https://burgues.com/media/catalog/product/l/0/l0052shi01.jpg;configurable;ARCHIVE;
L0052SHI10;CamisaShine;Camisas;Camisas;Vestir;SlimFit;CuelloCutaway;CottonBlend|98%Algodón-2%Elastano;150000;69900;l0052shi10;https://burgues.com/media/catalog/product/l/0/l0052shi10.jpg;configurable;ARCHIVE;
T0052OSL01;CamisaOslo|PuroLino;Camisas;Camisas;Vestir;ClassicFit;CuelloCutaway;100%Lino;150000;69900;t0052osl01;https://burgues.com/media/catalog/product/t/0/t0052osl01.jpg;configurable;ARCHIVE;
T0052OSL21;CamisaOslo|PuroLino;Camisas;Camisas;Vestir;ClassicFit;CuelloCutaway;100%Lino;150000;69900;t0052osl21;https://burgues.com/media/catalog/product/t/0/t0052osl21.jpg;configurable;ARCHIVE;XS|S
T0052OSL10;CamisaOslo|PuroLino;Camisas;Camisas;Vestir;ClassicFit;CuelloCutaway;100%Lino;150000;69900;t0052osl10;https://burgues.com/media/catalog/product/t/0/t0052osl10.jpg;configurable;ARCHIVE;
S0095GAL01;ZapatillaGalaxy;Shoes;Zapatillas;Sport;;;100%CueroVacuno;150000;69900;s0095gal01;https://burgues.com/media/catalog/product/s/0/s0095gal01.jpg;configurable;ARCHIVE;
T0052MOR01;CamisaMoroco;Camisas;Camisas;Vestir;SlimFit;CuelloCutaway;100%Algodón;150000;69900;t0052mor01;https://burgues.com/media/catalog/product/t/0/t0052mor01.jpg;configurable;ARCHIVE;XS|S
V2352BLA01;CamisaBlake;Camisas;Camisas;Sport;ClassicFit;CuelloCutaway;100%Algodón;150000;69900;v2352bla01;https://burgues.com/media/catalog/product/v/2/v2352bla01.jpg;configurable;ARCHIVE;XS|XXL|3XL
T0052LAG21;CamisaLagar;Camisas;Camisas;Vestir;SlimFit;CuelloCutaway;100%Algodón;140000;59900;t0052lag21;https://burgues.com/media/catalog/product/t/0/t0052lag21-1.jpg;configurable;ARCHIVE;XS|S|XXL|3XL
T0052LAG61;CamisaLagar;Camisas;Camisas;Vestir;SlimFit;CuelloCutaway;100%Algodón;140000;59900;t0052lag61;https://burgues.com/media/catalog/product/t/0/t0052lag61-1.jpg;configurable;ARCHIVE;XS|S|XL
T0052LAG3E;CamisaLagar;Camisas;Camisas;Vestir;SlimFit;CuelloCutaway;100%Algodón;140000;59900;t0052lag3e;https://burgues.com/media/catalog/product/t/0/t0052lag3e-1.jpg;configurable;ARCHIVE;XS|S|M|L|XL|XXL
T0052LAG62;CamisaLagar;Camisas;Camisas;Vestir;SlimFit;CuelloCutaway;100%Algodón;140000;59900;t0052lag62;https://burgues.com/media/catalog/product/t/0/t0052lag62_1038.jpg;configurable;ARCHIVE;XS|S
T0052LEG30;CamisaLeger;Camisas;Camisas;Vestir;SlimFit;CuelloCutaway;100%Algodón;140000;59900;t0052leg30;https://burgues.com/media/catalog/product/t/0/t0052leg30.jpg;configurable;ARCHIVE;3XL
T0052LAG30;CamisaLagar;Camisas;Camisas;Vestir;SlimFit;;100%Algodón;140000;59900;t0052lag30;https://burgues.com/media/catalog/product/t/0/t0052lag30_1.jpg;configurable;ARCHIVE;3XL
T0052LEG01;CamisaLeger;Camisas;Camisas;Vestir;SlimFit;;100%Algodón;140000;59900;t0052leg01;https://burgues.com/media/catalog/product/t/0/t0052leg01.jpg;configurable;ARCHIVE;XXL|3XL
T0052LEG21;CamisaLeger;Camisas;Camisas;Vestir;SlimFit;;100%Algodón;140000;59900;t0052leg21;https://burgues.com/media/catalog/product/i/2/i2152leg21-1.jpg;configurable;ARCHIVE;S|3XL
T0052LEI21;CamisaLeir;Camisas;Camisas;Vestir;SlimFit;CuelloCutaway;100%Algodón;130000;49900;t0052lei21;https://burgues.com/media/catalog/product/b/_/b_i23_0824_1.jpg;configurable;ARCHIVE;XS|S|M|L|XL|XXL|3XL
B0075SOP10;BermudaSophia;Bermudas;Bermudas;Sport;ClassicFit;;100%Lino;130000;49900;b0075sop10;https://burgues.com/media/catalog/product/b/0/b0075sop10.jpg;configurable;ARCHIVE;
T0043LEN01;BuzoPuroLinoLenox;Buzos;Buzos;Sport;Regular;CuelloRedondo;100%Lino;130000;49900;t0043len01;https://burgues.com/media/catalog/product/t/0/t0043len01.jpg;configurable;ARCHIVE;M|L|XL|XXL
T0043LEN21;BuzoPuroLinoLenox;Buzos;Buzos;Sport;Regular;CuelloRedondo;100%Lino;130000;49900;t0043len21;https://burgues.com/media/catalog/product/t/0/t0043len21.jpg;configurable;ARCHIVE;L|XL|XXL
B0075SOP21;BermudaSophia;Bermudas;Bermudas;Sport;ClassicFit;;100%Lino;130000;49900;b0075sop21;https://burgues.com/media/catalog/product/b/0/b0075sop21.jpg;configurable;ARCHIVE;
B0075SOP63;BermudaSophia;Bermudas;Bermudas;Sport;ClassicFit;;100%Lino;130000;49900;b0075sop63;https://burgues.com/media/catalog/product/b/0/b0075sop63.jpg;configurable;ARCHIVE;
B0077RINA2;BermudaRino;Bermudas;Bermudas;Vestir;ClassicFit;;LinenBlend|53%Lino-47%Algodón;130000;49900;b0077rina2;https://burgues.com/media/catalog/product/b/0/b0077rina2.jpg;configurable;ARCHIVE;40|42|44|46
T0043LEN35;BuzoPuroLinoLenox;Buzos;Buzos;Sport;Regular;;100%Lino;130000;49900;t0043len35;https://burgues.com/media/catalog/product/_/l/_lr02283_1_.jpg;configurable;ARCHIVE;S|XL|XXL
V1873RYA40;PantalónRyan;Pantalones;Pantalones;Vestir;SlimFit;;CottonBlend|95%Algodón-5%Elastano;150000;69000;v1873rya40;https://burgues.com/media/catalog/product/v/1/v1873rya40.jpg;configurable;ARCHIVE;42|44|46
V1873RYA62;PantalónRyan;Pantalones;Pantalones;Vestir;SlimFit;;CottonBlend|95%Algodón-5%Elastano;150000;69000;v1873rya62;https://burgues.com/media/catalog/product/v/1/v1873rya62.jpg;configurable;ARCHIVE;
V1873RYA10;PantalónRyan;Pantalones;Pantalones;Vestir;SlimFit;;CottonBlend|95%Algodón-5%Elastano;150000;69000;v1873rya10;https://burgues.com/media/catalog/product/v/1/v1873rya10.jpg;configurable;ARCHIVE;
V2373CUZ21;PantalónCuzco;Pantalones;Pantalones;Vestir;SlimFit;;100%Lino;160000;75000;v2373cuz21;https://burgues.com/media/catalog/product/v/2/v2373cuz21.jpg;configurable;ARCHIVE;
V2373CUZ10;PantalónCuzco;Pantalones;Pantalones;Vestir;SlimFit;;100%Lino;160000;75000;v2373cuz10;https://burgues.com/media/catalog/product/v/2/v2373cuz10.jpg;configurable;ARCHIVE;
B0071DER24;JeanDerby;Denim;Pantalones;Sport;SlimFit;;CottonBlend|98%Algodón-2%Elastano;135000;49900;b0071der24;https://burgues.com/media/catalog/product/b/0/b0071der24-1.jpg;configurable;ARCHIVE;
B0071LOI23;JeanLois;Denim;Pantalones;Sport;SlimFit;;CottonBlend|98%Algodón-2%Elastano;135000;49900;b0071loi23;https://burgues.com/media/catalog/product/b/0/b0071loi23-1.jpg;configurable;ARCHIVE;28|30
T0041GRE50;SweaterGreta;Sweaters;Sweaters;Vestir;SlimFit;CuelloRedondo;CottonBlend|80%Algodón-20%Viscosa;135000;49900;t0041gre50;https://burgues.com/media/catalog/product/_/d/_dsc1426.jpg;configurable;ARCHIVE;
T0041GRE10;SweaterGreta;Sweaters;Sweaters;Vestir;SlimFit;;CottonBlend|80%Algodón-20%Viscosa;135000;49900;t0041gre10;https://burgues.com/media/catalog/product/t/0/t0041gre10.jpg;configurable;ARCHIVE;
T0041GRE08;SweaterGreta;Sweaters;Sweaters;Vestir;SlimFit;CuelloRedondo;CottonBlend|80%Algodón-20%Viscosa;135000;49900;t0041gre08;https://burgues.com/media/catalog/product/t/0/t0041gre08.jpg;configurable;ARCHIVE;
T0051GAL21;PoloGala|PuroAlgodón;Sweaters;Chombas;Vestir;Relaxed;;100%Algodón;239900;149900;t0051gal21;https://burgues.com/media/catalog/product/t/0/t0051gal21_0524.jpg;configurable;ARCHIVE;
T0051GAL66;PoloGala|PuroAlgodón;Sweaters;Chombas;Vestir;Regular;;100%Algodón;239900;149900;t0051gal66;https://burgues.com/media/catalog/product/t/0/t0051gal66_1322.jpg;configurable;ARCHIVE;XS|L|XL|XXL
T0043YOR10;BuzoYork;Buzos;Buzos;Sport;Regular;CuelloPolera;100%Algodón;139900;49900;t0043yor10;https://burgues.com/media/catalog/product/t/0/t0043yor10-4.jpg;configurable;ARCHIVE;XS|S
T0043YOR08;BuzoYork;Buzos;Buzos;Sport;Regular;CuelloPolera;100%Algodón;139900;49900;t0043yor08;https://burgues.com/media/catalog/product/t/0/t0043yor08-1.jpg;configurable;ARCHIVE;XS|S|XL
I2343YOR55;BuzoYork;Buzos;Buzos;Sport;Regular;CuelloPolera;100%Algodón;139900;49900;i2343yor55;https://burgues.com/media/catalog/product/i/2/i2343yor55.jpg;configurable;ARCHIVE;XS|S|L|XL|XXL
T0052FRA10;CamisaFrancis;Camisas;Camisas;Vestir;SlimFit;CuelloCutaway;100%Algodón;160000;69900;t0052fra10;https://burgues.com/media/catalog/product/t/0/t0052fra10.jpg;configurable;ARCHIVE;XS|S|M
T0043CRO21;HoodieCross;Buzos;Hoodies;Sport;Regular;CuelloenV;100%Algodón;140000;49900;t0043cro21;https://burgues.com/media/catalog/product/t/0/t0043cro21-1.jpg;configurable;ARCHIVE;XS|S|M
T0043LIT10;HoodieLittle;Buzos;Hoodies;Sport;Regular;;100%Algodón;140000;49900;t0043lit10;https://burgues.com/media/catalog/product/t/0/t0043lit10.jpg;configurable;ARCHIVE;XS
V2343LIT23;HoodieLittle;Buzos;Hoodies;Sport;Regular;;100%Algodón;140000;49900;v2343lit23;https://burgues.com/media/catalog/product/v/2/v2343lit23.jpg;configurable;ARCHIVE;
I2341ROM61;SweaterRomeo;Sweaters;Sweaters;Vestir;SlimFit;CuelloRedondo;WoolBlend|50%Lana-50%Acrilico;140000;49900;i2341rom61;https://burgues.com/media/catalog/product/i/2/i2341rom61-1.jpg;configurable;ARCHIVE;
I2341ROM10;SweaterRomeo;Sweaters;Sweaters;Vestir;SlimFit;CuelloRedondo;WoolBlend|50%Lana-50%Acrilico;140000;49900;i2341rom10;https://burgues.com/media/catalog/product/i/2/i2341rom10.jpg;configurable;ARCHIVE;
I2341ROM21;SweaterRomeo;Sweaters;Sweaters;Vestir;SlimFit;CuelloRedondo;WoolBlend|50%Lana-50%Acrilico;140000;49900;i2341rom21;https://burgues.com/media/catalog/product/i/2/i2341rom21.jpg;configurable;ARCHIVE;
I2341ROM30;SweaterRomeo;Sweaters;Sweaters;Vestir;SlimFit;CuelloRedondo;WoolBlend|50%Lana-50%Acrilico;140000;49900;i2341rom30;https://burgues.com/media/catalog/product/i/2/i2341rom30-1.jpg;configurable;ARCHIVE;
L0073DOH62;PantalónDoha;Pantalones;Pantalones;Vestir;SlimFit;;100%Algodón;140000;49900;l0073doh62;https://burgues.com/media/catalog/product/l/0/l0073doh62.jpg;configurable;ARCHIVE;
L0073DOH21;PantalónDoha;Pantalones;Pantalones;Vestir;SlimFit;;100%Algodón;140000;49900;l0073doh21;https://burgues.com/media/catalog/product/l/0/l0073doh21.jpg;configurable;ARCHIVE;
L0073DOH23;PantalónDoha;Pantalones;Pantalones;Vestir;SlimFit;;100%Algodón;140000;49900;l0073doh23;https://burgues.com/media/catalog/product/l/0/l0073doh23.jpg;configurable;ARCHIVE;
V2273EMI30;PantalónEmilia;Pantalones;Pantalones;Vestir;SlimFit;;CottonBlend|98%Algodón-2%Spandex;140000;49900;v2273emi30;https://burgues.com/media/catalog/product/v/2/v2273emi30.jpg;configurable;ARCHIVE;44|48|50
V2273EMI21;PantalónEmilia;Pantalones;Pantalones;Vestir;SlimFit;;CottonBlend|98%Algodón-2%Spandex;140000;49900;v2273emi21;https://burgues.com/media/catalog/product/v/2/v2273emi21.jpg;configurable;ARCHIVE;
V2273EMI10;PantalónEmilia;Pantalones;Pantalones;Vestir;SlimFit;;CottonBlend|98%Algodón-2%Spandex;140000;49900;v2273emi10;https://burgues.com/media/catalog/product/v/2/v2273emi10.jpg;configurable;ARCHIVE;44|50
V2273EMI08;PantalónEmilia;Pantalones;Pantalones;Vestir;SlimFit;;CottonBlend|98%Algodón-2%Spandex;140000;49900;v2273emi08;https://burgues.com/media/catalog/product/v/2/v2273emi08.jpg;configurable;ARCHIVE;
V2273EMI62;PantalónEmilia;Pantalones;Pantalones;Vestir;SlimFit;;CottonBlend|98%Algodón-2%Spandex;140000;49900;v2273emi62;https://burgues.com/media/catalog/product/2/2/22743_1_12.jpg;configurable;ARCHIVE;
I2341ROM55;SweaterRomeo;Sweaters;Sweaters;Vestir;SlimFit;CuelloRedondo;WoolBlend|50%Lana-50%Acrilico;140000;49900;i2341rom55;https://burgues.com/media/catalog/product/i/2/i2341rom55.jpg;configurable;ARCHIVE;
I2243LIT39;HoodieLittle;Buzos;Hoodies;Sport;Regular;;100%Algodón;140000;49900;i2243lit39;https://burgues.com/media/catalog/product/i/2/i2243lit39_1.jpg;configurable;ARCHIVE;
V2341MAL21;HoodieMalta;Buzos;Hoodies;Sport;Regular;;100%Algodón;140000;49900;v2341mal21;https://burgues.com/media/catalog/product/v/2/v2341mal21.jpg;configurable;ARCHIVE;
B0073DAR10;PantalónDargent;Pantalones;Pantalones;Vestir;SlimFit;;65%Poliéster-33%Viscosa-2%Elastano;140000;49900;b0073dar10;https://burgues.com/media/catalog/product/_/l/_lr02286.jpg;configurable;ARCHIVE;
B0073DAR21;PantalónDargent;Pantalones;Pantalones;Vestir;SlimFit;;65%Poliéster-33%Viscosa-2%Elastano;140000;49900;b0073dar21;https://burgues.com/media/catalog/product/_/l/_lr02291.jpg;configurable;ARCHIVE;
I2341MAL10;HoodieMalta;Buzos;Hoodies;Sport;Regular;;100%Algodón;140000;49900;i2341mal10;https://burgues.com/media/catalog/product/i/2/i2341mal10-1.jpg;configurable;ARCHIVE;XS
T0030AUS10;CamperaAustin;Abrigos;Camperas;Vestir;ClassicFit;;Delantero/espalda:100%poliéster-mangastejido:100%poliéster-forrería:100%poliamida-relleno:100%poliéster;399900;299900;t0030aus10;https://burgues.com/media/catalog/product/t/0/t0030aus10_0722.jpg;configurable;ARCHIVE;XS
T0030AUS21;CamperaAustin;Abrigos;Camperas;Vestir;ClassicFit;;Delantero/espalda:100%poliéster-mangastejido:100%poliéster-forrería:100%poliamida-relleno:100%poliéster;399900;299900;t0030aus21;https://burgues.com/media/catalog/product/t/0/t0030aus21_0661.jpg;configurable;ARCHIVE;XS
T0030AUS60;CamperaAustin;Abrigos;Camperas;Vestir;ClassicFit;;Delantero/espalda:100%poliéster-mangastejido:100%poliéster-forrería:100%poliamida-relleno:100%poliéster;399900;299900;t0030aus60;https://burgues.com/media/catalog/product/t/0/t0030aus60_0631.jpg;configurable;ARCHIVE;
B0073MER21;PantalónMerida;Pantalones;Pantalones;Vestir;SlimFit;;100%Lino;299000;199000;b0073mer21;https://burgues.com/media/catalog/product/b/0/b0073mer21-1.jpg;configurable;ARCHIVE;42|44|46|48|50
B0073MER04;PantalónMerida;Pantalones;Pantalones;Vestir;SlimFit;;100%Lino;299000;199000;b0073mer04;https://burgues.com/media/catalog/product/b/0/b0073mer04.jpg;configurable;ARCHIVE;46|48
B0073MER13;PantalónMerida;Pantalones;Pantalones;Vestir;SlimFit;;100%Lino;299000;199000;b0073mer13;https://burgues.com/media/catalog/product/b/0/b0073mer13.jpg;configurable;ARCHIVE;46|50
B0073MER63;PantalónMerida;Pantalones;Pantalones;Vestir;SlimFit;;100%Lino;299000;199000;b0073mer63;;configurable;ARCHIVE;46|48
B0073MER35;PantalónMerida;Pantalones;Pantalones;Vestir;SlimFit;;100%Lino;299000;199000;b0073mer35;https://burgues.com/media/catalog/product/b/0/b0073mer35.jpg;configurable;ARCHIVE;46|48
T0052GNTA8;CamisaGannat;Camisas;Camisas;Vestir;Relaxed;;100%Algodón;249900;149900;t0052gnta8;https://burgues.com/media/catalog/product/t/0/t0052gnta8_0080.jpg;configurable;ARCHIVE;XS|S|XL
T0052MAG01;CamisaMagno|PuroLino;Camisas;Camisas;Vestir;ClassicFit;CuelloCutaway;100%Lino;199900;99900;t0052mag01;https://burgues.com/media/catalog/product/t/0/t0052mag01-4_1.jpg;configurable;ARCHIVE;XS|S|XL
T0052MAG21;CamisaMagno|PuroLino;Camisas;Camisas;Vestir;ClassicFit;CuelloCutaway;100%Lino;199900;99900;t0052mag21;https://burgues.com/media/catalog/product/t/0/t0052mag21-1.jpg;configurable;ARCHIVE;XS|S
B0073UNI08;PantalónUnique;Pantalones;Pantalones;Vestir;FrenchFit;;CottonBlend|95%Algodón-5%Elastano;199900;99900;b0073uni08;https://burgues.com/media/catalog/product/b/0/b0073uni08-1_1.jpg;configurable;ARCHIVE;42|44|46
B0073UNI64;PantalónUnique;Pantalones;Pantalones;Vestir;FrenchFit;;CottonBlend|95%Algodón-5%Elastano;199900;99900;b0073uni64;https://burgues.com/media/catalog/product/b/0/b0073uni64_0035.jpg;configurable;ARCHIVE;46|48|50
B0073UNI04;PantalónUnique;Pantalones;Pantalones;Vestir;FrenchFit;;CottonBlend|95%Algodón-5%Elastano;199900;99900;b0073uni04;https://burgues.com/media/catalog/product/b/0/b0073uni04-1_1_.jpg;configurable;ARCHIVE;44|46
B0073UNI21;PantalónUnique;Pantalones;Pantalones;Vestir;FrenchFit;;CottonBlend|95%Algodón-5%Elastano;199900;99900;b0073uni21;https://burgues.com/media/catalog/product/b/0/b0073uni21__0301.jpg;configurable;ARCHIVE;44|46|48
T0041RAN10;SweaterRanieri;Sweaters;Sweaters;Vestir;ClassicFit;CuelloRedondo;WoolBlend|50%LanaMerino-50%Acrílico;199900;99900;t0041ran10;https://burgues.com/media/catalog/product/t/0/t0041ran10_1163.jpg;configurable;ARCHIVE;XS|S|L|XXL
T0041RAN21;SweaterRanieri;Sweaters;Sweaters;Vestir;ClassicFit;CuelloRedondo;WoolBlend|50%LanaMerino-50%Acrílico;199900;99900;t0041ran21;https://burgues.com/media/catalog/product/t/0/t0041ran21_1077.jpg;configurable;ARCHIVE;
T0041RAN61;SweaterRanieri;Sweaters;Sweaters;Vestir;ClassicFit;CuelloRedondo;WoolBlend|50%LanaMerino-50%Acrílico;199900;99900;t0041ran61;https://burgues.com/media/catalog/product/b/u/burgues-eshop2978.jpg;configurable;ARCHIVE;XL
T0042PAO10;PoleraPaolo;Sweaters;Poleras;Vestir;ClassicFit;CuelloPolera;WoolBlend|50%LanaMerino-50%Acrílico;199900;99900;t0042pao10;https://burgues.com/media/catalog/product/t/0/t0042pao10_0689.jpg;configurable;ARCHIVE;M|XXL
T0052MAG07;CamisaMagno|PuroLino;Camisas;Camisas;Vestir;ClassicFit;CuelloCutaway;100%Lino;199900;99900;t0052mag07;https://burgues.com/media/catalog/product/t/0/t0052mag07.jpg;configurable;ARCHIVE;XS|S
S0092ESP95;AlpargataEspadrille;Shoes;Espadriles;Sport;;;100%CueroVacuno-Forro:100%algodón-Fondo:50%Caucho50%Yute;199900;99900;s0092esp95;https://burgues.com/media/catalog/product/s/0/s0092esp-camel2.jpg;configurable;ARCHIVE;40|42|43|44|45
S0092ESP10;AlpargataEspadrille;Shoes;Espadriles;Sport;;;100%CueroVacuno-Forro:100%algodón-Fondo:50%Caucho50%Yute;199900;99900;s0092esp10;https://burgues.com/media/catalog/product/s/0/s0092esp-negro2.jpg;configurable;ARCHIVE;42|43|44|45
S0092ESP2C;AlpargataEspadrille;Shoes;Espadriles;Sport;;;100%CueroVacuno-Forro:100%algodón-Fondo:50%Caucho50%Yute;199900;99900;s0092esp2c;https://burgues.com/media/catalog/product/s/0/s0092esp-azul2.jpg;configurable;ARCHIVE;42|43|44|45
V2352MAG22;CamisaMagno|PuroLino;Camisas;Camisas;Vestir;ClassicFit;CuelloCutaway;100%Lino;199900;99900;v2352mag22;https://burgues.com/media/catalog/product/v/2/v2352mag22.jpg;configurable;ARCHIVE;XS|S
V2352MAG21;CamisaMagno|PuroLino;Camisas;Camisas;Vestir;ClassicFit;CuelloCutaway;100%Lino;199900;99900;v2352mag21;https://burgues.com/media/catalog/product/v/2/v2352mag21.jpg;configurable;ARCHIVE;
T0052MAG08;CamisaMagno|PuroLino;Camisas;Camisas;Vestir;ClassicFit;CuelloCutaway;100%Lino;199900;99900;t0052mag08;https://burgues.com/media/catalog/product/t/0/t0052mag08.jpg;configurable;ARCHIVE;XS|S|3XL
T0052MAG6F;CamisaMagno|PuroLino;Camisas;Camisas;Vestir;ClassicFit;CuelloCutaway;100%Lino;199900;99900;t0052mag6f;https://burgues.com/media/catalog/product/t/0/t0052mag6f-1_1.jpg;configurable;ARCHIVE;XS|S|3XL
V2352MAGC1;CamisaMagno|PuroLino;Camisas;Camisas;Vestir;ClassicFit;CuelloCutaway;100%Lino;199900;99900;v2352magc1;https://burgues.com/media/catalog/product/v/2/v2352magc1.jpg;configurable;ARCHIVE;XS|3XL
T0052MAG35;CamisaMagno|PuroLino;Camisas;Camisas;Vestir;ClassicFit;CuelloCutaway;100%Lino;199900;99900;t0052mag35;https://burgues.com/media/catalog/product/t/0/t0052mag35.jpg;configurable;ARCHIVE;XS
V2352MAG23;CamisaMagno|PuroLino;Camisas;Camisas;Vestir;ClassicFit;CuelloCutaway;100%Lino;199900;99900;v2352mag23;https://burgues.com/media/catalog/product/v/2/v2352mag23.jpg;configurable;ARCHIVE;XS|3XL
V2352MAG11;CamisaMagno|PuroLino;Camisas;Camisas;Vestir;ClassicFit;CuelloCutaway;100%Lino;199900;99900;v2352mag11;https://burgues.com/media/catalog/product/v/2/v2352mag11.jpg;configurable;ARCHIVE;
T0052MAG66;CamisaMagno|PuroLino;Camisas;Camisas;Sport;ClassicFit;CuelloCutaway;100%Lino;199900;99900;t0052mag66;https://burgues.com/media/catalog/product/t/0/t0052mag66-1.jpg;configurable;ARCHIVE;XS|S
T0052MAG2D;CamisaMagno|PuroLino;Camisas;Camisas;Vestir;ClassicFit;CuelloCutaway;100%Lino;199900;99900;t0052mag2d;https://burgues.com/media/catalog/product/c/o/copia_de_t0052mag2d-1.jpg;configurable;ARCHIVE;XS|3XL
T0052MAGA8;CamisaMagno|PuroLino;Camisas;Camisas;Vestir;ClassicFit;CuelloCutaway;100%Lino;199900;99900;t0052maga8;https://burgues.com/media/catalog/product/t/0/t0052maga8-1.jpg;configurable;ARCHIVE;XS|S
T0052MAG29;CamisaMagno|PuroLino;Camisas;Camisas;Sport;ClassicFit;CuelloCutaway;100%Lino;199900;99900;t0052mag29;https://burgues.com/media/catalog/product/t/0/t0052mag29-1.jpg;configurable;ARCHIVE;XS|S|XL
T0041RAN14;SweaterRanieri;Sweaters;Sweaters;Vestir;ClassicFit;CuelloRedondo;WoolBlend|50%LanaMerino-50%Acrílico;199900;99900;t0041ran14;https://burgues.com/media/catalog/product/t/0/t0041ran14_0488.jpg;configurable;ARCHIVE;XS
T0041RAN60;SweaterRanieri;Sweaters;Sweaters;Vestir;ClassicFit;CuelloRedondo;WoolBlend|50%LanaMerino-50%Acrílico;199900;99900;t0041ran60;https://burgues.com/media/catalog/product/t/0/t0041ran60_0536.jpg;configurable;ARCHIVE;
T0041RAN2C;SweaterRanieri;Sweaters;Sweaters;Vestir;ClassicFit;CuelloRedondo;WoolBlend|50%LanaMerino-50%Acrílico;199900;99900;t0041ran2c;https://burgues.com/media/catalog/product/t/0/t0041ran2c_0563.jpg;configurable;ARCHIVE;XS|S
T0042PAO61;PoleraPaolo;Sweaters;Poleras;Vestir;ClassicFit;;WoolBlend|50%LanaMerino-50%Acrílico;199900;99900;t0042pao61;https://burgues.com/media/catalog/product/t/0/t0042pao61_0587.jpg;configurable;ARCHIVE;XS|S
T0042PAO2C;PoleraPaolo;Sweaters;Poleras;Vestir;ClassicFit;;WoolBlend|50%LanaMerino-50%Acrílico;199900;99900;t0042pao2c;https://burgues.com/media/catalog/product/t/0/t0042pao2c_0655.jpg;configurable;ARCHIVE;
T0043CLO10;BuzoClover;Buzos;Buzos;Vestir;ClassicFit;;CottonBlend|50%Algodón-50%Poliester;199900;99900;t0043clo10;https://burgues.com/media/catalog/product/t/0/t0043clo10_0936.jpg;configurable;ARCHIVE;
T0043CLO19;BuzoClover;Buzos;Buzos;Vestir;ClassicFit;;CottonBlend|50%Algodón-50%Poliester;199900;99900;t0043clo19;https://burgues.com/media/catalog/product/t/0/t0043clo19_1108.jpg;configurable;ARCHIVE;
T0043TAY10;BuzoTaylor;Buzos;Buzos;Vestir;ClassicFit;CuelloRedondo;CottonBlend|50%Algodón-50%Poliester;199900;99900;t0043tay10;https://burgues.com/media/catalog/product/t/0/t0043tay10_0207.jpg;configurable;ARCHIVE;S|XXL
T0052ING10;CamisaInga;Camisas;Camisas;Sport;ClassicFit;CuelloCutaway;CottonBlend|64%Algodón-36%Poliester;199900;99900;t0052ing10;https://burgues.com/media/catalog/product/t/0/t0052ing01_265075_1_.jpg;configurable;ARCHIVE;M|L|XL
T0052ING01;CamisaInga;Camisas;Camisas;;ClassicFit;;CottonBlend|64%Algodón-36%Poliester;199900;99900;t0052ing01;https://burgues.com/media/catalog/product/t/0/t0052ing01265065.jpg;configurable;ARCHIVE;S|M|L|XL
Z0044NIM21;CamperaTejidaNimes;Abrigos;Camperas;Vestir;ClassicFit;;30%acrilico-30%poliamida-25%lana-15%viscosa;199900;99900;z0044nim21;https://burgues.com/media/catalog/product/z/0/z0044nin21_1397_4.jpg;configurable;ARCHIVE;
Z0044NIM10;CamperaTejidaNimes;Abrigos;Camperas;Vestir;ClassicFit;;30%acrilico-30%poliamida-25%lana-15%viscosa;199900;99900;z0044nim10;https://burgues.com/media/catalog/product/z/0/z0044nim10_1549.jpg;configurable;ARCHIVE;
T0052BER01;CamisaBerat;Camisas;Camisas;Vestir;ClassicFit;CuelloCutaway;CottonBlend|98%Algodón-2%Elastano;169900;69900;t0052ber01;https://burgues.com/media/catalog/product/t/0/t0052ber01-4.jpg;configurable;ARCHIVE;XS|XXL|3XL
Z0073ARL10;PantalónArles;Pantalones;Pantalones;Vestir;ClassicFit;;CottonBlend|98%Algodón-2%Elastano;169900;69900;z0073arl10;https://burgues.com/media/catalog/product/z/0/z0073arl10_1502.jpg;configurable;ARCHIVE;48
Z0073ARL21;PantalónArles;Pantalones;Pantalones;Vestir;ClassicFit;;CottonBlend|98%Algodón-2%Elastano;169900;69900;z0073arl21;https://burgues.com/media/catalog/product/z/0/z0073arl21_1563.jpg;configurable;ARCHIVE;
Z0073ARL19;PantalónArles;Pantalones;Pantalones;Vestir;ClassicFit;;CottonBlend|98%Algodón-2%Elastano;169900;69900;z0073arl19;https://burgues.com/media/catalog/product/_/d/_dsc1440.jpg;configurable;ARCHIVE;
T0043ROB08;BuzoLivianoRobb;Buzos;Buzos;Sport;Regular;CuelloRedondo;CottonBlend|60%Algodón-40%Poliéster;149900;49900;t0043rob08;https://burgues.com/media/catalog/product/t/0/t0043rob08-4.jpg;configurable;ARCHIVE;
T0043RUB10;BuzoLivianoRuby;Buzos;Buzos;Sport;Regular;CuelloRedondo;CottonBlend|95%Algodón-5%Elastano;149900;49900;t0043rub10;https://burgues.com/media/catalog/product/t/0/t0043rub10-1_1.jpg;configurable;ARCHIVE;
T0043ROB11;BuzoLivianoRobb;Buzos;Buzos;Sport;Regular;CuelloRedondo;CottonBlend|60%Algodón-40%Poliéster;149900;49900;t0043rob11;https://burgues.com/media/catalog/product/t/0/t0043rob11.jpg;configurable;ARCHIVE;
B0071CAR15;JeanCardiff;Denim;Pantalones;Sport;SlimFit;;CottonBlend|98%Algodón-2%Elastano;149900;49900;b0071car15;https://burgues.com/media/catalog/product/b/0/b0071car15-1.jpg;configurable;ARCHIVE;28
B0071GAL21;JeanGales;Denim;Pantalones;Sport;SlimFit;;CottonBlend|98%Algodón-2%Elastano;149900;49900;b0071gal21;https://burgues.com/media/catalog/product/b/0/b0071gal21-1.jpg;configurable;ARCHIVE;28
B0075DOM10;BermudaDominic;Bermudas;Bermudas;Sport;ClassicFit;;CottonBlend|97%Algodón-3%Elastano;149900;49900;b0075dom10;https://burgues.com/media/catalog/product/b/0/b0075dom10.jpg;configurable;ARCHIVE;
B0077TUR21;BermudaTurin;Bermudas;Bermudas;Sport;ClassicFit;;100%Algodón;149900;49900;b0077tur21;https://burgues.com/media/catalog/product/b/0/b0077tur21-1_1.jpg;configurable;ARCHIVE;
B0075DOM08;BermudaDominique;Bermudas;Bermudas;Vestir;ClassicFit;;CottonBlend|97%Algodón-3%Elastano;149900;49900;b0075dom08;https://burgues.com/media/catalog/product/b/0/b0075dom08-1.jpg;configurable;ARCHIVE;36|38
T0021LAM10;RemeraLamontPimaPeruano;Remeras;Remeras;Sport;Regular;CuelloRedondo;100%Algodón;129900;29900;t0021lam10;https://burgues.com/media/catalog/product/b/0/b0021lam10-01.jpg;configurable;ARCHIVE;
T0021LAM62;RemeraLamontPimaPeruano;Remeras;Remeras;Sport;Regular;CuelloRedondo;100%Algodón;129900;29900;t0021lam62;https://burgues.com/media/catalog/product/t/0/t0021lam62-4.jpg;configurable;ARCHIVE;
S0093MIL10;BotaMileto;Shoes;Botas;Vestir;;;100%CueroVacuno;250000;149900;s0093mil10;https://burgues.com/media/catalog/product/s/0/s0093mil10.jpg;configurable;ARCHIVE;
L0091ROD10;MocasinRodas;Shoes;Mocasines;Vestir;;;100%CueroVacuno;250000;149900;l0091rod10;https://burgues.com/media/catalog/product/l/0/l0091rod10-1.jpg;configurable;ARCHIVE;
V2191RAP51;MocasinRaphael;Shoes;Mocasines;Vestir;;;100%CueroVacuno;250000;149900;v2191rap51;https://burgues.com/media/catalog/product/v/2/v2191rap51.jpg;configurable;ARCHIVE;
V2191RAP10;MocasinRaphael;Shoes;Mocasines;Vestir;;;100%CueroVacuno;250000;149900;v2191rap10;https://burgues.com/media/catalog/product/v/2/v2191rap10-1.jpg;configurable;ARCHIVE;
V2191RAP2A;MocasinRaphael;Shoes;Mocasines;Vestir;;;100%CueroVacuno;250000;149900;v2191rap2a;https://burgues.com/media/catalog/product/v/2/v2191rap102a.jpg;configurable;ARCHIVE;
S0093IRV10;BotaIrving;Shoes;Botas;Vestir;;;100%CueroVacuno;250000;149900;s0093irv10;https://burgues.com/media/catalog/product/s/0/s0093irv10.jpg;configurable;ARCHIVE;
S0093LIB95;BotaLiberte;Shoes;Botas;Vestir;;;100%CueroVacuno;250000;149900;s0093lib95;https://burgues.com/media/catalog/product/s/0/s0093lib95.jpg;configurable;ARCHIVE;
I2173ARC60;PantalónArchie;Pantalones;Pantalones;Vestir;SlimFit;;100%Lana;250000;149900;i2173arc60;https://burgues.com/media/catalog/product/p/a/panta_archie2.jpg;configurable;ARCHIVE;
V2191RAP60;MocasinRaphael;Shoes;Mocasin;Vestir;;;100%CueroVacuno;250000;149900;v2191rap60;https://burgues.com/media/catalog/product/v/2/v2191rap60-1.jpg;configurable;ARCHIVE;
I2173ARCC1;PantalónArchie;Pantalones;Pantalones;Vestir;SlimFit;;100%Lana;250000;149900;i2173arcc1;https://burgues.com/media/catalog/product/i/2/i2173arcc1.jpg;configurable;ARCHIVE;48
I2093CAM60;BorcegoCameron;Shoes;Borcegos;Sport;;;100%CueroVacuno;250000;149900;i2093cam60;https://burgues.com/media/catalog/product/i/2/i2093cam60.jpg;configurable;ARCHIVE;
I2093CAM10;BorcegoCameron;Shoes;Borcegos;Sport;;;100%CueroVacuno;250000;149900;i2093cam10;https://burgues.com/media/catalog/product/i/2/i2093cam10_1.jpg;configurable;ARCHIVE;
S0093MIL95;BotaMileto;Shoes;Botas;Vestir;;;100%CueroVacuno;250000;149900;s0093mil95;https://burgues.com/media/catalog/product/s/0/s0093mil95.jpg;configurable;ARCHIVE;
T0041RAL10;SweaterRalph;Sweaters;Sweaters;Vestir;SlimFit;CuelloRedondo;WoolBlend|80%lanalambswool-20%Poliamida;200000;99900;sweater-ralph-10;https://burgues.com/media/catalog/product/t/0/t0041ral10.jpg;configurable;ARCHIVE;
T0041RAL11;SweaterRalph;Sweaters;Sweaters;Vestir;SlimFit;CuelloRedondo;WoolBlend|80%lanalambswool-20%Poliamida;200000;99900;sweater-ralph-11;https://burgues.com/media/catalog/product/t/0/t0041ral11-3.jpg;configurable;ARCHIVE;
T0041RAL44;SweaterRalph;Sweaters;Sweaters;Vestir;SlimFit;CuelloRedondo;WoolBlend|80%lanalambswool-20%Poliamida;200000;99900;t0041ral44;https://burgues.com/media/catalog/product/t/0/t0041ral44.jpg;configurable;ARCHIVE;
I2264DAS17;CamperaDasha;Abrigos;Camperas;Vestir;Regular;;100%Poliamida;200000;99900;i2264das17;https://burgues.com/media/catalog/product/i/2/i2264das17-1.jpg;configurable;ARCHIVE;
I2264DAS10;CamperaDasha;Abrigos;Camperas;Vestir;Regular;;100%Poliamida;200000;99900;i2264das10;https://burgues.com/media/catalog/product/i/2/i2264das10.jpg;configurable;ARCHIVE;
I2264DAS21;CamperaDasha;Abrigos;Camperas;Vestir;Regular;;100%Poliamida;200000;99900;i2264das21;https://burgues.com/media/catalog/product/i/2/i2264das21.jpg;configurable;ARCHIVE;
V1791ALE60;MocasinAless;Shoes;Mocasin;Vestir;;;100%CueroVacuno;200000;99900;v1791ale60;https://burgues.com/media/catalog/product/l/0/l0091ale60.jpg;configurable;ARCHIVE;
V1791ALE10;MocasinAless;Shoes;Mocasin;Vestir;;;100%CueroVacuno;200000;99900;v1791ale10;https://burgues.com/media/catalog/product/v/1/v1791ale10.jpg;configurable;ARCHIVE;
I2241RAL10;SweaterRalph;Sweaters;Sweaters;Vestir;SlimFit;CuelloRedondo;WoolBlend|80%lanalambswool-20%Poliamida;200000;99900;i2241ral10;https://burgues.com/media/catalog/product/i/2/i2241ral10.jpg;configurable;ARCHIVE;
I2241RAL04;SweaterRalph;Sweaters;Sweaters;Vestir;SlimFit;CuelloRedondo;WoolBlend|80%lanalambswool-20%Poliamida;200000;99900;i2241ral04;https://burgues.com/media/catalog/product/i/2/i2241ral04.jpg;configurable;ARCHIVE;
Z0030DOR10;CamperaDorat;Abrigos;Camperas;Vestir;ClassicFit;;100%poliamida-forrería:100%poliamida-relleno:100%poliéster;200000;99900;z0030dor10;https://burgues.com/media/catalog/product/z/0/z0030dor10_1478.jpg;configurable;ARCHIVE;
Z0030DOR21;CamperaDorat;Abrigos;Camperas;Vestir;ClassicFit;;100%poliamida-forrería:100%poliamida-relleno:100%poliéster;200000;99900;z0030dor21;https://burgues.com/media/catalog/product/z/0/z0030dor21_1421.jpg;configurable;ARCHIVE;
B0071SOU23;JeanSoul;Denim;Pantalones;Sport;SlimFit;;CottonBlend|98%Algodón-2%Elastano;150000;49900;b0071sou23;https://burgues.com/media/catalog/product/b/0/b0071sou23-1.jpg;configurable;ARCHIVE;
B0071SOF00;JeanSoftManhattan;Denim;Pantalones;Sport;SlimFit;;CottonBlend|98%Algodón-2%Elastano;150000;49900;b0071sof00;https://burgues.com/media/catalog/product/b/0/b0071sof00-1.jpg;configurable;ARCHIVE;28|30
B0071SEN21;JeanSenior;Denim;Pantalones;Sport;SlimFit;;CottonBlend|98%Algodón-2%Elastano;150000;49900;b0071sen21;https://burgues.com/media/catalog/product/b/0/b0071sen21-1.jpg;configurable;ARCHIVE;
B0071ROY00;JeanRoyalManhattan;Denim;Pantalones;Sport;SkinnyFit;;CottonBlend|98%Algodón-2%Elastano;150000;49900;b0071roy00;https://burgues.com/media/catalog/product/b/0/b0071roy00-1.jpg;configurable;ARCHIVE;28|30
T0043VER01;HoodieVerum;Buzos;Hoodies;Sport;Regular;;100%Algodón;150000;49900;t0043ver01;https://burgues.com/media/catalog/product/t/0/t0043ver01-1.jpg;configurable;ARCHIVE;
V2343FRA08;HoodieFrance;Buzos;Hoodies;Sport;Regular;;100%Algodón;150000;49900;v2343fra08;https://burgues.com/media/catalog/product/v/2/v2343fra08-2.jpg;configurable;ARCHIVE;XS
V2343CAP08;HoodieCapetown;Buzos;Hoodies;Sport;Regular;;100%Algodón;150000;49900;v2343cap08;https://burgues.com/media/catalog/product/v/2/v2343cap08.jpg;configurable;ARCHIVE;
I2343RUA10;HoodieTejidoRuan;Buzos;Hoodies;Sport;Regular;;55%Viscosa-25%Poliamida-20%Poliester;150000;49900;i2343rua10;https://burgues.com/media/catalog/product/i/2/i2343rua10-1.jpg;configurable;ARCHIVE;XS|XXL
V2343FRA10;HoodieFrance;Buzos;Hoodies;Sport;Regular;;100%Algodón;150000;49900;v2343fra10;https://burgues.com/media/catalog/product/v/2/v2343fra10.jpg;configurable;ARCHIVE;XS|S|M
I2243CAP10;HoodieCapetown;Buzos;Hoodies;Sport;Regular;;100%Algodón;150000;49900;i2243cap10;https://burgues.com/media/catalog/product/i/2/i2243cap10-4.jpg;configurable;ARCHIVE;
I2243PLA10;HoodiePlane;Buzos;Hoodies;Sport;Regular;;100%Algodón;150000;49900;i2243pla10;https://burgues.com/media/catalog/product/i/2/i2243pla10-1.jpg;configurable;ARCHIVE;
I2243CAP11;HoodieCapetown;Buzos;Hoodies;Sport;Regular;;100%Algodón;150000;49900;i2243cap11;https://burgues.com/media/catalog/product/i/2/i2243cap11.jpg;configurable;ARCHIVE;XS
I2243PLA12;HoodiePlane;Buzos;Hoodies;Sport;Regular;;100%Algodón;150000;49900;i2243pla12;https://burgues.com/media/catalog/product/i/2/i2243pla12_1.jpg;configurable;ARCHIVE;
I2343RUA15;HoodieTejidoRuan;Buzos;Buzos;Sport;Regular;;55%Viscosa-25%Poliamida-20%Poliester;150000;49900;i2343rua15;https://burgues.com/media/catalog/product/i/2/i2343rua15-1_1.jpg;configurable;ARCHIVE;XS
T0043VER21;HoodieVerum;Buzos;Hoodies;Sport;Regular;;100%Algodón;150000;49900;t0043ver21;https://burgues.com/media/catalog/product/t/0/t0043ver21-1.jpg;configurable;ARCHIVE;
V2343CAP30;HoodieCapetown;Buzos;Hoodies;Sport;Regular;;100%Algodón;150000;49900;v2343cap30;https://burgues.com/media/catalog/product/v/2/v2343cap30.jpg;configurable;ARCHIVE;
T0044WAS36;HoodieWash;Buzos;Hoodies;Sport;Regular;;100%Algodón;150000;49900;t0044was36;https://burgues.com/media/catalog/product/t/0/t0044was36.jpg;configurable;ARCHIVE;XS|S
T0043VER43;HoodieVerum;Buzos;Hoodies;Sport;Regular;;100%Algodón;150000;49900;t0043ver43;https://burgues.com/media/catalog/product/t/0/t0043ver43.jpg;configurable;ARCHIVE;
T0044WAS61;HoodieWash;Buzos;Hoodies;Sport;Regular;;100%Algodón;150000;49900;t0044was61;https://burgues.com/media/catalog/product/t/0/t0044was61-1.jpg;configurable;ARCHIVE;XS|XL
V2343FRA61;HoodieFrance;Abrigos;Hoodies;Sport;Regular;;100%Algodón;150000;49900;v2343fra61;https://burgues.com/media/catalog/product/v/2/v2343fra63-1.jpg;configurable;ARCHIVE;XS
T0044WAS66;HoodieWash;Buzos;Hoodies;Sport;Regular;;100%Algodón;150000;49900;t0044was66;https://burgues.com/media/catalog/product/t/0/t0044was66-1.jpg;configurable;ARCHIVE;S|XL
I2341EMI10;SweaterEmilio;Sweaters;Sweaters;Vestir;SlimFit;CuelloRedondo;WoolBlend|50%Lana-50%Acrilico;150000;49900;i2341emi10;https://burgues.com/media/catalog/product/i/2/i2341emi10.jpg;configurable;ARCHIVE;
V2341PET12;HoodiePetra;Sweaters;Sweaters;Sport;Regular;CuelloRedondo;CottonBlend|50%Algodón-50%Viscosa;150000;49900;v2341pet12;https://burgues.com/media/catalog/product/v/2/v2341pet12.jpg;configurable;ARCHIVE;
B0071SAN00;JeanSandManhattan;Denim;Denim;Sport;SkinnyFit;;CottonBlend|98%Algodón-2%Elastano;150000;49900;b0071san00;https://burgues.com/media/catalog/product/b/0/b0071san00.jpg;configurable;ARCHIVE;28|30
I2173REL30;PantalónRelax;Pantalones;Pantalones;Vestir;SlimFit;;CottonBlend|98%Algodón-2%Spandex;150000;49900;i2173rel30;https://burgues.com/media/catalog/product/i/2/i2173rel30_1056.jpg;configurable;ARCHIVE;
I2073REL21;PantalónRelax;Pantalones;Pantalones;Vestir;SlimFit;;CottonBlend|98%Algodón-2%Spandex;150000;49900;i2073rel21;https://burgues.com/media/catalog/product/i/2/i2073rel21.jpg;configurable;ARCHIVE;XS|XL
I2173REL62;PantalónRelax;Pantalones;Pantalones;Vestir;SlimFit;;CottonBlend|98%Algodón-2%Spandex;150000;49900;i2173rel62;https://burgues.com/media/catalog/product/i/2/i2173rel62.jpg;configurable;ARCHIVE;
I2063AMB35;ChalecoAmbar;Abrigos;Chalecos;Vestir;Regular;;100%Poliéster;150000;49900;i2063amb35;https://burgues.com/media/catalog/product/i/2/i2063amb35.jpg;configurable;ARCHIVE;
I2173REL10;PantalónRelax;Pantalones;Pantalones;Vestir;SlimFit;;CottonBlend|98%Algodón-2%Elastano;150000;49900;i2173rel10;https://burgues.com/media/catalog/product/i/2/i2073rel10.jpg;configurable;ARCHIVE;
I2073REL62;PantalónRelax;Pantalones;Pantalones;Vestir;SlimFit;;CottonBlend|98%Algodón-2%Elastano;150000;49900;i2073rel62;https://burgues.com/media/catalog/product/i/2/i2073rel62.jpg;configurable;ARCHIVE;XS|S
I2241LOR12;SweaterLorenzo;Sweaters;Sweaters;Vestir;SlimFit;CuelloRedondo;WoolBlend|20%Lana-25%Poliéster-25%Algodón-30%Viscosa;150000;49900;i2241lor12;https://burgues.com/media/catalog/product/i/2/i2241lor12.jpg;configurable;ARCHIVE;XXL
I2243KEN21;HoodieKennew;Buzos;Hoodies;Sport;Regular;;100%Algodón;150000;49900;i2243ken21;https://burgues.com/media/catalog/product/i/2/i2243ken21.jpg;configurable;ARCHIVE;XS
I2243KEN14;HoodieKennew;Buzos;Hoodies;Sport;Regular;;100%Algodón;150000;49900;i2243ken14;https://burgues.com/media/catalog/product/i/2/i2243ken14.jpg;configurable;ARCHIVE;
V2243MEN21;HoodieMentor;Buzos;Hoodies;Sport;Regular;;100%Algodón;150000;49900;v2243men21;https://burgues.com/media/catalog/product/v/2/v2243men21.jpg;configurable;ARCHIVE;
I2243MER10;HoodieMerli;Buzos;Hoodies;Sport;Regular;;100%Algodón;150000;49900;i2243mer10;https://burgues.com/media/catalog/product/i/2/i2243mer10.jpg;configurable;ARCHIVE;
I2243NOV10;HoodieNova;Buzos;Hoodies;Sport;Regular;;100%Algodón;150000;49900;i2243nov10;https://burgues.com/media/catalog/product/i/2/i2243nov10.jpg;configurable;ARCHIVE;
I2243NUI10;HoodieNuit;Buzos;Hoodies;Sport;Regular;;100%Algodón;150000;49900;i2243nui10;https://burgues.com/media/catalog/product/i/2/i2243nui10.jpg;configurable;ARCHIVE;
I2243STA10;HoodieStamp;Buzos;Hoodies;Sport;Regular;;100%Algodón;150000;49900;i2243sta10;https://burgues.com/media/catalog/product/i/2/i2243sta10-1.jpg;configurable;ARCHIVE;
I2243STA14;HoodieStamp;Buzos;Hoodies;Sport;Regular;;100%Algodón;150000;49900;i2243sta14;https://burgues.com/media/catalog/product/i/2/i2243sta14.jpg;configurable;ARCHIVE;
I2243SPO61;HoodieSporty;Buzos;Hoodies;Sport;Regular;;100%Algodón;150000;49900;i2243spo61;https://burgues.com/media/catalog/product/i/2/i2243spo61.jpg;configurable;ARCHIVE;
I2341EMI13;SweaterEmilio;Sweaters;Sweaters;Vestir;SlimFit;;WoolBlend|50%Lana-50%Acrilico;150000;49900;i2341emi13;https://burgues.com/media/catalog/product/i/2/i2341emi13.jpg;configurable;ARCHIVE;
I2241LOR21;SweaterLorenzo;Sweaters;Sweaters;Vestir;SlimFit;CuelloPolera;WoolBlend|20%Lana-25%Poliéster-25%Algodón-30%Viscosa;150000;49900;i2241lor21;https://burgues.com/media/catalog/product/_/d/_dsc1434.jpg;configurable;ARCHIVE;XS|S
I2241LOR11;SweaterLorenzo;Sweaters;Sweaters;Vestir;SlimFit;CuelloPolera;WoolBlend|20%Lana-25%Poliéster-25%Algodón-30%Viscosa;150000;49900;i2241lor11;https://burgues.com/media/catalog/product/_/d/_dsc1436.jpg;configurable;ARCHIVE;
I2341EMI21;SweaterEmilio;Sweaters;Sweaters;Vestir;SlimFit;CuelloPolera;WoolBlend|50%Lana-50%Acrilico;150000;49900;i2341emi21;https://burgues.com/media/catalog/product/i/2/i2341emi21.jpg;configurable;ARCHIVE;
I2341EUG10;SweaterEugenio;Sweaters;Sweaters;Vestir;SlimFit;CuelloRedondo;100%Viscosa;150000;49900;i2341eug10;https://burgues.com/media/catalog/product/i/2/i2341eug10.jpg;configurable;ARCHIVE;
I2341LOR30;SweaterLorenzo;Sweaters;Sweaters;Vestir;SlimFit;CuelloPolera;WoolBlend|20%Lana-25%Poliéster-25%Algodón-30%Viscosa;150000;49900;i2341lor30;https://burgues.com/media/catalog/product/i/2/i2341lor30-1.jpg;configurable;ARCHIVE;
I2243SPO10;BuzoSporty;Buzos;Hoodies;Sport;Regular;;100%Algodón;150000;49900;i2243spo10;https://burgues.com/media/catalog/product/i/2/i2243spo10.jpg;configurable;ARCHIVE;
T0052RANA8;CamisaRandy;Camisas;Camisas;Vestir;ClassicFit;CuelloCutaway;100%Algodón;175000;69900;t0052rana8;https://burgues.com/media/catalog/product/t/0/t0052rana8-1.jpg;configurable;ARCHIVE;XS|XL|3XL
T0052LIG10;CamisaLight;Camisas;Camisas;Vestir;ClassicFit;CuelloIngles;100%Algodón;259900;149900;t0052lig10;https://burgues.com/media/catalog/product/t/0/t0052lig10_0341.jpg;configurable;ARCHIVE;XS|S
T0052LORD5;CamisaLorens|AlgodónPremium70/1;Camisas;Camisas;Sport;Relaxed;CuelloCutaway;100%Algodón;259900;149900;t0052lord5;https://burgues.com/media/catalog/product/t/0/t0052lord5-1.jpg;configurable;ARCHIVE;
T0052LANA2;CamisaLangres|AlgodónPremium70/1;Camisas;Camisas;Vestir;Relaxed;;100%Algodón;259900;149900;t0052lana2;https://burgues.com/media/catalog/product/t/0/t0052lana2_1126.jpg;configurable;ARCHIVE;
T0052LANA8;CamisaLangres|AlgodónPremium70/1;Camisas;Camisas;Vestir;Relaxed;;100%Algodón;259900;149900;t0052lana8;https://burgues.com/media/catalog/product/t/0/t0052lana8_1425_1_.jpg;configurable;ARCHIVE;XS|S|L|XL|XXL
B0073LOU21;PantalónLou;Pantalones;Pantalones;Vestir;FrenchFit;;75%Poliéster-25%Viscosa;239900;129900;b0073lou21;https://burgues.com/media/catalog/product/b/0/b0073lou21-1.jpg;configurable;ARCHIVE;40|48
B0073LOU62;PantalónLou;Pantalones;Pantalones;Vestir;FrenchFit;;75%Poliéster-25%Viscosa;239900;129900;b0073lou62;https://burgues.com/media/catalog/product/b/0/b0073lou62-1_1_.jpg;configurable;ARCHIVE;38|44|48
B0073LOU10;PantalónLou;Pantalones;Pantalones;Vestir;FrenchFit;;75%Poliéster-25%Viscosa;239900;129900;b0073lou10;https://burgues.com/media/catalog/product/b/0/b0073lou10-1.jpg;configurable;ARCHIVE;42|48
B0073LOU12;PantalónLou;Pantalones;Pantalones;Vestir;FrenchFit;;75%Poliéster-25%Viscosa;239900;129900;b0073lou12;https://burgues.com/media/catalog/product/b/0/b0073lou12-1.jpg;configurable;ARCHIVE;38|40|44|48
T0052EDGA5;CamisaEdgar;Camisas;Camisas;Sport;SlimFit;CuelloCutaway;100%Algodón;229900;119900;t0052edga5;https://burgues.com/media/catalog/product/t/0/t0052edga5_0373.jpg;configurable;ARCHIVE;L|XL|XXL
T0052ULT43;CamisaUltra|PremiumCotton;Camisas;Camisas;Vestir;ClassicFit;CuelloCutaway;100%Algodón;269900;170000;t0052ult43;https://burgues.com/media/catalog/product/t/0/t0052ult43.jpg;configurable;LINEA;
T0052EDGA2;CamisaEdgar;Camisas;Camisas;Sport;SlimFit;CuelloCutaway;100%Algodón;229900;119900;t0052edga2;https://burgues.com/media/catalog/product/t/0/t0052edga2-1.jpg;configurable;ARCHIVE;XS|S|XL|XXL|3XL
B0077PHI04;BermudaPhilo;Bermudas;Bermudas;Vestir;ClassicFit;;CottonBlend|97%Algodón-3%Elastano;199900;89900;b0077phi04;https://burgues.com/media/catalog/product/b/0/b0077phi04-1_1_.jpg;configurable;ARCHIVE;38|42|44|46|48
T0043BRE08;BuzoBreton;Buzos;Buzos;Sport;ClassicFit;;96%Algodón-4%Elastano;199900;89900;t0043bre08;https://burgues.com/media/catalog/product/t/0/t0043bre08_1249.jpg;configurable;ARCHIVE;XS|S|M|L|XL
T0043BRE10;BuzoBreton;Buzos;Buzos;Sport;ClassicFit;;96%Algodón-4%Elastano;199900;89900;t0043bre10;https://burgues.com/media/catalog/product/t/0/t0043bre10_0473.jpg;configurable;ARCHIVE;XS|S|M|L|XXL
T0044WOL08;HoodieWolf;Buzos;Hoodies;Sport;Regular;CuelloenV;CottonBlend|65%Algodón-35%Poliéster;179900;69900;t0044wol08;https://burgues.com/media/catalog/product/t/0/t0044wol08-5.jpg;configurable;ARCHIVE;
T0044WOL10;HoodieWolf;Buzos;Hoodies;Sport;Regular;CuelloenV;CottonBlend|65%Algodón-35%Poliéster;179900;69900;t0044wol10;https://burgues.com/media/catalog/product/t/0/t0044wol10-1.jpg;configurable;ARCHIVE;XS|S
I2343CHR10;HoodieChris;Buzos;Hoodies;Sport;Regular;;100%Algodón;160000;49900;i2343chr10;https://burgues.com/media/catalog/product/i/2/i2343chr10.jpg;configurable;ARCHIVE;
I2343CHR12;HoodieChris;Buzos;Hoodies;Sport;Regular;;100%Algodón;160000;49900;i2343chr12;https://burgues.com/media/catalog/product/i/2/i2343chr11.jpg;configurable;ARCHIVE;
I2343CHR44;HoodieChris;Buzos;Hoodies;Sport;Regular;;100%Algodón;160000;49900;i2343chr44;https://burgues.com/media/catalog/product/i/2/i2343chr44.jpg;configurable;ARCHIVE;
I2343CHR55;HoodieChris;Buzos;Hoodies;Sport;Regular;;100%Algodón;160000;49900;i2343chr55;https://burgues.com/media/catalog/product/i/2/i2343chr55.jpg;configurable;ARCHIVE;
T0052DIA21;CamisaDiamond;Camisas;Camisas;Vestir;ClassicFit;CuelloCutaway;CottonBlend|98%Algodón-2%Elastano;219900;99900;t0052dia21;https://burgues.com/media/catalog/product/t/0/t0052dia21_0993.jpg;configurable;ARCHIVE;XS|S
T0052DIA10;CamisaDiamond;Camisas;Camisas;Vestir;ClassicFit;CuelloCutaway;CottonBlend|98%Algodón-2%Elastano;219900;99900;t0052dia10;https://burgues.com/media/catalog/product/t/0/t0052dia10_1041.jpg;configurable;ARCHIVE;XS|S|3XL
T0052DIA43;CamisaDiamond;Camisas;Camisas;Vestir;ClassicFit;CuelloCutaway;CottonBlend|98%Algodón-2%Elastano;219900;99900;t0052dia43;https://burgues.com/media/catalog/product/t/0/t0052dia43_0292.jpg;configurable;ARCHIVE;XS|S|3XL
T0067TIZ21;CamisacoTiziano;Abrigos;Camisacos;Vestir;Regular;;100%Viscosa;219900;99900;t0067tiz21;https://burgues.com/media/catalog/product/t/0/t0067tiz21-4_1.jpg;configurable;ARCHIVE;
T0041DEB21;SweaterDebra;Sweaters;Sweaters;Vestir;SlimFit;;100%Algodón;219900;99900;sweater-debra-21;https://burgues.com/media/catalog/product/t/0/t0041deb21-1_1_.jpg;configurable;ARCHIVE;
T0041DEB30;SweaterDebra;Sweaters;Sweaters;Vestir;SlimFit;;100%Algodón;219900;99900;sweater-debra-30;https://burgues.com/media/catalog/product/t/0/t0041deb30-3_1_.jpg;configurable;ARCHIVE;
T0041DEB08;SweaterDebra;Sweaters;Sweaters;Vestir;SlimFit;;100%Algodón;219900;99900;sweater-debra-08;https://burgues.com/media/catalog/product/t/0/t0041deb08-1_2_.jpg;configurable;ARCHIVE;
T0052DIA01;CamisaDiamond;Camisas;Camisas;Vestir;ClassicFit;CuelloCutaway;CottonBlend|98%Algodón-2%Elastano;219900;99900;t0052dia01;https://burgues.com/media/catalog/product/t/0/t0052dia01.jpg;configurable;ARCHIVE;XS|XXL
T0052DIA23;CamisaDiamond;Camisas;Camisas;Vestir;ClassicFit;CuelloCutaway;CottonBlend|98%Algodón-2%Elastano;219900;99900;t0052dia23;https://burgues.com/media/catalog/product/t/0/t0052dia23_1495.jpg;configurable;ARCHIVE;
B0077BRA10;BermudaBrandon;Bermudas;Bermudas;Vestir;ClassicFit;;72%Poliéster-28%Viscosa;219900;99900;b0077bra10;https://burgues.com/media/catalog/product/b/0/b0077bra10_1008.jpg;configurable;ARCHIVE;38|40|42|44|46|48
B0077BRA62;BermudaBrandon;Bermudas;Bermudas;Vestir;ClassicFit;;72%Poliéster-28%Viscosa;219900;99900;b0077bra62;https://burgues.com/media/catalog/product/b/0/b0077bra62_0956.jpg;configurable;ARCHIVE;38|40|42|44|46|48
T0052SAS23;CamisaSasha;Camisas;Camisas;Vestir;Regular;CuelloCutaway;100%ILYOCELL;219900;99900;t0052sas23;https://burgues.com/media/catalog/product/t/0/t0052sas23_1112_1.jpg;configurable;ARCHIVE;
B0074MON60;PantalónMond;Pantalones;Pantalones;Vestir;ClassicFit;;65%Viscosa-30%Poliester-5%Elastano;219900;99900;b0074mon60;https://burgues.com/media/catalog/product/b/0/b0074mon60_0065.jpg;configurable;ARCHIVE;
V2364AGN21;CamperaAgnes;Abrigos;Camperas;Sport;Regular;;100%Poliéster;270000;149900;v2364agn21;https://burgues.com/media/catalog/product/v/2/v2364agn21-1.jpg;configurable;ARCHIVE;
V2364AGN62;CamperaAgnes;Abrigos;Camperas;Sport;Regular;;100%Poliéster;270000;149900;v2364agn62;https://burgues.com/media/catalog/product/v/2/v2364agn62.jpg;configurable;ARCHIVE;
T0041VIN61;PoloVinci;Sweaters;Sweaters;Vestir;SlimFit;CuelloenV;100%Lana;220000;99900;t0041vin61;https://burgues.com/media/catalog/product/t/0/t0041vin61-4.jpg;configurable;ARCHIVE;
T0041VIN10;PoloVinci;Sweaters;Sweaters;Vestir;SlimFit;CuelloenV;100%Lana;220000;99900;t0041vin10;https://burgues.com/media/catalog/product/t/0/t0041vin10-1.jpg;configurable;ARCHIVE;
I2241LAM62;SweaterLamb;Sweaters;Sweaters;Vestir;SlimFit;CuelloRedondo;WoolBlend|50%Lana-50%Poliamida;190000;69900;i2241lam62;https://burgues.com/media/catalog/product/i/2/i2241lam62-4.jpg;configurable;ARCHIVE;
I2241LAM21;SweaterLamb;Sweaters;Sweaters;Vestir;SlimFit;CuelloRedondo;WoolBlend|50%Lana-50%Poliamida;190000;69900;i2241lam21;https://burgues.com/media/catalog/product/i/2/i2241lam2a-1.jpg;configurable;ARCHIVE;
I2241LAM3C;SweaterLamb;Sweaters;Sweaters;Vestir;SlimFit;CuelloRedondo;WoolBlend|50%Lana-50%Poliamida;190000;69900;i2241lam3c;https://burgues.com/media/catalog/product/i/2/i2241lam3c.jpg;configurable;ARCHIVE;
I2241LAM12;SweaterLamb;Sweaters;Sweaters;Vestir;SlimFit;CuelloRedondo;WoolBlend|50%Lana-50%Poliamida;190000;69900;i2241lam12;https://burgues.com/media/catalog/product/i/2/i2241lam12-1.jpg;configurable;ARCHIVE;
T0043GRO10;BuzoGround;Buzos;Hoodies;Sport;Oversize;;100%Algodón;170000;49900;buzo-ground-10;https://burgues.com/media/catalog/product/t/0/t0043gro10.jpg;configurable;ARCHIVE;
T0052DOU23;CamisaDoux;Camisas;Camisas;Vestir;ClassicFit;CuelloIngles;CottonBlend|98%Algodón-2%Elastano;199000;69900;t0052dou23;https://burgues.com/media/catalog/product/t/0/t0052dou23-1.jpg;configurable;ARCHIVE;S|XL|XXL|3XL
T0052RAMD5;CamisaRamu;Camisas;Camisas;Vestir;ClassicFit;CuelloCutaway;100%Algodón;199000;69900;t0052ramd5;https://burgues.com/media/catalog/product/t/0/t0052ramd5-4.jpg;configurable;ARCHIVE;
T0044DAK10;HoodieDakota;Buzos;Hoodies;Sport;Regular;CuelloenV;100%Algodón;199000;69900;t0044dak10;https://burgues.com/media/catalog/product/t/0/t0044dak10-4.jpg;configurable;ARCHIVE;
T0052DOU28;CamisaDoux;Camisas;Camisas;Vestir;ClassicFit;CuelloItaliano;CottonBlend|98%Algodón-2%Elastano;199000;69900;t0052dou28;https://burgues.com/media/catalog/product/t/0/t0052dou28-1.jpg;configurable;ARCHIVE;XS|XL|XXL|3XL
T0044CHE10;HoodieChelsea;Buzos;Hoodies;Sport;ClassicFit;;100%Algodón;199000;69900;t0044che10;https://burgues.com/media/catalog/product/t/0/t0043che10-5.jpg;configurable;ARCHIVE;XS
T0044CHE08;HoodieChelsea;Buzos;Hoodies;Sport;ClassicFit;;100%Algodón;199000;69900;t0044che08;https://burgues.com/media/catalog/product/t/0/t0043che08-5.jpg;configurable;ARCHIVE;
T0044CHE12;HoodieChelsea;Buzos;Hoodies;Sport;ClassicFit;;CottonBlend|64%Algodón-63%Poliéster;199000;69900;t0044che12;https://burgues.com/media/catalog/product/t/0/t0043che12-5.jpg;configurable;ARCHIVE;XS|S|M
T0052BOI01;CamisaBois;Camisas;Camisas;Vestir;Relaxed;;100%Algodón;249900;119900;t0052boi01;https://burgues.com/media/catalog/product/t/0/t0052boi01-1.jpg;configurable;ARCHIVE;
T0052BOI23;CamisaBois;Camisas;Camisas;Vestir;Relaxed;;100%Algodón;249900;119900;t0052boi23;https://burgues.com/media/catalog/product/t/0/t0052boi23-4.jpg;configurable;ARCHIVE;
B0077LEY04;BermudaLeyton|PuroLino;Bermudas;Bermudas;Vestir;ClassicFit;;100%Lino;229900;99900;b0077ley04;https://burgues.com/media/catalog/product/b/0/b0077ley04-1.jpg;configurable;ARCHIVE;
B0077LEY21;BermudaLeyton|PuroLino;Bermudas;Bermudas;Vestir;ClassicFit;;100%Lino;229900;99900;b0077ley21;https://burgues.com/media/catalog/product/b/0/b0077ley21-1.jpg;configurable;ARCHIVE;38|40|46
B0077LEY64;BermudaLeyton|PuroLino;Bermudas;Bermudas;Vestir;ClassicFit;;100%Lino;229900;99900;b0077ley64;https://burgues.com/media/catalog/product/b/0/b0077ley64-1.jpg;configurable;ARCHIVE;40
B0077LEY08;BermudaLeyton|PuroLino;Bermudas;Bermudas;Vestir;ClassicFit;;100%Lino;229900;99900;b0077ley08;https://burgues.com/media/catalog/product/b/0/b0077ley04-1_1.jpg;configurable;ARCHIVE;44
B0077LEY35;BermudaLeyton|PuroLino;Bermudas;Bermudas;Vestir;ClassicFit;;100%Lino;229900;99900;b0077ley35;https://burgues.com/media/catalog/product/b/0/b0077ley35-1.jpg;configurable;ARCHIVE;
T0043KLE01;BuzoKlee;Buzos;Buzos;Vestir;ClassicFit;;100%Algodón;229900;99900;t0043kle01;https://burgues.com/media/catalog/product/t/0/t0043kle01_0136.jpg;configurable;ARCHIVE;
T0052MAG55;CamisaMagno|PuroLino;Camisas;Camisas;Vestir;ClassicFit;CuelloCutaway;100%Lino;199900;69900;t0052mag55;https://burgues.com/media/catalog/product/t/0/t0052mag55-1.jpg;configurable;ARCHIVE;XS|S|M|L|XL
T0041NIC55;SweaterNicasia;Sweaters;Sweaters;Vestir;ClassicFit;CuelloRedondo;100%Viscosa;199900;69900;t0041nic55;https://burgues.com/media/catalog/product/t/0/t0041nic55-1_1.jpg;configurable;ARCHIVE;XS|S|M|L|XL|XXL
T0041NIC10;SweaterNicasia;Sweaters;Sweaters;Vestir;ClassicFit;CuelloRedondo;100%Viscosa;199900;69900;t0041nic10;https://burgues.com/media/catalog/product/t/0/t0041nic10-4.jpg;configurable;ARCHIVE;S|XL
T0041NIC21;SweaterNicasia;Sweaters;Sweaters;Vestir;ClassicFit;CuelloRedondo;100%Viscosa;199900;69900;t0041nic21;https://burgues.com/media/catalog/product/t/0/t0041nic21-4.jpg;configurable;ARCHIVE;
T0041NIC61;SweaterNicasia;Sweaters;Sweaters;Vestir;ClassicFit;CuelloRedondo;100%Viscosa;199900;69900;t0041nic61;https://burgues.com/media/catalog/product/t/0/t0041nic61_1076_1.jpg;configurable;ARCHIVE;
T0064BLA01;CamperaBlanc;Abrigos;Camperas;Vestir;Regular;;100%Algodón;199900;69900;t0064bla01;https://burgues.com/media/catalog/product/t/0/t0064bla01-4.jpg;configurable;ARCHIVE;XS|S|M|L
T0043FOE21;BuzoFoer;Buzos;Buzos;Sport;ClassicFit;CuelloRedondo;100%Algodón;199900;69900;t0043foe21;https://burgues.com/media/catalog/product/t/0/t0043foe21-5_1_.jpg;configurable;ARCHIVE;
T0043FOE08;BuzoFoer;Buzos;Buzos;Sport;ClassicFit;CuelloRedondo;100%Algodón;199900;69900;t0043foe08;https://burgues.com/media/catalog/product/t/0/t0043foe08-4.jpg;configurable;ARCHIVE;
T0043CAR21;BuzoCarver;Buzos;Buzos;Sport;ClassicFit;CuelloRedondo;100%Algodón;199900;69900;t0043car21;https://burgues.com/media/catalog/product/t/0/t0043car21-4.jpg;configurable;ARCHIVE;
T0043CAR16;BuzoCarver;Buzos;Buzos;Sport;ClassicFit;CuelloRedondo;100%Algodón;199900;69900;t0043car16;https://burgues.com/media/catalog/product/t/0/t0043car16-4.jpg;configurable;ARCHIVE;
T0052NIP08;CamisaNipie;Camisas;Camisas;Sport;Relaxed;CuelloCutaway;100%Algodón;199900;69900;t0052nip08;https://burgues.com/media/catalog/product/t/0/t0052nip08_0927.jpg;configurable;ARCHIVE;
T0044JES10;HoodieJesse;Buzos;Hoodies;Sport;ClassicFit;;100%Algodón;199900;69900;t0044jes10;https://burgues.com/media/catalog/product/t/0/t0044jes10_0303.jpg;configurable;ARCHIVE;
T0044JES15;HoodieJesse;Buzos;Hoodies;Sport;ClassicFit;;100%Algodón;199900;69900;t0044jes15;https://burgues.com/media/catalog/product/t/0/t0044jes15_0331.jpg;configurable;ARCHIVE;
T0044JES60;HoodieJesse;Buzos;Hoodies;Sport;ClassicFit;;100%Algodón;199900;69900;t0044jes60;https://burgues.com/media/catalog/product/t/0/t0044jes60_0360.jpg;configurable;ARCHIVE;
T0044SPR10;HoodieSpencer;Buzos;Hoodies;Sport;Regular;;100%Algodón;199900;69900;t0044spr10;https://burgues.com/media/catalog/product/t/0/t0044spe10_1210.jpg;configurable;ARCHIVE;XS
T0044SPR21;HoodieSpencer;Buzos;Hoodies;Sport;Regular;;100%Algodón;199900;69900;t0044spr21;https://burgues.com/media/catalog/product/t/0/t0044spe21_1008.jpg;configurable;ARCHIVE;XS
Z0041NIM10;SweaterNimes;Sweaters;Sweaters;Vestir;ClassicFit;CuelloRedondo;30%acrilico-30%poliamida-25%lana-15%viscosa;199900;69900;z0041nim10;https://burgues.com/media/catalog/product/z/0/z0041nim10_1520.jpg;configurable;ARCHIVE;
Z0041NIM21;SweaterNimes;Sweaters;Sweaters;Vestir;ClassicFit;CuelloRedondo;30%acrilico-30%poliamida-25%lana-15%viscosa;199900;69900;z0041nim21;https://burgues.com/media/catalog/product/z/0/z0041nim21_1445.jpg;configurable;ARCHIVE;
Z0041NIM62;SweaterNimes;Sweaters;Sweaters;Vestir;ClassicFit;CuelloRedondo;30%acrilico-30%poliamida-25%lana-15%viscosa;199900;69900;z0041nim62;https://burgues.com/media/catalog/product/_/d/_dsc1422.jpg;configurable;ARCHIVE;
T0052SAF30;CamisaSafari|PuroLino;Camisas;Camisas;Sport;ClassicFit;CuelloCutaway;100%Lino;200000;69900;t0052saf30;https://burgues.com/media/catalog/product/t/0/t0052saf30-1_-_copia.jpg;configurable;ARCHIVE;
T0052SAFN0;CamisaSafari|PuroLino;Camisas;Camisas;Sport;ClassicFit;CuelloCutaway;100%Lino;200000;69900;t0052safn0;https://burgues.com/media/catalog/product/t/0/t0052saf10-4_1.jpg;configurable;ARCHIVE;XS|S|M|L|XL|XXL
T0052SAF62;CamisaSafari|PuroLino;Camisas;Camisas;Sport;ClassicFit;CuelloCutaway;100%Lino;200000;69900;t0052saf62;https://burgues.com/media/catalog/product/t/0/t0052saf62-4.jpg;configurable;ARCHIVE;XS|S|M|L|XL|3XL
T0044COF3C;HoodieCoffeeShop;Buzos;Hoodies;Sport;Regular;;100%Algodón;180000;49900;t0044cof3c;https://burgues.com/media/catalog/product/t/0/t0044cof3c.jpg;configurable;ARCHIVE;
T0052SPI01;CamisaSpirit;Camisas;Camisas;Vestir;ClassicFit;CuelloIngles;100%Algodón;287500;149900;t0052spi01;https://burgues.com/media/catalog/product/t/0/t0052spi01-1.jpg;configurable;ARCHIVE;XL|XXL
S0090IGG10;MocasinIggy;Shoes;Mocasin;Vestir;;;100%CueroVacuno;339900;199900;mocasin-iggy-10;https://burgues.com/media/catalog/product/s/0/s0090igg10-1_1.jpg;configurable;ARCHIVE;40|41|42|43
S0090IGG69;MocasinIggy;Shoes;Mocasin;Vestir;;;100%CueroVacuno;339900;199900;mocasin-iggy-69;https://burgues.com/media/catalog/product/s/0/s0090igg69-1.jpg;configurable;ARCHIVE;39|40|42|43|44
S0090IGG6E;MocasinIggy;Shoes;Mocasin;Vestir;;;100%CueroVacuno;339900;199900;s0090igg6e;https://burgues.com/media/catalog/product/s/0/s0090igg-marron2.jpg;configurable;ARCHIVE;41|43
B0073MRL11;PantalónMarlon;Pantalones;Pantalones;Vestir;Regular;;75%Poliéster-25%Viscosa;239900;99900;b0073mrl11;https://burgues.com/media/catalog/product/b/0/b0073mrl11-1.jpg;configurable;ARCHIVE;
B0073MRL21;PantalónMarlon;Pantalones;Pantalones;Vestir;Regular;;75%Poliéster-25%Viscosa;239900;99900;b0073mrl21;https://burgues.com/media/catalog/product/b/0/b0073mrl21-1_1_.jpg;configurable;ARCHIVE;38|42
S0095BAR01;SneakerBarkley;Shoes;Zapatillas;Sport;;;100%CueroVacuno;239900;99900;sneaker-barkley-1;https://burgues.com/media/catalog/product/s/0/s0095bar01-1.jpg;configurable;ARCHIVE;41|42|43|44|45
S0095BAR10;SneakerBarkley;Shoes;Zapatillas;Sport;;;100%CueroVacuno;239900;99900;sneaker-barkley-01;;configurable;ARCHIVE;
S0095PIP01;SneakerPippen;Shoes;Zapatillas;Sport;;;100%CueroVacuno;239900;99900;sneaker-pippen-1;https://burgues.com/media/catalog/product/s/0/s0095pip01-1.jpg;configurable;ARCHIVE;40|41|42|43|44
S0095PIPD4;SneakerPippen;Shoes;Zapatillas;Sport;;;100%CueroVacuno;239900;99900;sneaker-pippen-d4;;configurable;ARCHIVE;41|42|43|44
V2352THA01;CamisaThai|Purolino;Camisas;Camisas;Vestir;ClassicFit;CuelloCutaway;100%Lino;239900;99900;v2352tha01;https://burgues.com/media/catalog/product/v/2/v2352tha01.jpg;configurable;ARCHIVE;
T0052THA07;CamisaThai|Purolino;Camisas;Camisas;Sport;ClassicFit;CuelloMao;100%Lino;239900;99900;t0052tha07;https://burgues.com/media/catalog/product/t/0/t0052tha07.jpg;configurable;ARCHIVE;XS|S|XL
T0052THA66;CamisaThai|Purolino;Camisas;Camisas;Sport;ClassicFit;CuelloMao;100%Lino;239900;99900;t0052tha66;https://burgues.com/media/catalog/product/t/0/t0052tha66-4.jpg;configurable;ARCHIVE;XS|S|3XL
T0052THA21;CamisaThai|Purolino;Camisas;Camisas;Sport;ClassicFit;CuelloMao;100%Lino;239900;99900;t0052tha21;https://burgues.com/media/catalog/product/t/0/t0052tha21-1.jpg;configurable;ARCHIVE;XS|S|M
T0052THA01;CamisaThai|Purolino;Camisas;Camisas;Sport;ClassicFit;CuelloMao;100%Lino;239900;99900;t0052tha01;https://burgues.com/media/catalog/product/t/0/t0052tha01-4.jpg;configurable;ARCHIVE;XS|S|XL
T0052THA23;CamisaThai|Purolino;Camisas;Camisas;Sport;ClassicFit;CuelloMao;100%Lino;239900;99900;t0052tha23;https://burgues.com/media/catalog/product/v/2/v2352tha23_2.jpg;configurable;ARCHIVE;XS|S|XL
T0064CHA21;CamperaChabrol;Abrigos;Camperas;Sport;Regular;;100%Poliéster;290000;149900;t0064cha21;https://burgues.com/media/catalog/product/t/0/t0064cha21.jpg;configurable;ARCHIVE;XS|S|M
V2081NOI10;CamperaNoir;Abrigos;Camperas;Vestir;Regular;;100%CuerodeOveja;600000;450000;v2081noi10;https://burgues.com/media/catalog/product/v/2/v2081noi10.jpg;configurable;ARCHIVE;
I2361BOW62;SacoBowie;Sastreria;Sacos;Vestir;SlimFit;;100%Lana;500000;350000;i2361bow62;https://burgues.com/media/catalog/product/i/2/i2361bow62-1.jpg;configurable;ARCHIVE;
T0067NEE21;CamisacoNeeson;Camisas;Camisas;Vestir;ClassicFit;;72%Poliéster-28%Viscosa;499900;349900;t0067nee21;https://burgues.com/media/catalog/product/t/0/t0067nee21-1.jpg;configurable;ARCHIVE;
T0067NEE62;CamisacoNeeson;Camisas;Camisas;Vestir;ClassicFit;;72%Poliéster-28%Viscosa;499900;349900;t0067nee62;https://burgues.com/media/catalog/product/t/0/t0067nee62_0671.jpg;configurable;ARCHIVE;
T0030MEM21;CamperaMemphis;Abrigos;Camperas;Vestir;ClassicFit;;Delantero/capuchainterna:100%poliéster-trasero/mangas/capuchaexterna:100%poliéster-forrería:100%poliéster-relleno:100%poliéster;449900;299900;t0030mem21;https://burgues.com/media/catalog/product/t/0/t0030mem21_1850.jpg;configurable;ARCHIVE;XS
T0030NEB10;CamperaNebraska;Abrigos;Camperas;Vestir;ClassicFit;;100%Poliéster-forrería:100%poliamida-relleno:100%poliéster;399900;249900;t0030neb10;https://burgues.com/media/catalog/product/t/0/t0030neb10_1184.jpg;configurable;ARCHIVE;
T0030NEB21;CamperaNebraska;Abrigos;Camperas;Vestir;ClassicFit;;100%Poliéster-forrería:100%poliamida-relleno:100%poliéster;399900;249900;t0030neb21;https://burgues.com/media/catalog/product/t/0/t0030neb21_1072.jpg;configurable;ARCHIVE;XS
T0030NEB60;CamperaNebraska;Abrigos;Camperas;Vestir;ClassicFit;;100%Poliéster-forrería:100%poliamida-relleno:100%poliéster;399900;249900;t0030neb60;https://burgues.com/media/catalog/product/t/0/t0030neb60_1375.jpg;configurable;ARCHIVE;
T0041JUL08;SweaterJulia|PuroAlgodón;Sweaters;Sweaters;Vestir;Relaxed;;100%Algodón;269900;119900;t0041jul08;https://burgues.com/media/catalog/product/t/0/t0041jul08_0278.jpg;configurable;ARCHIVE;S|M|L|XL
T0041JUL10;SweaterJulia|PuroAlgodón;Sweaters;Sweaters;Vestir;Relaxed;;100%Algodón;269900;119900;t0041jul10;https://burgues.com/media/catalog/product/t/0/t0041jul10_1033.jpg;configurable;ARCHIVE;XS|S|M|L|XL|XXL
T0052VIRA5;CamisaVirn;Camisas;Camisas;Vestir;ClassicFit;CuelloCutaway;100%Algodón;249900;99900;t0052vira5;https://burgues.com/media/catalog/product/t/0/t0052vira5_1257_1_.jpg;configurable;ARCHIVE;XS|XXL|3XL
T0052VIRD5;CamisaVirn;Camisas;Camisas;Vestir;ClassicFit;CuelloCutaway;100%Algodón;249900;99900;t0052vird5;https://burgues.com/media/catalog/product/t/0/t0052vird5-1.jpg;configurable;ARCHIVE;XS|XL|XXL|3XL
T0052VIR01;CamisaVirn;Camisas;Camisas;Vestir;ClassicFit;CuelloCutaway;100%Algodón;249900;99900;t0052vir01;https://burgues.com/media/catalog/product/t/0/t0052vir01.jpg;configurable;ARCHIVE;
T0044CHI10;CamperaChicago;Abrigos;Camperas;Vestir;ClassicFit;;100%Algodón;249900;99900;t0044chi10;https://burgues.com/media/catalog/product/t/0/t0044chi10-1.jpg;configurable;ARCHIVE;
T0044CHI08;CamperaChicago;Abrigos;Camperas;Vestir;ClassicFit;;100%Algodón;249900;99900;t0044chi08;https://burgues.com/media/catalog/product/t/0/t0044chi08-5.jpg;configurable;ARCHIVE;XL|XXL|3XL
B0073GAH21;PantalónGahan;Pantalones;Pantalones;Vestir;Regular;;CottonBlend|98%Algodón-2%Elastano;249900;99900;b0073gah21;https://burgues.com/media/catalog/product/b/0/b0073gah21-1.jpg;configurable;ARCHIVE;40|46|48
B0073GAH62;PantalónGahan;Pantalones;Pantalones;Vestir;Regular;;CottonBlend|98%Algodón-2%Elastano;249900;99900;b0073gah62;https://burgues.com/media/catalog/product/b/0/b0073gah62-1.jpg;configurable;ARCHIVE;
T0041DAR10;SweaterDarry;Sweaters;Sweaters;Vestir;ClassicFit;CuelloRedondo;CottonBlend|80%Algodón-20%LanaMerino;249900;99900;t0041dar10;https://burgues.com/media/catalog/product/t/0/t0041dar10_0256.jpg;configurable;ARCHIVE;
T0041DAR08;SweaterDarry;Sweaters;Sweaters;;;;CottonBlend|80%Algodón-20%LanaMerino;249900;99900;t0041dar08;https://burgues.com/media/catalog/product/t/0/t0041dar08_1134.jpg;configurable;ARCHIVE;
T0041CAS66;SweaterCasia;Sweaters;Sweaters;Vestir;ClassicFit;;69%Viscosa-27%Lino-4%Poliamida;249900;99900;t0041cas66;https://burgues.com/media/catalog/product/t/0/t0041cas66_0968.jpg;configurable;ARCHIVE;XS|S|M|L|XL|XXL
T0041CAS10;SweaterCasia;Sweaters;Sweaters;Vestir;ClassicFit;;69%Viscosa-27%Lino-4%Poliamida;249900;99900;t0041cas10;https://burgues.com/media/catalog/product/t/0/t0041cas10_1145.jpg;configurable;ARCHIVE;XS|S|XL|XXL
T0044BOS10;HoodieBoston;Buzos;Hoodies;Sport;Regular;CuelloenV;100%Algodón;199900;49900;t0044bos10;https://burgues.com/media/catalog/product/t/0/t0044bos10-4.jpg;configurable;ARCHIVE;
T0044BOS95;HoodieBoston;Buzos;Hoodies;Sport;Regular;CuelloenV;100%Algodón;199900;49900;t0044bos95;https://burgues.com/media/catalog/product/t/0/t0044bos95-4.jpg;configurable;ARCHIVE;
T0044BOS60;HoodieBoston;Buzos;Hoodies;Sport;Regular;CuelloenV;100%Algodón;199900;49900;t0044bos60;https://burgues.com/media/catalog/product/t/0/t0044bos60-1.jpg;configurable;ARCHIVE;
T0044BOS15;HoodieBoston;Buzos;Hoodies;Sport;Regular;;100%Algodón;199900;49900;t0044bos15;https://burgues.com/media/catalog/product/t/0/t0044bos15-4.jpg;configurable;ARCHIVE;
I1861PARC1;SacoPartridge;Sastreria;Sacos;Vestir;SlimFit;;100%Lana;600000;449900;i1861parc1;https://burgues.com/media/catalog/product/i/1/i1861parc1.jpg;configurable;ARCHIVE;44
I2264PAD10;CamperaPadoux;Abrigos;Camperas;Vestir;Regular;;100%Poliéster;300000;149900;i2264pad10;https://burgues.com/media/catalog/product/i/2/i2264pad10.jpg;configurable;ARCHIVE;
I2264PAD30;CamperaPadoux;Abrigos;Camperas;Vestir;Regular;;100%Poliéster;300000;149900;i2264pad30;https://burgues.com/media/catalog/product/i/2/i2264pad30-1.jpg;configurable;ARCHIVE;
S0092TEB10;ZapatoTebas;Shoes;Mocasines;Vestir;;;100%CueroVacuno;300000;149900;s0092teb10;https://burgues.com/media/catalog/product/s/0/s0092teb10.jpg;configurable;ARCHIVE;41|44|45
L0061MEG10;SacoMegan;Sastreria;Sacos;Vestir;SlimFit;;CottonBlend|95%Algodón-5%Elastano;300000;149900;l0061meg10;https://burgues.com/media/catalog/product/l/0/l0061meg10.jpg;configurable;ARCHIVE;46
L0061MEG62;SacoMegan;Sastreria;Sacos;Vestir;SlimFit;;CottonBlend|95%Algodón-5%Elastano;300000;149900;l0061meg62;https://burgues.com/media/catalog/product/l/0/l0061meg62.jpg;configurable;ARCHIVE;
I2364FLO10;CamperaFloyd;Abrigos;Camperas;Sport;Regular;;60%Poliamida-40%Poliuretano.Relleno100%Poliester.Forro100%Poliéster;250000;99900;i2364flo10;https://burgues.com/media/catalog/product/i/2/i2364flo10-1.jpg;configurable;ARCHIVE;
I2364FLO21;CamperaFloyd;Abrigos;Camperas;Sport;Regular;;60%Poliamida-40%Poliuretano.Relleno100%Poliester.Forro100%Poliester;250000;99900;i2364flo21;https://burgues.com/media/catalog/product/i/2/i2364flo21-1.jpg;configurable;ARCHIVE;
I2264MEL21;CamperaMelville;Abrigos;Camperas;Vestir;Regular;;100%Algodón;250000;99900;i2264mel21;https://burgues.com/media/catalog/product/i/2/i2264mel21.jpg;configurable;ARCHIVE;
L0064ROD21;CamperaRodano;Abrigos;Camperas;Vestir;Regular;;CottonBlend|98%Algodón-2%Elastano;250000;99900;l0064rod21;https://burgues.com/media/catalog/product/l/0/l0064rod21.jpg;configurable;ARCHIVE;
L0073ELI21;PantalónElio;Pantalones;Pantalones;Vestir;ClassicFit;;WoolBlend|70%Lana-26%-Poliester-4%Spandex;250000;99900;l0073eli21;https://burgues.com/media/catalog/product/l/0/l0073eli21.jpg;configurable;ARCHIVE;48
T0067ORS35;CamisacoOrsen;Abrigos;Camisas;Vestir;ClassicFit;;100%Lino;459900;299900;t0067ors35;https://burgues.com/media/catalog/product/t/0/t0067ors35-1.jpg;configurable;ARCHIVE;M|L|XL
B0073GRE10;PantalónGregory;Pantalones;Pantalones;Vestir;ClassicFit;;CottonBlend|97%Algodón-3%Elastano;259900;99900;b0073gre10;https://burgues.com/media/catalog/product/b/0/b0073gre10-1.jpg;configurable;ARCHIVE;42|46
B0073GRE04;PantalónGregory;Pantalones;Pantalones;Vestir;ClassicFit;;CottonBlend|97%Algodón-3%Elastano;259900;99900;b0073gre04;https://burgues.com/media/catalog/product/b/0/b0073gre04-1.jpg;configurable;ARCHIVE;46|48
T0052KUR21;CamisaKurt;Camisas;Camisas;Sport;Relaxed;CuelloCutaway;100%Algodón;319900;149900;t0052kur21;https://burgues.com/media/catalog/product/t/0/t0052kur21_0327.jpg;configurable;ARCHIVE;
T0052KUR60;CamisaKurt;Camisas;Camisas;Sport;Relaxed;CuelloCutaway;100%Algodón;319900;149900;t0052kur60;https://burgues.com/media/catalog/product/t/0/t0052kur60_0384.jpg;configurable;ARCHIVE;
T0064LAR21;CamisacoLara|Purolino;Camisas;Camisas;Vestir;Regular;CuelloCutaway;100%Lino;269900;99900;t0064lar21;https://burgues.com/media/catalog/product/t/0/t0064lar21-1_1.jpg;configurable;ARCHIVE;M|L
T0064LAR66;CamisacoLara|Purolino;Camisas;Camisas;Vestir;Regular;CuelloCutaway;100%Lino;269900;99900;t0064lar66;https://burgues.com/media/catalog/product/t/0/t0064lar66-1_1.jpg;configurable;ARCHIVE;
T0041ANN66;PoloAnna;Sweaters;Sweaters;Vestir;ClassicFit;;CottonBlend|50%Algodón-50%Viscosa;269900;99900;t0041ann66;https://burgues.com/media/catalog/product/t/0/t0041ann66-4.jpg;configurable;ARCHIVE;
T0041ANN10;PoloAnna;Sweaters;Sweaters;Vestir;ClassicFit;;CottonBlend|50%Algodón-50%Viscosa;269900;99900;t0041ann10;https://burgues.com/media/catalog/product/t/0/t0041ann10-1.jpg;configurable;ARCHIVE;
S0090AGN65;MocasinAgnes;Shoes;Mocasin;Vestir;;;100%CueroVacuno;329900;149900;mocasin-agnes-65;https://burgues.com/media/catalog/product/s/0/s0090agn-vison2.jpg;configurable;ARCHIVE;40|43
S0090AGN61;MocasinAgnes;Shoes;Mocasin;Vestir;;;100%CueroVacuno;329900;149900;mocasin-agnes-61;;configurable;ARCHIVE;40|41|42|43|44
S0090AGN2C;MocasinAgnes;Shoes;Mocasin;Vestir;;;100%CueroVacuno;329900;149900;mocasin-agnes-2c;;configurable;ARCHIVE;
S0090AGN10;MocasinAgnes;Shoes;Mocasin;;;;100%CueroVacuno;329900;149900;s0090agn10;https://burgues.com/media/catalog/product/s/0/s0090agn-negro2.jpg;configurable;ARCHIVE;
S0090AGN64;MocasinAgnes;Shoes;Mocasin;;;;100%CueroVacuno;329900;149900;s0090agn64;https://burgues.com/media/catalog/product/_/l/_lr00676.jpg;configurable;ARCHIVE;
T0030ARA21;CamperaAragon;Abrigos;Camperas;Vestir;Regular;;100%Algodón.Delantero:100%Poliamida.Forro:100%Poliéster.Relleno:100%Poliéster;279900;99900;t0030ara21;https://burgues.com/media/catalog/product/t/0/t0030ara21-1_1.jpg;configurable;ARCHIVE;XS|S
I2173LYOC1;PantalónLyons;Pantalones;Pantalones;Vestir;SlimFit;;100%Lana;400000;219000;i2173lyoc1;https://burgues.com/media/catalog/product/i/2/i2173lyoc1.jpg;configurable;ARCHIVE;
I2381SCO10;CamperaScott;Cueros;Camperas;Vestir;Regular;;100%CuerodeOveja;650000;460000;i2381sco10;https://burgues.com/media/catalog/product/i/2/i2381sco10-1_1.jpg;configurable;ARCHIVE;
T0045LOL08;CardiganLola;Sweaters;Cardigan;Vestir;ClassicFit;;100%Algodón;339900;149900;t0045lol08;https://burgues.com/media/catalog/product/t/0/t0045lol08-1.jpg;configurable;ARCHIVE;
T0041AME13;SweaterCashmereamelio;Sweaters;Sweaters;Vestir;SlimFit;CuelloRedondo;WoolBlend|70%Lana-30%Cashmere;339900;149900;t0041ame13;https://burgues.com/media/catalog/product/t/0/t0041ame13-1.jpg;configurable;ARCHIVE;
T0041AME66;SweaterCashmereamelio;Sweaters;Sweaters;Vestir;SlimFit;CuelloRedondo;WoolBlend|70%Lana-30%Cashmere;339900;149900;t0041ame66;https://burgues.com/media/catalog/product/t/0/t0041ame66.jpg;configurable;ARCHIVE;XL|XXL
T0041AME08;SweaterCashmereamelio;Sweaters;Sweaters;Vestir;SlimFit;CuelloRedondo;WoolBlend|70%Lana-30%Cashmere;339900;149900;t0041ame08;https://burgues.com/media/catalog/product/t/0/t0041ame08-4.jpg;configurable;ARCHIVE;L|XL|XXL
T0041AME10;SweaterCashmereamelio;Sweaters;Sweaters;Vestir;SlimFit;CuelloRedondo;WoolBlend|70%Lana-30%Cashmere;339900;149900;t0041ame10;https://burgues.com/media/catalog/product/t/0/t0041ame10-1.jpg;configurable;ARCHIVE;
T0041AME30;SweaterCashmereamelio;Sweaters;Sweaters;Vestir;SlimFit;CuelloRedondo;WoolBlend|70%Lana-30%Cashmere;339900;149900;t0041ame30;https://burgues.com/media/catalog/product/t/0/t0041ame30-1.jpg;configurable;ARCHIVE;
T0062CRI35;TrenchCrink;Abrigos;Trenchs;Vestir;Regular;;100%Poliamida;390000;195000;t0062cri35;https://burgues.com/media/catalog/product/t/0/t0062cri35-1_1.jpg;configurable;ARCHIVE;
T0081PRI60;CamperaPrince;Abrigos;Camperas;Vestir;Regular;;100%CuerodeOveja;1399900;1199900;t0081pri60;https://burgues.com/media/catalog/product/t/0/t0081pri60_265187.jpg;configurable;ARCHIVE;
T0081MIL10;CamperaMilton;Abrigos;Camperas;Vestir;Regular;;100%CueroDeCabraMangas:100%CueroDeOvejaRelleno:100%PoliésterForro:100%Acetato;700000;500000;t0081mil10;https://burgues.com/media/catalog/product/t/0/t0081mil10-1.jpg;configurable;ARCHIVE;
T0061MER21;SacoMerida;Sastreria;Sacos;Vestir;SlimFit;;100%Lino;699900;499900;t0061mer21;https://burgues.com/media/catalog/product/t/0/t0061mer21.jpg;configurable;ARCHIVE;44|46
T0061MER04;SacoMerida;Sastreria;Sacos;Vestir;SlimFit;;100%Lino;699900;499900;t0061mer04;https://burgues.com/media/catalog/product/t/0/t0061mer04-2.jpg;configurable;ARCHIVE;44|46|50|52
T0061MER63;SacoMerida;Sastreria;Sacos;Vestir;SlimFit;;100%Lino;699900;499900;t0061mer63;https://burgues.com/media/catalog/product/t/0/t0061mer63.jpg;configurable;ARCHIVE;46|52
T0061MER35;SacoMerida;Sastreria;Sacos;Vestir;SlimFit;;100%Lino;699900;499900;t0061mer35;https://burgues.com/media/catalog/product/t/0/t0061mer35.jpg;configurable;ARCHIVE;44
T0061MER13;SacoMerida;Sastreria;Sacos;Vestir;SlimFit;;100%Lino;699900;499900;t0061mer13;https://burgues.com/media/catalog/product/t/0/t0061mer13-1.jpg;configurable;ARCHIVE;44|46|52
T0062HUR35;TrenchHurley;Abrigos;Trenchs;Vestir;Relaxed;;CottonBlend|75%Algodón-26%Poliamida;499900;299900;t0062hur35;https://burgues.com/media/catalog/product/t/0/t0062hur35_0296.jpg;configurable;ARCHIVE;
T0063GIL10;ChalecoGilmour;Abrigos;Chalecos;Vestir;ClassicFit;;100%Poliéster.Forro:100%Poliamida.Relleno:100%Poliéster;349900;149900;t0063gil10;https://burgues.com/media/catalog/product/t/0/t0063gil10-1.jpg;configurable;ARCHIVE;S|XL
T0042ALE10;PoleraAlessandro;Sweaters;Poleras;Vestir;ClassicFit;CuelloPolera;WoolBlend|70%Lana-30%Cashmere;349900;149900;t0042ale10;https://burgues.com/media/catalog/product/t/0/t0042ale10_0469.jpg;configurable;ARCHIVE;S|L|XL|XXL
T0041MAU10;SweaterMaurice;Sweaters;Sweaters;Vestir;ClassicFit;;WoolBlend|90%LanaMerino-10%Cashemere;349900;149900;t0041mau10;https://burgues.com/media/catalog/product/t/0/t0041mau10_265866.jpg;configurable;ARCHIVE;
T0041MAU21;SweaterMaurice;Sweaters;Sweaters;Vestir;ClassicFit;;WoolBlend|90%LanaMerino-10%Cashemere;349900;149900;t0041mau21;https://burgues.com/media/catalog/product/t/0/t0041mau21_265242.jpg;configurable;ARCHIVE;
T0045LIN66;CardiganLina;Sweaters;Cardigan;Vestir;ClassicFit;;69%Viscosa-27%Lino-4%Poliamida;299900;99900;t0045lin66;https://burgues.com/media/catalog/product/t/0/t0045lin66_0797.jpg;configurable;ARCHIVE;XS|S|M|L|XL|XXL
T0045LIN10;CardiganLina;Sweaters;Cardigan;Vestir;ClassicFit;;69%Viscosa-27%Lino-4%Poliamida;299900;99900;t0045lin10;https://burgues.com/media/catalog/product/t/0/t0045lin10_0788.jpg;configurable;ARCHIVE;XS|M|L|XL|XXL
T0061LIG64;SacoLigio;Sastreria;Sacos;Vestir;SlimFit;;100%Lino;500000;299900;t0061lig64;https://burgues.com/media/catalog/product/t/0/t0061lig64_1.jpg;configurable;ARCHIVE;
I2161ARCC1;SacoArchie;Sastreria;Sacos;Vestir;SlimFit;;100%lana;500000;299900;i2161arcc1;https://burgues.com/media/catalog/product/i/2/i2161arcc1-1.jpg;configurable;ARCHIVE;
L0061LOU21;SacoLouis;Sastreria;Sacos;Vestir;SlimFit;;51%Poliéster-28%Viscosa-21%Elastano;500000;299900;l0061lou21;https://burgues.com/media/catalog/product/l/0/l0061lou21.jpg;configurable;ARCHIVE;
I2161ARC60;SacoArchie;Sastreria;Sacos;Vestir;SlimFit;;100%Lana;500000;299900;i2161arc60;https://burgues.com/media/catalog/product/i/2/i2161arc60-1.jpg;configurable;ARCHIVE;
I2161LIRC1;SacoLirio;Sastreria;Sacos;Vestir;SlimFit;;100%Lana;500000;299900;i2161lirc1;https://burgues.com/media/catalog/product/i/2/i2161lirc1.jpg;configurable;ARCHIVE;
T0064MAY10;CamperaMayer;Abrigos;Camperas;Vestir;Regular;;100%PoliamidaRelleno.100%Poliéster.Forro100%Poliamida;350000;149900;t0064may10;https://burgues.com/media/catalog/product/t/0/t0064may10-1.jpg;configurable;ARCHIVE;
I2364MAY55;CamperaMayer;Abrigos;Camperas;Vestir;Regular;;100%PoliamidaRelleno.100%Poliéster.Forro100%Poliamida;350000;149900;i2364may55;https://burgues.com/media/catalog/product/i/2/i2364may55.jpg;configurable;ARCHIVE;
T0064RUN10;CamperaRuna;Abrigos;Camperas;Sport;Regular;;100%Poliéster.Forro:100%Poliéster.Relleno:100%Poliéster;300000;99900;t0064run10;https://burgues.com/media/catalog/product/t/0/t0064run10-4.jpg;configurable;ARCHIVE;
B0073RINA2;PantalónRino;Pantalones;Pantalones;Vestir;SlimFit;;LinenBlend|53%Lino-47%Algodón;300000;99900;b0073rina2;https://burgues.com/media/catalog/product/b/0/b0073rina2.jpg;configurable;ARCHIVE;42|46|48
T0030GOT10;CamperaGottan;Abrigos;Camperas;Vestir;Regular;;WoolBlend|90%Lana-10%Poliamida;429900;224900;t0030got10;https://burgues.com/media/catalog/product/t/0/t0030got10_0842.jpg;configurable;ARCHIVE;
T0045PIE08;CardiganPietro;Sweaters;Cardigan;Vestir;SlimFit;CuelloenV;100%Lana;360000;149900;t0045pie08;https://burgues.com/media/catalog/product/t/0/t0045pie08-4_1.jpg;configurable;ARCHIVE;XL
T0045PIE10;CardiganPietro;Sweaters;Cardigan;Vestir;SlimFit;CuelloenV;100%Lana;360000;149900;t0045pie10;https://burgues.com/media/catalog/product/t/0/t0045pie10-1.jpg;configurable;ARCHIVE;XL
T0030PER21;CamperaPersa;Abrigos;Camperas;Vestir;Regular;;100%Poliéster;360000;149900;t0030per21;https://burgues.com/media/catalog/product/t/0/t0030per21-4_1_.jpg;configurable;ARCHIVE;
T0030PER10;CamperaPersa;Abrigos;Camperas;Vestir;Regular;;100%Poliéster;360000;149900;t0030per10;https://burgues.com/media/catalog/product/t/0/t0030per10-1.jpg;configurable;ARCHIVE;
I2173VICC1;PantalónVictory;Pantalones;Pantalones;Vestir;SlimFit;;100%Lana;400000;185000;i2173vicc1;https://burgues.com/media/catalog/product/i/2/i2173vicc1.jpg;configurable;ARCHIVE;
S0098MIC67;BorcegoMicenas;Shoes;Borcegos;Sport;;;100%CueroVacuno;369000;149900;borcego-micenas-67;;configurable;ARCHIVE;
T0030KAN10;CamperaKansas;Abrigos;Camperas;Vestir;ClassicFit;;Delantero:100%poliéster-mangas/espalda/cuellotejido:100%poliéster-forrería:100%poliéster-relleno:100%poliéster;369900;149900;t0030kan10;https://burgues.com/media/catalog/product/t/0/t0030kan10_0132_1.jpg;configurable;ARCHIVE;
T0030KAN30;CamperaKansas;Abrigos;Camperas;Vestir;ClassicFit;;Delantero:100%poliéster-mangas/espalda/cuellotejido:100%poliéster-forrería:100%poliéster-relleno:100%poliéster;369900;149900;t0030kan30;https://burgues.com/media/catalog/product/t/0/t0030kan30_0888.jpg;configurable;ARCHIVE;
T0030DAL10;CamperaDallas;Abrigos;Camperas;Vestir;ClassicFit;;Delantero:100%poliéster-mangas/espalda/cuellotejido:100%poliéster-forrería:100%poliéster-relleno:100%poliéster;379900;149900;t0030dal10;https://burgues.com/media/catalog/product/t/0/t0030dal10_1930.jpg;configurable;ARCHIVE;
T0030LER21;CamperaLeroy;Abrigos;Camisacos;Vestir;Regular;;100%Algodón.Relleno:100%Poliéster.Forro:100%Acetato;385000;149900;t0030ler21;https://burgues.com/media/catalog/product/t/0/t0030ler21-4_2_.jpg;configurable;ARCHIVE;XS|S
T0030LER62;CamperaLeroy;Abrigos;Camisacos;Vestir;Regular;;100%Algodón.Relleno:100%Poliéster.Forro:100%Acetato;385000;149900;t0030ler62;https://burgues.com/media/catalog/product/t/0/t0030ler62-1.jpg;configurable;ARCHIVE;
T0030GIL21;CamperaGilmour;Abrigos;Camperas;Vestir;Regular;;100%Poliéster.Forro:100%Poliamida.Relleno:100%Poliéster;399000;149900;t0030gil21;;configurable;ARCHIVE;
T0030GIL10;CamperaGilmour;Abrigos;Camperas;Vestir;Regular;;100%Poliéster.Forro:100%Poliamida.Relleno:100%Poliéster;399000;149900;t0030gil10;https://burgues.com/media/catalog/product/t/0/t0030gil10-1.jpg;configurable;ARCHIVE;
T0065PER21;TapadoReversiblePersia;Abrigos;Tapados;Vestir;Regular;;WoolBlend|55%Lana-45%Poliéster.Forro:100%Acetato;749900;499900;t0065per21;https://burgues.com/media/catalog/product/t/0/t0065per21_1124.jpg;configurable;ARCHIVE;XL|XXL|3XL
T0061UNI21;SacoUnique;Sastreria;Sacos;Vestir;SlimFit;;CottonBlend|97%Algodón-3%Elastano;499900;249900;t0061uni21;https://burgues.com/media/catalog/product/t/0/t0061uni21-1.jpg;configurable;ARCHIVE;
S0093SHE10;BotaSheepark;Shoes;Botas;Vestir;;;100%CueroVacuno;399900;149900;s0093she10;https://burgues.com/media/catalog/product/_/l/_lr00231.jpg;configurable;ARCHIVE;
T0030OLS10;CamperaOlson;Abrigos;Camperas;Vestir;ClassicFit;;100%Poliamida-Forreria:100%Poliamida-Relleno:100%Poliéster;399900;149900;t0030ols10;https://burgues.com/media/catalog/product/t/0/t0030ols10_2071.jpg;configurable;ARCHIVE;
T0041BER3C;SweaterBernard;Sweaters;Sweaters;Vestir;Relaxed;CuelloRedondo;WoolBlend|50%Lanamerinoextrafine-50%Acrilico;399900;149900;t0041ber3c;https://burgues.com/media/catalog/product/t/0/t0041ber3c_0436.jpg;configurable;ARCHIVE;
T0045HEN60;CardiganHenry;Sweaters;Cardigan;Vestir;ClassicFit;;WoolBlend|50%Lanamerinoextrafine-50%Acrilico;399900;149900;t0045hen60;https://burgues.com/media/catalog/product/t/0/t0045hen60_0221.jpg;configurable;ARCHIVE;
S0093LUI10;BotaLuigui;Shoes;Botas;;;;100%CueroVacuno;399900;149900;s0093lui10;https://burgues.com/media/catalog/product/_/l/_lr09192.jpg;configurable;ARCHIVE;
B0073BRO10;PantalónBrooklyn;Pantalones;Pantalones;;;;100%Lana;399900;149900;b0073bro10;https://burgues.com/media/catalog/product/b/0/b0073bro10-1.jpg;configurable;ARCHIVE;
T0061NOR21;SacoNorah;Sastreria;Sacos;Vestir;SlimFit;;CottonBlend|95%Algodón-5%Elastano;500000;249900;t0061nor21;https://burgues.com/media/catalog/product/t/0/t0061nor21.jpg;configurable;ARCHIVE;44|46|48
T0061NOR66;SacoNorah;Sastreria;Sacos;Vestir;SlimFit;;CottonBlend|95%Algodón-5%Elastano;500000;249900;t0061nor66;;configurable;ARCHIVE;44|46|48|50
T0061NOR61;SacoNorah;Sastreria;Sacos;Vestir;SlimFit;;CottonBlend|95%Algodón-5%Elastano;500000;249900;t0061nor61;https://burgues.com/media/catalog/product/t/0/t0061nor61.jpg;configurable;ARCHIVE;46|48
T0064GAL11;CamisacoGalves;Abrigos;Camisacos;Vestir;Regular;;WoolBlend|50%Lana-50%Poliéster.Forro:100%Acetato;400000;149900;t0064gal11;https://burgues.com/media/catalog/product/t/0/t0064gal11-4.jpg;configurable;ARCHIVE;
T0064GAL10;CamisacoGalves;Abrigos;Camisacos;Vestir;Regular;;WoolBlend|50%Lana-50%Poliéster.Forro:100%Acetato;400000;149900;t0064gal10;https://burgues.com/media/catalog/product/t/0/t0064gal10-1.jpg;configurable;ARCHIVE;
T0064GAL61;CamisacoGalves;Abrigos;Camisacos;Vestir;Regular;;WoolBlend|50%Lana-50%Poliéster.Forro:100%Acetato;400000;149900;t0064gal61;https://burgues.com/media/catalog/product/t/0/t0064gal62-4_1_.jpg;configurable;ARCHIVE;
V2362LED03;TrenchLeda;Abrigos;Trenchs;Vestir;SlimFit;;100%Algodón;400000;149900;v2362led03;https://burgues.com/media/catalog/product/v/2/v2362led03.jpg;configurable;ARCHIVE;
I2262POP10;TrenchPopper;Abrigos;Trenchs;Vestir;Regular;;100%Poliéster;400000;149900;i2262pop10;https://burgues.com/media/catalog/product/i/2/i2262pop10.jpg;configurable;ARCHIVE;
V2362LED21;TrenchLeda;Abrigos;Trenchs;Vestir;SlimFit;;100%Algodón;400000;149900;v2362led21;https://burgues.com/media/catalog/product/v/2/v2362led21.jpg;configurable;ARCHIVE;
I2262POP61;TrenchPopper;Abrigos;Trenchs;Vestir;Regular;;100%Poliéster;400000;149900;i2262pop61;https://burgues.com/media/catalog/product/i/2/i2262pop61.jpg;configurable;ARCHIVE;
T0061JIMN1;SacoJim;Sastreria;Sacos;Vestir;SlimFit;;100%Lana;700000;449000;t0061jimn1;;configurable;ARCHIVE;
I2061GEO12;SacoGeorgia;Sastreria;Sacos;Vestir;SlimFit;;100%Lana;600000;349000;i2061geo12;https://burgues.com/media/catalog/product/i/2/i2061geo12.jpg;configurable;ARCHIVE;44
T0030WIN32;CamperaWin;Abrigos;Camperas;Vestir;ClassicFit;;100%Poliamida;399900;129900;t0030win32;https://burgues.com/media/catalog/product/t/0/t0030win32-4.jpg;configurable;ARCHIVE;S|M|L|XL
T0030MIE10;CamperaMieres;Abrigos;Camperas;Vestir;ClassicFit;;100%Poliéster;429900;149900;t0030mie10;https://burgues.com/media/catalog/product/t/0/t0030mie10-1.jpg;configurable;ARCHIVE;
T0081SMI10;CamperaSmith;Cueros;Camperas;Vestir;Regular;;100%CuerodeOveja;700000;415000;t0081smi10;https://burgues.com/media/catalog/product/t/0/t0081smi10-1.jpg;configurable;ARCHIVE;
T0081VOL69;CamperaVolta|CueroDeCabra;Abrigos;Camperas;Vestir;ClassicFit;;100%CuerodeCabra;1299900;999900;t0081vol69;https://burgues.com/media/catalog/product/t/0/t0065galn41788_1.jpg;configurable;ARCHIVE;
T0064CAD10;CamperaCadiz;Abrigos;Camperas;Vestir;Regular;;WoolBlend|90%Lana-10%Poliamida.Manga:100%CueroDeCabra.Forro:100%Acetato.Relleno:100%Poliéster;599900;299900;t0064cad10;https://burgues.com/media/catalog/product/t/0/t0064cad10_265904.jpg;configurable;ARCHIVE;
I2365BIR10;TapadoBirkin;Abrigos;Tapados;Vestir;Regular;;WoolBlend|65%Lana-35%Poliéster;599900;299900;i2365bir10;https://burgues.com/media/catalog/product/3/5/35081_9_2.jpg;configurable;ARCHIVE;
I2365BIR21;TapadoBirkin;Abrigos;Tapados;Vestir;Regular;;WoolBlend|65%Lana-35%Poliéster;599900;299900;i2365bir21;https://burgues.com/media/catalog/product/i/2/i2365bir21.jpg;configurable;ARCHIVE;
I2365BIR67;TapadoBirkin;Abrigos;Tapados;Vestir;Regular;;WoolBlend|65%Lana-35%Poliéster;599900;299900;i2365bir67;https://burgues.com/media/catalog/product/i/2/i2365bir67-1.jpg;configurable;ARCHIVE;
I2265BRI64;TapadoBirkin;Abrigos;Tapados;Vestir;Regular;;WoolBlend|65%lana-35%Poliéster;599900;299900;i2265bri64;https://burgues.com/media/catalog/product/i/2/i2265bri64-1.jpg;configurable;ARCHIVE;
T0067BLA67;CamisacoBlass;Abrigos;Camisacos;Vestir;Regular;;WoolBlend|55%Lana-45%Poliéster;449900;149900;t0067bla67;https://burgues.com/media/catalog/product/t/0/t0067bla67-4.jpg;configurable;ARCHIVE;
T0061RINA2;SacoRino;Sastreria;Sacos;Vestir;SlimFit;;LinenBlend|53%Lino-47%Algodón;600000;299900;t0061rina2;https://burgues.com/media/catalog/product/t/0/t0061rina2-1.jpg;configurable;ARCHIVE;44|46|48|50
I2061PAU11;SacoPaula;Sastreria;Sacos;Vestir;SlimFit;;100%Lana;600000;299900;i2061pau11;https://burgues.com/media/catalog/product/i/2/i2061pau11.jpg;configurable;ARCHIVE;44|46|50
T0081GIR10;CamperaGiran;Abrigos;Camisacos;Vestir;ClassicFit;;WoolBlend|50%Lana-50%Acrílico-Delantero:100%CueroDeCabra;900000;590000;t0081gir10;https://burgues.com/media/catalog/product/t/0/t0081gir10-1.jpg;configurable;ARCHIVE;
T0081PAU10;CamperaPaul;Abrigos;Camperas;Vestir;Regular;;100%CuerodeOveja;925000;590000;t0081pau10;https://burgues.com/media/catalog/product/t/0/t0081pau10.jpg;configurable;ARCHIVE;
I2061VICC1;SacoVictory;Sastreria;Sacos;Vestir;SlimFit;;100%Lana;599900;249900;i2061vicc1;https://burgues.com/media/catalog/product/i/2/i2061vicc1-2.jpg;configurable;ARCHIVE;
I2061VOL60;SacoVolta;Sastreria;Sacos;Vestir;SlimFit;;100%Lana;599900;249900;i2061vol60;https://burgues.com/media/catalog/product/i/2/i2061vol60.jpg;configurable;ARCHIVE;
V2281CHA10;CamperaChase;Abrigos;Camperas;Vestir;Regular;;100%CuerodeCabraGamuzada;650000;299900;v2281cha10;https://burgues.com/media/catalog/product/v/2/v2281cha10.jpg;configurable;ARCHIVE;
T0065LAH61;TapadoLahara;Abrigos;Tapados;Vestir;Regular;;WoolBlend|90%Lana-10%Poliéster.Forro:100%Acetato;689900;299900;t0065lah61;https://burgues.com/media/catalog/product/t/0/t0065lah61_0936.jpg;configurable;ARCHIVE;
T0065GAI11;TapadoGainsbourg;Abrigos;Tapados;Vestir;Regular;;WoolBlend|50%Lana-50%Poliéster.Forro:100%Acetato;689900;299900;t0065gai11;https://burgues.com/media/catalog/product/t/0/t0065gai11-1.jpg;configurable;ARCHIVE;3XL
T0065GAI10;TapadoGainsbourg;Abrigos;Tapados;Vestir;Regular;;WoolBlend|50%Lana-50%Poliéster.Forro:100%Acetato;689900;299900;t0065gai10;https://burgues.com/media/catalog/product/t/0/t0065gai10_1238.jpg;configurable;ARCHIVE;XS
T0061MOR21;SacoMorrison;Sastreria;Sacos;Vestir;SlimFit;;WoolBlend|50%Lana-50%Poliéster.Forro:100%Acetato;999900;599900;t0061mor21;https://burgues.com/media/catalog/product/t/0/t0061mor21-4.jpg;configurable;ARCHIVE;44|46|48|50|52
T0081DRI10;CamperaDrilo;Abrigos;Camperas;Vestir;Regular;;100%CueroDeOveja.Forro:100%Acetato;999900;599900;t0081dri10;https://burgues.com/media/catalog/product/t/0/t0081dri10-1.jpg;configurable;ARCHIVE;
T0061CHR11;SacoChris;Sastreria;Sacos;Vestir;SlimFit;;100%Lana.Forro:100%Acetato;899900;499900;t0061chr11;https://burgues.com/media/catalog/product/t/0/t0061chr11-1_1.jpg;configurable;ARCHIVE;44|46|48|50|52
T0065CAN12;TapadoCannet;Abrigos;Tapados;Vestir;ClassicFit;;100%Lana;899900;499900;t0065can12;https://burgues.com/media/catalog/product/t/0/t0065can12_1502.jpg;configurable;ARCHIVE;
T0061GAH62;SacoGahan;Sastreria;Sacos;Vestir;SlimFit;;CottonBlend|98%Algodón-2%Elastano;599900;199900;t0061gah62;https://burgues.com/media/catalog/product/t/0/t0061gah62-1.jpg;configurable;ARCHIVE;46|48|50|52|54
T0081JUN2A;CamperaJune;Abrigos;Camperas;Vestir;Regular;;100%CueroDeCabra.Forro:100%Acetato;700000;299900;t0081jun2a;https://burgues.com/media/catalog/product/t/0/t0081jun2a.jpg;configurable;ARCHIVE;
T0081RIN64;CamperaRingo;Cueros;Camperas;Vestir;Regular;;100%CuerodeCabraGamuzada;900000;480000;t0081rin64;https://burgues.com/media/catalog/product/t/0/t0081rin64.jpg;configurable;ARCHIVE;
L0081RIN10;CamperaRingo;Abrigos;Camperas;Vestir;Regular;;100%CuerodeCabra;900000;480000;l0081rin10;https://burgues.com/media/catalog/product/l/0/l0081rin10-2.jpg;configurable;ARCHIVE;
T0081RIN10;CamperaRingo;Abrigos;Camperas;Sport;Regular;;100%CuerodeCabra;900000;480000;t0081rin10;https://burgues.com/media/catalog/product/t/0/t0081rin10.jpg;configurable;ARCHIVE;
T0081WES10;CamperaWest;Abrigos;Camperas;Vestir;Regular;;100%CuerodeOveja;990000;550000;campera-west-10;https://burgues.com/media/catalog/product/t/0/t0081wes10-4_1_.jpg;configurable;ARCHIVE;
T0081WES6F;CamperaWest;Abrigos;Camperas;Vestir;Regular;;100%CuerodeOveja;990000;550000;campera-west-6f;https://burgues.com/media/catalog/product/t/0/t0081wes6f-4.jpg;configurable;ARCHIVE;
T0065CRE10;TapadoReversibleCreta;Abrigos;Tapados;Vestir;Regular;;100%Lana;969000;499900;t0065cre10;https://burgues.com/media/catalog/product/t/0/t0065cre10-1.jpg;configurable;ARCHIVE;
T0081BOY6F;ParkaBoyle;Abrigos;Parkas;Vestir;Regular;;100%CueroDeOvejaCombinación:100%Poliéster.Forro:100%Acetato;1299900;799900;t0081boy6f;https://burgues.com/media/catalog/product/t/0/t0081boy6f-1.jpg;configurable;ARCHIVE;
T0081RAI10;CamperaRain|CueroDeOveja;Abrigos;Camperas;Vestir;ClassicFit;;100%CuerodeOveja;1299900;799900;t0081rai10;https://burgues.com/media/catalog/product/t/0/t0081rai10_1685.jpg;configurable;ARCHIVE;
T0061APU10;SacoApulia;Sastreria;Sacos;Vestir;SlimFit;;WoolBlend|50%LanaVirgen-50%Acrílico;1199900;699900;t0061apu10;https://burgues.com/media/catalog/product/t/0/t0061apu10-4.jpg;configurable;ARCHIVE;46|50|52
T0061APU21;SacoApulia;Sastreria;Sacos;Vestir;SlimFit;;WoolBlend|50%LanaVirgen-50%Acrílico;1199900;699900;t0061apu21;https://burgues.com/media/catalog/product/t/0/t0061apu21-1.jpg;configurable;ARCHIVE;46|52
T0061LEC10;SacoLecce;Sastreria;Sacos;Vestir;SlimFit;;100%Lana.Forro:100%Acetato;999900;499900;t0061lec10;https://burgues.com/media/catalog/product/t/0/t0061lec10-1.jpg;configurable;ARCHIVE;
T0061ELT60;SacoElton;Sastreria;Sacos;Vestir;SlimFit;;100%Lana.Forro:100%Acetato;999900;499900;t0061elt60;https://burgues.com/media/catalog/product/t/0/t0061elt60-1_1.jpg;configurable;ARCHIVE;44|46|48
T0064SAJ11;TapadoSajara;Abrigos;Tapados;Vestir;SlimFit;;WoolBlend|70%Lana-30%Poliéster.Forro:100%Acetato;849000;299900;t0064saj11;https://burgues.com/media/catalog/product/t/0/t0065saj11-4_1.jpg;configurable;ARCHIVE;
T0081EAG60;CamperaEagles;Abrigos;Camperas;Vestir;ClassicFit;;100%CueroDeOveja;1249900;699900;t0081eag60;https://burgues.com/media/catalog/product/t/0/t0081eag60_0607.jpg;configurable;ARCHIVE;
T0081EAG95;CamperaEagles;Abrigos;Camperas;Vestir;ClassicFit;;100%CueroDeOveja;1249900;699900;t0081eag95;https://burgues.com/media/catalog/product/t/0/t0081eag95_1198_-_copia.jpg;configurable;ARCHIVE;
T0061BAR11;SacoBari;;;Vestir;SlimFit;;100%Lana.Forro:100%Acetato;1199900;599900;t0061bar11;https://burgues.com/media/catalog/product/t/0/t0061bar11-1.jpg;configurable;ARCHIVE;46|48|50
T0061BRO10;SacoBrooklyn;Sastreria;Sacos;Vestir;SlimFit;;100%Lana;949900;299900;t0061bro10;https://burgues.com/media/catalog/product/t/0/t0061bro10-4.jpg;configurable;ARCHIVE;48
T0081KLO10;CamperaKlost;Abrigos;Camperas;Vestir;Regular;;100%CueroDeOveja.Forro:100%Acetato;1049000;299900;t0081klo10;https://burgues.com/media/catalog/product/t/0/t0081klo10-1.jpg;configurable;ARCHIVE;
T0081ZIG10;CamperaZiggyCuerodeCabra;Abrigos;Camperas;Vestir;Regular;;100%CueroDeCabra.Forro:100%Acetato;1049900;299900;t0081zig10;https://burgues.com/media/catalog/product/t/0/t0081zig10-5_1_.jpg;configurable;ARCHIVE;
T0061MAI21;SacoMarini;Sastreria;Sacos;Vestir;SlimFit;;CottonBlend|77%Algodón-23%Poliamida;1399900;599900;t0061mai21;https://burgues.com/media/catalog/product/t/0/t0061mai21-1.jpg;configurable;ARCHIVE;46|48|52
X0031FLO10;AmboAttiereFloren;Sastreria;Sacos;Vestir;SlimFit;;100%Lana;1600000;599900;x0031flo10;https://burgues.com/media/catalog/product/x/0/x0031flo10.jpg;configurable;ARCHIVE;
P0016TAI10;SlipTai;Underwear;;;;;CottonBlend|98%Algodón-2%Spandex;40000;21900;p0016tai10;https://burgues.com/media/catalog/product/p/0/p0016tai10.png;configurable;LINEA;L|XL
Z0021NOC01;RemeraNocciola;Remeras;Remeras;Sport;ClassicFit;;100%Algodón;70000;49900;z0021noc01;https://burgues.com/media/catalog/product/c/h/chatgpt_image_9_sept_2026_02_45_33_p.m..png;configurable;LINEA;S|M|L|XL|XXL
Z0021NOC13;RemeraNocciola;Remeras;Remeras;;ClassicFit;;100%Algodón;70000;49900;z0021noc13;https://burgues.com/media/catalog/product/z/0/z0021noc13_0602.jpg;configurable;LINEA;S|M|L|XL|XXL
Z0021NOC23;RemeraNocciola;Remeras;Remeras;;ClassicFit;;100%Algodón;70000;49900;z0021noc23;https://burgues.com/media/catalog/product/z/0/z0021noc23_0570.jpg;configurable;LINEA;S|M|L|XL|XXL
Z0021TOR51;RemeraToronto;Remeras;Remeras;;ClassicFit;;100%Algodón;70000;49900;z0021tor51;https://burgues.com/media/catalog/product/z/0/z0021tor51_1227.jpg;configurable;LINEA;S|M|L|XL|XXL
Z0021TOR66;RemeraToronto;Remeras;Remeras;;ClassicFit;;100%Algodón;70000;49900;z0021tor66;https://burgues.com/media/catalog/product/z/0/z0021tor66_1270.jpg;configurable;LINEA;M|L
Z0021TOR21;RemeraToronto;Remeras;Remeras;;ClassicFit;;100%Algodón;70000;49900;z0021tor21;https://burgues.com/media/catalog/product/z/0/z0021tor21_1287.jpg;configurable;LINEA;S|M|L
T0041VIL28;SweaterVilma;Sweaters;Sweaters;Vestir;;;80%Viscosa-20%Poliamida;159900;129900;t0041vil28;https://burgues.com/media/catalog/product/t/0/t0041vil28_0320.jpg;configurable;LINEA;
T0041VIL21;SweaterVilma;Sweaters;Sweaters;Vestir;;;80%Viscosa-20%Poliamida;159900;129900;t0041vil21;https://burgues.com/media/catalog/product/t/0/t0041vil21_0519.jpg;configurable;LINEA;
T0041VIL60;SweaterVilma;Sweaters;Sweaters;Vestir;;;80%Viscosa-20%Poliamida;159900;129900;t0041vil60;https://burgues.com/media/catalog/product/t/0/t0041vil60_0846.jpg;configurable;LINEA;
T0041VIL10;SweaterVilma;Sweaters;Sweaters;Vestir;;;80%Viscosa-20%Poliamida;159900;129900;t0041vil10;https://burgues.com/media/catalog/product/t/0/t0041vil10_0168_1_.jpg;configurable;LINEA;
T0021HIG4A;RemeraHigh|AlgodónEgipcio;Remeras;Remeras;Vestir;ClassicFit;;100%AlgodónEgipcio;109900;79900;t0021hig4a;https://burgues.com/media/catalog/product/t/0/t0021hig4a_0657.jpg;configurable;LINEA;S|M|XXL
T0022MAR10;MusculosaMarion;Remeras;Musculosas;Sport;SlimFit;CuelloRedondo;CottonBlend|97%Algodón-3%Elastano;99900;69900;t0022mar10;https://burgues.com/media/catalog/product/t/0/t0022mar10-4.jpg;configurable;LINEA;XS|S|M|L|XL
T0022MAR08;MusculosaMarion;Remeras;Musculosas;Sport;SlimFit;CuelloRedondo;CottonBlend|97%Algodón-3%Elastano;99900;69900;t0022mar08;https://burgues.com/media/catalog/product/t/0/t0022mar01-5.jpg;configurable;LINEA;XS|S|XL
T0022MAR12;MusculosaMarion;Remeras;Musculosas;Sport;SlimFit;CuelloRedondo;CottonBlend|97%Algodón-3%Elastano;99900;69900;t0022mar12;https://burgues.com/media/catalog/product/t/0/t0022mar12_0050.jpg;configurable;LINEA;S|M|L|XL
T0022MAR15;MusculosaMarion;Remeras;Musculosas;Sport;SlimFit;;CottonBlend|97%Algodón-3%Elastano;99900;69900;t0022mar15;https://burgues.com/media/catalog/product/t/0/t0022mar15_0204.jpg;configurable;LINEA;
T0022MAR60;musculosamarion;Remeras;Musculosas;;;;CottonBlend|97%Algodón-3%Elastano;99900;69900;t0022mar60;https://burgues.com/media/catalog/product/t/0/t0022mar60_mesa_de_trabajo_1.jpg;configurable;LINEA;
T0022MAR31;musculosamarion;Remeras;Musculosas;;;;CottonBlend|97%Algodón-3%Elastano;99900;69900;t0022mar31;https://burgues.com/media/catalog/product/t/0/t0022mar31_1205_1_.jpg;configurable;LINEA;
I1852BEE10;CamisaBee;Camisas;Camisas;Vestir;SlimFit;CuelloIngles;100%Algodón;100000;69900;i1852bee10;https://burgues.com/media/catalog/product/i/1/i1852bee10.jpg;configurable;LINEA;
V2252PAL61;CamisaPalm;Camisas;Camisas;Sport;SlimFit;CuelloCutaway;100%Algodón;100000;69900;v2252pal61;https://burgues.com/media/catalog/product/v/2/v2252pal61.jpg;configurable;LINEA;M|L|3XL
T0023PIQ21;ChombaPique;Remeras;Chombas;Sport;Classic;CuelloRedondo;CottonBlend|50%Algodón-50%Poliéster;60000;29900;t0023piq21;https://burgues.com/media/catalog/product/t/0/t0023piq21.jpg;configurable;LINEA;
T0023PIQ12;ChombaPique;Remeras;Chombas;Vestir;SlimFit;CuelloRedondo;CottonBlend|50%Algodón-50%Poliester;60000;29900;t0023piq12;https://burgues.com/media/catalog/product/t/0/t0023piq12.jpg;configurable;LINEA;
T0023PIQ10;ChombaPique;Remeras;Chombas;Vestir;SlimFit;CuelloRedondo;CottonBlend|50%Algodón-50%Poliester;60000;29900;t0023piq10;https://burgues.com/media/catalog/product/t/0/t0023piq10.jpg;configurable;LINEA;XS
T0023PIQ01;ChombaPique;Remeras;Chombas;Vestir;SlimFit;CuelloRedondo;CottonBlend|50%Algodón-50%Poliester;60000;29900;t0023piq01;https://burgues.com/media/catalog/product/t/0/t0023piq01.jpg;configurable;LINEA;
T0021BER12;RemeraBern;Remeras;Remeras;Sport;Classic;CuelloRedondo;100%Algodón;70000;34900;t0021ber12;https://burgues.com/media/catalog/product/t/0/t0021ber12-5.jpg;configurable;LINEA;XS|S|XL
T0021BOS02;RemeraBoston;Remeras;Remeras;Sport;Classic;CuelloRedondo;100%Algodón;70000;34900;t0021bos02;https://burgues.com/media/catalog/product/t/0/t0021bos02-1.jpg;configurable;LINEA;
I2121ICO23;RemeraIconic;Remeras;Remeras;Sport;Classic;CuelloRedondo;100%Algodón;70000;34900;i2121ico23;https://burgues.com/media/catalog/product/i/2/i2121ico23.jpg;configurable;LINEA;
T0021BIA21;RemeraBiarritz;Remeras;Remeras;Sport;Classic;CuelloRedondo;100%Algodón;70000;34900;t0021bia21;https://burgues.com/media/catalog/product/t/0/t0021bia21.jpg;configurable;LINEA;
Z0021PAR01;RemeraParis;Remeras;Remeras;Sport;ClassicFit;;100%Algodón;70000;34900;z0021par01;https://burgues.com/media/catalog/product/2/0/20021par-remera-paris-blanco-1.jpg;configurable;LINEA;S|M|L|XL|XXL
Z0021PAR19;RemeraParis;Remeras;Remeras;Sport;ClassicFit;;100%Algodón;70000;34900;z0021par19;https://burgues.com/media/catalog/product/z/0/z0021par-remera-paris-gris-1.jpg;configurable;LINEA;S|M|L|XXL
Z0021KEN01;RemeraKendall;Remeras;Remeras;Sport;ClassicFit;;100%Algodón;70000;34900;z0021ken01;https://burgues.com/media/catalog/product/2/0/20021ken-remera-kendall-blanco-1.jpg;configurable;LINEA;S|M|L|XL|XXL
Z0021KEN10;RemeraKendall;Remeras;Remeras;Sport;ClassicFit;;100%Algodón;70000;34900;z0021ken10;https://burgues.com/media/catalog/product/z/0/z0021ken-remera-kendall-negro-1.jpg;configurable;LINEA;S|M|L
Z0021KEN11;RemeraKendall;Remeras;Remeras;Sport;ClassicFit;;100%Algodón;70000;34900;z0021ken11;https://burgues.com/media/catalog/product/z/0/z0021ken11_0965.jpg;configurable;LINEA;
Z0021ERM12;RemeraErme;Remeras;Remeras;;ClassicFit;;100%Algodón;70000;34900;z0021erm12;https://burgues.com/media/catalog/product/z/0/z0021erm12_1187.jpg;configurable;LINEA;
Z0021ERM66;RemeraErme;Remeras;Remeras;;ClassicFit;;100%Algodón;70000;34900;z0021erm66;https://burgues.com/media/catalog/product/z/0/z0021erm66_0911.jpg;configurable;LINEA;
T0041GAT10;PoloGatsby;Sweaters;Chombas;Vestir;Regular;;100%Algodón;179900;139900;t0041gat10;https://burgues.com/media/catalog/product/t/0/t0041gat10_0988.jpg;configurable;LINEA;XS|L|XL
T0041GAT66;PoloGatsby;Sweaters;Chombas;Vestir;Regular;;100%Algodón;179900;139900;t0041gat66;https://burgues.com/media/catalog/product/t/0/t0041gat66_0172_1.jpg;configurable;LINEA;M|XL
T0041GAT21;PoloGatsby;Sweaters;Chombas;Vestir;Regular;;100%Algodón;179900;139900;t0041gat21;https://burgues.com/media/catalog/product/t/0/t0041gat21_0546.jpg;configurable;LINEA;XL
B0076MAG10;TrajedeBañoMagie;Trajesdebaño;Trajesdebaño;Sport;ClassicFit;;100%Poliamida;109900;69900;b0076mag10;https://burgues.com/media/catalog/product/b/0/b0076dam10_1093_1_.jpg;configurable;LINEA;S|M|L|XL|XXL
T0021BAS14;RemeraBasic;Remeras;Remeras;Vestir;Classic;CuelloRedondo;100%Algodón;89900;49900;t0021bas14;https://burgues.com/media/catalog/product/t/0/t0021bas14.jpg;configurable;LINEA;
Z0021BAS16;RemeraBasic;Remeras;Remeras;;ClassicFit;;100%Algodón;89900;49900;z0021bas16;https://burgues.com/media/catalog/product/z/0/z0021bas16_1114.jpg;configurable;LINEA;S|M|L
Z0021BAS21;RemeraBasic;Remeras;Remeras;;ClassicFit;;100%Algodón;89900;49900;z0021bas21;https://burgues.com/media/catalog/product/c/h/chatgpt_image_9_sept_2026_10_35_45_a.m..png;configurable;LINEA;S|M|L|XXL
Z0021BAS36;RemeraBasic;Remeras;Remeras;;ClassicFit;;100%Algodón;89900;49900;z0021bas36;https://burgues.com/media/catalog/product/z/0/z0021bas36_1153.jpg;configurable;LINEA;S|M|L
T0021OLA10;RemeraOlaff;Remeras;Remeras;Sport;Classic;CuelloRedondo;100%Algodón;70000;29900;t0021ola10;https://burgues.com/media/catalog/product/t/0/t0021ola10-1.jpg;configurable;LINEA;XS
I2221KEW10;RemeraKennew;Remeras;Remeras;Vestir;Classic;CuelloRedondo;100%Algodón;70000;29900;i2221kew10;https://burgues.com/media/catalog/product/i/2/i2221kew10-2.jpg;configurable;LINEA;
T0021PIQ21;RemeraPique;Remeras;Remeras;Sport;Classic;CuelloRedondo;100%Algodón;70000;29900;t0021piq21;https://burgues.com/media/catalog/product/t/0/t0021piq21-1.jpg;configurable;LINEA;XS|S
I2221ROC21;RemeraRocco;Remeras;Remeras;Sport;Classic;CuelloRedondo;100%Algodón;70000;29900;i2221roc21;https://burgues.com/media/catalog/product/i/2/i2221roc21.jpg;configurable;LINEA;
I2221ROC35;RemeraRocco;Remeras;Remeras;Sport;Classic;CuelloRedondo;100%Algodón;70000;29900;i2221roc35;https://burgues.com/media/catalog/product/i/2/i2221roc35-1.jpg;configurable;LINEA;
T0021POC01;RemeraPocket;Remeras;Remeras;Vestir;Classic;CuelloRedondo;100%Algodón;70000;29900;t0021poc01;https://burgues.com/media/catalog/product/t/0/t0021poc01-1.jpg;configurable;LINEA;
I2221NUI10;RemeraNuit;Remeras;Remeras;Sport;Classic;CuelloRedondo;100%Algodón;70000;29900;i2221nui10;https://burgues.com/media/catalog/product/i/2/i2221nui10-1.jpg;configurable;LINEA;
I2221NOV10;RemeraNova;Remeras;Remeras;Sport;Classic;CuelloRedondo;100%Algodón;70000;29900;i2221nov10;https://burgues.com/media/catalog/product/i/2/i2221nov10.jpg;configurable;LINEA;
V2221PAL35;RemeraPalm;Remeras;Remeras;Sport;Classic;CuelloRedondo;100%Algodón;70000;29900;v2221pal35;https://burgues.com/media/catalog/product/v/2/v2221pal35.jpg;configurable;LINEA;
V2397SAN61;SandaliaSand;Shoes;Sandalias;Sport;;;100%CueroVacuno;100000;55000;v2397san61;https://burgues.com/media/catalog/product/e/d/edit_v2397san61.jpg;configurable;LINEA;40|41
B0076MAU10;TrajedeBañoMauren;Trajesdebaño;Trajesdebaño;Sport;Classic;;100%Poliamida;79900;34900;b0076mau10;https://burgues.com/media/catalog/product/b/0/b0076mau10.jpg;configurable;LINEA;
B0076LOT21;TrajeDeBañoLotan;Trajesdebaño;Trajesdebaño;Sport;ClassicFit;;100%Poliester;79900;34900;b0076lot21;https://burgues.com/media/catalog/product/b/0/b0076lot21-1_1_.jpg;configurable;LINEA;XS|S|XXL
T0041GIU28;SweaterGiulio|Cashmere&Wool;Sweaters;Sweaters;Sport;ClassicFit;;WoolBlend|90%Lanamerino-10%Cashemere;399900;349900;t0041giu28;https://burgues.com/media/catalog/product/t/0/t0041giu28_0706.jpg;configurable;LINEA;
T0041GIU08;SweaterGiulio|Cashmere&Wool;Sweaters;Sweaters;Sport;ClassicFit;;WoolBlend|90%Lanamerino-10%Cashemere;399900;349900;t0041giu08;https://burgues.com/media/catalog/product/t/0/t0041giu08_0683.jpg;configurable;LINEA;
T0041GIU10;SweaterGiulio|Cashmere&Wool;Sweaters;Sweaters;Sport;ClassicFit;;WoolBlend|90%Lanamerino-10%Cashemere;399900;349900;t0041giu10;https://burgues.com/media/catalog/product/2/_/2_t0041giu15_0542.jpg;configurable;LINEA;
T0041GEN10;SweaterGennaro|ItalianWoolBlend;Sweaters;Sweaters;Sport;ClassicFit;;WoolBlend|50%Lanamerinoextrafine-50%Acrilico;209900;159900;t0041gen10;https://burgues.com/media/catalog/product/t/0/t0041gen10_0733_1_.jpg;configurable;LINEA;XS|S
T0041GEN21;SweaterGennaro|ItalianWoolBlend;Sweaters;Sweaters;Sport;ClassicFit;;WoolBlend|50%Lanamerinoextrafine-50%Acrilico;209900;159900;t0041gen21;https://burgues.com/media/catalog/product/t/0/t0041gen21_1.jpg;configurable;LINEA;XS|S|XL
T0041GEN19;SweaterGennaro|ItalianWoolBlend;Sweaters;Sweaters;Sport;ClassicFit;;WoolBlend|50%Lanamerinoextrafine-50%Acrilico;209900;159900;t0041gen19;https://burgues.com/media/catalog/product/t/0/t0041gen19_1.jpg;configurable;LINEA;XS|S
T0041AUR10;SweaterAurelio|AlpacaBlend;Sweaters;Sweaters;Sport;ClassicFit;;30%Acrilico-30%Poliamida-20%Lana-15%Rayon-5%Angora;189900;139900;t0041aur10;https://burgues.com/media/catalog/product/t/0/t0041aur10_4.jpg;configurable;LINEA;XS|S|XL
T0041AUR11;SweaterAurelio|AlpacaBlend;Sweaters;Sweaters;Sport;ClassicFit;;30%Acrilico-30%Poliamida-20%Lana-15%Rayon-5%Angora;189900;139900;t0041aur11;https://burgues.com/media/catalog/product/t/0/t0041aur11_0380.jpg;configurable;LINEA;XS|S|XL
T0041AUR62;SweaterAurelio|AlpacaBlend;Sweaters;Sweaters;Sport;ClassicFit;;30%Acrilico-30%Poliamida-20%Lana-15%Rayon-5%Angora;189900;139900;t0041aur62;https://burgues.com/media/catalog/product/t/0/t0041aur62_0220.jpg;configurable;LINEA;
T0042LOR10;PoleraLorenzo;Sweaters;Poleras;Sport;ClassicFit;CuelloPolera;30%Acrilico-30%Poliamida-20%Lana-15%Rayon-5%Angora;189900;139900;t0042lor10;https://burgues.com/media/catalog/product/t/0/t0042lor10_0053.jpg;configurable;LINEA;
T0042LOR11;PoleraLorenzo;Sweaters;Poleras;Sport;ClassicFit;CuelloPolera;30%Acrilico-30%Poliamida-20%Lana-15%Rayon-5%Angora;189900;139900;t0042lor11;https://burgues.com/media/catalog/product/t/0/t0042lor11_0761.jpg;configurable;LINEA;XL|XXL
T0021PIN21;RemeraPina;Remeras;Remeras;Vestir;Regular;;100%Algodón;129900;79900;t0021pin21;;configurable;LINEA;
T0021PIN01;RemeraPina;Remeras;Remeras;Vestir;Regular;;100%Algodón;129900;79900;t0021pin01;;configurable;LINEA;
T0021PIN10;RemeraPina;Remeras;Remeras;Vestir;Regular;;100%Algodón;129900;79900;t0021pin10;;configurable;LINEA;
T0021DAR10;RemeraDark;Remeras;Remeras;Sport;Classic;CuelloRedondo;100%Algodón;99900;49900;t0021dar10;https://burgues.com/media/catalog/product/t/0/t0021dar10-2.jpg;configurable;LINEA;
T0021TRI01;RemeraTriestePimaPeruano;Remeras;Remeras;Sport;Classic;CuelloRedondo;100%Algodón;99900;49900;remera-trieste-01;https://burgues.com/media/catalog/product/t/0/t0021tri01-1_1.jpg;configurable;LINEA;XS|S
I2052ROM30;CamisaRomantic;Camisas;Camisas;Vestir;ClassicFit;CuelloCutaway;100%Algodón;120000;69900;i2052rom30;https://burgues.com/media/catalog/product/i/2/i2052rom30.jpg;configurable;LINEA;
L0071WMA00;ChupinWashedManhattan;Denim;Denim;Sport;SkinnyFit;;CottonBlend|98%Algodón-2%Elastano;100000;49900;l0071wma00;https://burgues.com/media/catalog/product/l/0/l0071wma00-4.jpg;configurable;LINEA;
L0064VAL10;CamperaVelence;Abrigos;Camperas;Vestir;Regular;;100%Algodón;125000;69900;l0064val10;https://burgues.com/media/catalog/product/2/3/23543_9.jpg;configurable;LINEA;
T0041RAY10;SweaterRaymond;Sweaters;Sweaters;Vestir;SlimFit;CuelloRedondo;CottonBlend|50%Algodón-50%Viscosa;125000;69900;t0041ray10;https://burgues.com/media/catalog/product/v/2/v2341ray10-1.jpg;configurable;LINEA;
B0077BIL66;BermudaBill;Bermudas;Bermudas;Vestir;Regular;;97%Algodón-3%Elastano;149900;89900;b0077bil66;https://burgues.com/media/catalog/product/b/0/b0077bil66_0600.jpg;configurable;LINEA;38|40|42|44|46|48
B0077BIL21;BermudaBill;Bermudas;Bermudas;Vestir;Regular;;97%Algodón-3%Elastano;149900;89900;b0077bil21;https://burgues.com/media/catalog/product/b/0/b0077bil21_0830.jpg;configurable;LINEA;38|40|42|44|46|48
B0077BIL10;BermudaBill;Bermudas;Bermudas;Vestir;Regular;;97%Algodón-3%Elastano;149900;89900;b0077bil10;https://burgues.com/media/catalog/product/b/0/b0077bil10_0772.jpg;configurable;LINEA;38|40|42|44|46|48
T0041CHL10;ChombaChloe;Sweaters;Sweaters;Vestir;Classic;CuelloRedondo;100%Viscosa;90000;29900;t0041chl10;https://burgues.com/media/catalog/product/t/0/t0041chl10-1_1.jpg;configurable;LINEA;XS|L
T0052HON01;CamisaHoney;Camisas;Camisas;Vestir;ClassicFit;CuelloCutaway;100%Algodón;135000;69900;t0052hon01;https://burgues.com/media/catalog/product/t/0/t0052hon01_0995.jpg;configurable;LINEA;XS|S|M|L|XL|XXL|3XL
T0022ANT21;RemeraAnton;Remeras;Remeras;Sport;Classic;CuelloRedondo;100%Algodón;100000;34900;t0022ant21;https://burgues.com/media/catalog/product/t/0/t0022ant21.jpg;configurable;LINEA;
T0021ONE10;PoleraOneill;Sweaters;Poleras;Vestir;SlimFit;CuelloPolera;CottonBlend|95%Algodón-5%Elastano;119000;49900;t0021one10;https://burgues.com/media/catalog/product/t/0/t0021one10-1.jpg;configurable;LINEA;
V2223CLO21;ChombaCloud;Remeras;Chombas;Vestir;Classic;;100%Lino;99000;29900;v2223clo21;https://burgues.com/media/catalog/product/v/2/v2223clo21.jpg;configurable;LINEA;
V2223CLO61;ChombaCloud;Remeras;Chombas;Vestir;Classic;;100%Lino;99000;29900;v2223clo61;https://burgues.com/media/catalog/product/v/2/v2223clo61-1.jpg;configurable;LINEA;
T0065CAP21;TapadoCaprio|100%Lana;Abrigos;Tapados;Vestir;ClassicFit;;100%Lana;769900;699900;t0065cap21;https://burgues.com/media/catalog/product/t/0/t0065cap21_0569.jpg;configurable;LINEA;
T0052GAN01;CamisaGant|100%Algodón;Camisas;Camisas;Vestir;ClassicFit;CuelloCutaway;100%Algodón;269900;199900;t0052gan01;https://burgues.com/media/catalog/product/t/0/t0052gan01-1.jpg;configurable;LINEA;XS|L|XL|XXL|3XL
T0052TOK21;CamisaTokio|100%Algodón;Camisas;Camisas;Vestir;ClassicFit;CuelloCutaway;100%Algodón;189900;119900;t0052tok21;https://burgues.com/media/catalog/product/t/0/t0052tok21-1_1_.jpg;configurable;LINEA;XS|S
T0052TOK10;CamisaTokio|100%Algodón;Camisas;Camisas;Vestir;ClassicFit;CuelloCutaway;100%Algodón;189900;119900;t0052tok10;https://burgues.com/media/catalog/product/t/0/t0052tok10-1.jpg;configurable;LINEA;
T0052TOK23;CamisaTokio|100%Algodón;Camisas;Camisas;Vestir;ClassicFit;CuelloCutaway;100%Algodón;189900;119900;t0052tok23;https://burgues.com/media/catalog/product/t/0/t0052tok23-4.jpg;configurable;LINEA;XS|S|XL|XXL|3XL
T0052TOK01;CamisaTokio|100%Algodón;Camisas;Camisas;Vestir;ClassicFit;CuelloCutaway;100%Algodón;189900;119900;t0052tok01;https://burgues.com/media/catalog/product/t/0/t0052tok01_0465.jpg;configurable;LINEA;XS|L|XL|XXL|3XL
T0043BER08;BuzoBerne;Buzos;Buzos;Sport;Regular;;68%Algodón-32%Poliester;169900;99900;t0043ber08;https://burgues.com/media/catalog/product/t/0/t0043ber08_0125.jpg;configurable;LINEA;
T0043BER19;BuzoBerne;Buzos;Buzos;Sport;Regular;;68%Algodón-32%Poliester;169900;99900;t0043ber19;https://burgues.com/media/catalog/product/t/0/t0043ber19_0300.jpg;configurable;LINEA;
T0043BER10;BuzoBerne;Buzos;Buzos;Sport;Regular;;68%Algodón-32%Poliester;169900;99900;t0043ber10;https://burgues.com/media/catalog/product/t/0/t0043ber10_0512.jpg;configurable;LINEA;
T0021MARD5;RemeraMarcel|100%PimaCotton;Remeras;Remeras;Vestir;Regular;;100%Algodón;139900;69900;t0021mard5;https://burgues.com/media/catalog/product/t/0/t0021mard5_0445.jpg;configurable;LINEA;XS|S|M|L|XL|XXL
T0052ISI10;CamisaIsidro;Camisas;Camisas;Vestir;SlimFit;CuelloItaliano;100%Algodón;140000;69900;t0052isi10;https://burgues.com/media/catalog/product/t/0/t0052isi10.jpg;configurable;LINEA;S|3XL
V2143CAN63;BuzoCandy;Buzos;Buzos;Sport;Regular;CuelloRedondo;100%Algodón;120000;49900;v2143can63;https://burgues.com/media/catalog/product/v/2/v2143can63.jpg;configurable;LINEA;
B0075BEL10;BermudaBeltran;Bermudas;Bermudas;Sport;ClassicFit;;100%Algodón;120000;49900;b0075bel10;https://burgues.com/media/catalog/product/b/0/b0075bel10-1.jpg;configurable;LINEA;
I2241LUX61;SweaterLuxe;Sweaters;Sweaters;Vestir;SlimFit;CuelloRedondo;WoolBlend|20%Lana-25%Poliéster-25%Algodón-30%Viscosa;160000;89000;i2241lux61;https://burgues.com/media/catalog/product/i/2/i2241lux61.jpg;configurable;LINEA;
1L0072KEN10;JeanChupinKenny;Denim;Denim;Sport;SlimFit;;CottonBlend|98%Algodón-2%Elastano;125000;49900;1l0072ken10;https://burgues.com/media/catalog/product/1/l/1l0072ken10.jpg;configurable;LINEA;
B0074SEG08;JoggingSeglien;Joggings;Joggings;Sport;SlimFit;;69%Viscosa-27%Poliamida-4%Elastano;125000;49900;b0074seg08;https://burgues.com/media/catalog/product/b/0/b0074seg08.jpg;configurable;LINEA;
L0074STA01;JoggingStamp;Joggings;Joggings;Sport;SlimFit;;100%Algodón;125000;49900;l0074sta01;https://burgues.com/media/catalog/product/l/0/l0074sta01-1_1.jpg;configurable;LINEA;XS|M|XXL
I2243ICOC1;BuzoIconic;Buzos;Buzos;Sport;Regular;CuelloRedondo;100%Algodón;125000;49900;i2243icoc1;https://burgues.com/media/catalog/product/i/2/i2243icoc1.jpg;configurable;LINEA;S
T0043IRV01;BuzoIrvin;Buzos;Buzos;Sport;Regular;CuelloRedondo;100%Algodón;149000;69900;t0043irv01;https://burgues.com/media/catalog/product/t/0/t0043irv01_0855.jpg;configurable;LINEA;
T0044INT10;CamperaInterlock|CottonBlend;Abrigos;Camperas;Sport;ClassicFit;;CottonBlend|74%Algodón-21%Poliéster-5%Elastano;259900;179900;t0044int10;https://burgues.com/media/catalog/product/t/0/t0044int10_1.jpg;configurable;LINEA;XS|S
T0044INT15;CamperaInterlock|CottonBlend;Abrigos;Camperas;Sport;ClassicFit;;CottonBlend|74%Algodón-21%Poliéster-5%Elastano;259900;179900;t0044int15;https://burgues.com/media/catalog/product/t/0/t0044int15_1.jpg;configurable;LINEA;XS|S|L
T0052FAN01;CamisaFancy|100%Algodón;Camisas;Camisas;Vestir;ClassicFit;CuelloCutaway;100%Algodón;219900;139900;t0052fan01;https://burgues.com/media/catalog/product/t/0/t0052fan01_1222.jpg;configurable;LINEA;XS|XXL|3XL
T0052FAN23;CamisaFancy|100%Algodón;Camisas;Camisas;Vestir;ClassicFit;CuelloCutaway;100%Algodón;219900;139900;t0052fan23;https://burgues.com/media/catalog/product/t/0/t0052fan23_1276.jpg;configurable;LINEA;XS|S
T0052CHA01;CamisaCharm;Camisas;Camisas;Vestir;ClassicFit;CuelloCutaway;CottonBlend|98%Algodón-2%Elastano;189900;109900;t0052cha01;https://burgues.com/media/catalog/product/t/0/t0052cha01-4.jpg;configurable;LINEA;XS|L|XL|XXL|3XL
T0020PAV30;ChombaPavi;Remeras;Remeras;Vestir;Classic;CuelloRedondo;100%Algodón;109900;29900;t0020pav30;https://burgues.com/media/catalog/product/t/0/t0020pav30-1_1_.jpg;configurable;LINEA;XS
T0020PAV21;ChombaPavi;Remeras;Remeras;Vestir;Classic;CuelloRedondo;100%Algodón;109900;29900;t0020pav21;https://burgues.com/media/catalog/product/t/0/t0020pav21-1_1.jpg;configurable;LINEA;
S0093LOG10;BotaLogan;Shoes;Botas;Vestir;;;100%CueroVacuno;449000;249900;s0093log10;https://burgues.com/media/catalog/product/_/l/_lr00226_1_.jpg;configurable;LINEA;
S0093LOG60;BotaLogan;Shoes;Botas;;;;100%CueroVacuno;449000;249900;s0093log60;https://burgues.com/media/catalog/product/_/l/_lr00680.jpg;configurable;LINEA;
S0093RON63;BotaRonan;Shoes;Botas;;;;100%CueroVacuno;449000;249900;s0093ron63;https://burgues.com/media/catalog/product/_/l/_lr09197.jpg;configurable;LINEA;
T0064SEG08;CamperaSeglien;Abrigos;Camperas;;Regular;;69%Viscosa27%Poliamida4%Elastano;150000;69900;t0064seg08;https://burgues.com/media/catalog/product/t/0/t0064seg08_0821.jpg;configurable;LINEA;XS|XL
T0043PAR10;CamperaParis;Buzos;Hoodies;Vestir;Regular;;100%Algodón;150000;69900;t0043par10;https://burgues.com/media/catalog/product/t/0/t0043par10-1.jpg;configurable;LINEA;
B0073GRA61;PantalónGrant;Pantalones;Pantalones;Vestir;SlimFit;;100%Lino;150000;69900;b0073gra61;https://burgues.com/media/catalog/product/b/0/b0073gra61.jpg;configurable;LINEA;
T0064SHI10;CamperaShiva;Abrigos;Camperas;Vestir;Regular;;100%Algodón;150000;69900;t0064shi10;https://burgues.com/media/catalog/product/t/0/t0064shi10.jpg;configurable;LINEA;
L0043LIT08;CanguroLittle;Buzos;Hoodies;Sport;Regular;;100%Algodón;150000;69900;l0043lit08;https://burgues.com/media/catalog/product/l/0/l0043lit08-1.jpg;configurable;LINEA;XS
B0071WIN00;ChupinWindsor;Denim;Pantalones;Vestir;SkinnyFit;;CottonBlend|98%Algodón-2%Elastano;135000;49900;b0071win00;https://burgues.com/media/catalog/product/b/0/b0071win00-1_1.jpg;configurable;LINEA;28
B0073MRN14;PantalónModern|WoolBlend;Pantalones;Pantalones;Vestir;SlimFit;;WoolBlend|70%Lana-26%Poliéster-4%Elastano;389900;299900;b0073mrn14;https://burgues.com/media/catalog/product/b/0/b0073mrn14-1.jpg;configurable;LINEA;
B0073MRN15;PantalónModern|WoolBlend;Pantalones;Pantalones;Vestir;SlimFit;;WoolBlend|70%Lana-26%Poliéster-4%Elastano;389900;299900;b0073mrn15;https://burgues.com/media/catalog/product/b/0/b0073mrn15-4.jpg;configurable;LINEA;
B0073MRN21;PantalónModern|WoolBlend;Pantalones;Pantalones;Vestir;SlimFit;;WoolBlend|70%Lana-26%Poliéster-4%Elastano;389900;299900;b0073mrn21;https://burgues.com/media/catalog/product/b/0/b0073mrn21-1.jpg;configurable;LINEA;
B0073MRN2C;PantalónModern|WoolBlend;Pantalones;Pantalones;Vestir;SlimFit;;WoolBlend|70%Lana-26%Poliéster-4%Elastano;389900;299900;b0073mrn2c;https://burgues.com/media/catalog/product/b/0/b0073mrn2c-4.jpg;configurable;LINEA;
B0073MRN61;PantalónModern|WoolBlend;Pantalones;Pantalones;Vestir;SlimFit;;WoolBlend|70%Lana-26%Poliéster-4%Elastano;389900;299900;b0073mrn61;https://burgues.com/media/catalog/product/b/0/b0073mrn61-1.jpg;configurable;LINEA;38|40|42|44|46|48
B0073MOD22;PantalónModena;Pantalones;Pantalones;Vestir;ClassicFit;;WoolBlend|70%Lana-26%Poliéster-4%Elastano;389900;299900;b0073mod22;https://burgues.com/media/catalog/product/b/0/b0073mod22.jpg;configurable;LINEA;
B0073MRN10;PantalónModern|WoolBlend;Pantalones;Pantalones;Vestir;SlimFit;;WoolBlend|70%Lana-26%Poliéster-4%Elastano;389900;299900;b0073mrn10;https://burgues.com/media/catalog/product/b/0/b0073mrn10-1.jpg;configurable;LINEA;
B0073MRN22;PantalónModern|WoolBlend;Pantalones;Pantalones;Vestir;SlimFit;;WoolBlend|70%Lana-26%Poliéster-4%Elastano;389900;299900;b0073mrn22;https://burgues.com/media/catalog/product/b/0/b0073mrn22-1.jpg;configurable;LINEA;38|50
B0073MOD10;PantalónModena;Pantalones;Pantalones;Vestir;ClassicFit;;WoolBlend|70%Lana-26%Poliéster-4%Elastano;389900;299900;b0073mod10;https://burgues.com/media/catalog/product/b/0/b0073mod10-1.jpg;configurable;LINEA;48|50
B0073MOD21;PantalónModena;Pantalones;Pantalones;Vestir;ClassicFit;;WoolBlend|70%Lana-26%Poliéster-4%Elastano;389900;299900;b0073mod21;https://burgues.com/media/catalog/product/b/0/b0073mod21-1.jpg;configurable;LINEA;48|50
B0073MOD14;PantalónModena;Pantalones;Pantalones;Vestir;ClassicFit;;WoolBlend|70%Lana-26%Poliéster-4%Elastano;389900;299900;b0073mod14;https://burgues.com/media/catalog/product/b/0/b0073mod14-1.jpg;configurable;LINEA;
B0073MOD15;PantalónModena;Pantalones;Pantalones;Vestir;ClassicFit;;WoolBlend|70%Lana-26%Poliéster-4%Elastano;389900;299900;b0073mod15;https://burgues.com/media/catalog/product/b/0/b0073mod15-1.jpg;configurable;LINEA;46|48|50
B0073MOD61;PantalónModena;Pantalones;Pantalones;Vestir;ClassicFit;;WoolBlend|70%Lana-26%Poliéster-4%Elastano;389900;299900;b0073mod61;https://burgues.com/media/catalog/product/b/0/b0073mod61.jpg;configurable;LINEA;44|46|48|50
B0073MOD2C;PantalónModena;Pantalones;Pantalones;Vestir;ClassicFit;;WoolBlend|70%Lana-26%Poliéster-4%Elastano;389900;299900;b0073mod2c;https://burgues.com/media/catalog/product/b/0/b0073mod2c.jpg;configurable;LINEA;48|50
T0051GAL08;PoloGala|PuroAlgodón;Sweaters;Chombas;Vestir;Regular;;100%Algodón;239900;149900;t0051gal08;https://burgues.com/media/catalog/product/t/0/t0051gal08_0357.jpg;configurable;LINEA;XS|S|M|L|XL
T0052CLE21;CamisaClerc;Camisas;Camisas;Vestir;SlimFit;CuelloCutaway;CottonBlend|60%Algodón-40%Poliester;219900;129900;t0052cle21;https://burgues.com/media/catalog/product/t/0/t0052cle21_265119.jpg;configurable;LINEA;XXL
T0052CLE10;CamisaClerc;Camisas;Camisas;Vestir;SlimFit;CuelloCutaway;CottonBlend|60%Algodón-40%Poliester;219900;129900;t0052cle10;https://burgues.com/media/catalog/product/t/0/t0052cle10_0238.jpg;configurable;LINEA;L|XL|XXL
T0052CLE01;CamisaClerc;Camisas;Camisas;Vestir;SlimFit;CuelloCutaway;CottonBlend|60%Algodón-40%Poliester;219900;129900;t0052cle01;https://burgues.com/media/catalog/product/t/0/t0052cle01_265722.jpg;configurable;LINEA;XL
B0073BIL66;PantalónBill;Pantalones;Pantalones;Vestir;Regular;;97%Algodón-3%Elastano;199900;109900;b0073bil66;https://burgues.com/media/catalog/product/b/0/b0073bil66_0909.jpg;configurable;LINEA;40|46|48|50
B0073BIL21;PantalónBill;Pantalones;Pantalones;Vestir;Regular;;97%Algodón-3%Elastano;199900;109900;b0073bil21;https://burgues.com/media/catalog/product/b/0/b0073bil21_1060.jpg;configurable;LINEA;40|46|48|50
B0073BIL10;PantalónBill;Pantalones;Pantalones;Vestir;Regular;;97%Algodón-3%Elastano;199900;109900;b0073bil10;https://burgues.com/media/catalog/product/b/0/b0073bil10_0811.jpg;configurable;LINEA;40|44|46|48|50
T0052HAS08;CamisaHanso;Camisas;Camisas;Vestir;Relaxed;;CottonBlend|65%Algodón-35%Poliéster;159900;69900;t0052has08;https://burgues.com/media/catalog/product/t/0/t0052has04-1.jpg;configurable;LINEA;
B0071JER00;ChupinJersey;Denim;Pantalones;Sport;SlimFit;;CottonBlend|97%Algodón-3%Elastano;139900;49900;b0071jer00;https://burgues.com/media/catalog/product/b/0/b0071jer00-1.jpg;configurable;LINEA;28|30|32
T0052FRA08;CamisaFrancis;Camisas;Camisas;Vestir;SlimFit;CuelloCutaway;100%Algodón;160000;69900;t0052fra08;https://burgues.com/media/catalog/product/t/0/t0052fra08_0913.jpg;configurable;LINEA;XS|S|M
T0043CRO10;HoodieCross;Buzos;Hoodies;Sport;Regular;CuelloenV;100%Algodón;140000;49900;t0043cro10;https://burgues.com/media/catalog/product/t/0/t0043cro10_0938.jpg;configurable;LINEA;XS|M
T0043CRO30;HoodieCross;Buzos;Hoodies;Sport;Regular;CuelloenV;100%Algodón;140000;49900;t0043cro30;https://burgues.com/media/catalog/product/t/0/t0043cro30_0873.jpg;configurable;LINEA;XS|S|M|L|XL
L0073DOH08;PantalónDoha;Pantalones;Pantalones;Vestir;SlimFit;;100%Algodón;140000;49900;l0073doh08;https://burgues.com/media/catalog/product/l/0/l0073doh08.jpg;configurable;LINEA;48|50
T0065ESC10;TapadoEscocia|WoolBlend;Abrigos;Tapados;Vestir;ClassicFit;;WoolBlend|50%Lana-50%Poliester;699900;599900;t0065esc10;https://burgues.com/media/catalog/product/t/0/t0065esc10_1.jpg;configurable;LINEA;S|M|L|XL
T0030SEG10;CamperaSegovia|WoolBlend;Abrigos;Camperas;Vestir;ClassicFit;;WoolBlend|50%Lana-50%Poliester;499900;399900;t0030seg10;https://burgues.com/media/catalog/product/t/0/t0030seg10_1.jpg;configurable;LINEA;
B0073CAP21;PantalónCapri;Pantalones;Pantalones;Vestir;SlimFit;;68%Poliéster-30%Viscosa-2%Elastano;299900;199900;b0073cap21;https://burgues.com/media/catalog/product/b/0/b0073cap21-1.jpg;configurable;LINEA;
B0073CAP11;PantalónCapri;Pantalones;Pantalones;Vestir;SlimFit;;68%Poliéster-30%Viscosa-2%Elastano;299900;199900;b0073cap11;https://burgues.com/media/catalog/product/b/0/b0073cap11-1.jpg;configurable;LINEA;46|48
B0073CYP10;PantalónCyprus;Pantalones;Pantalones;Vestir;SlimFit;;65%Poliéster-35%Viscosa;299900;199900;b0073cyp10;;configurable;LINEA;46|48
B0073CYP21;PantalónCyprus;Pantalones;Pantalones;Vestir;SlimFit;;65%Poliéster-35%Viscosa;299900;199900;b0073cyp21;;configurable;LINEA;40|46|48
T0041MAR10;HoodieTejidoMarlo;Buzos;Hoodies;Sport;ClassicFit;;70%Viscosa-30%Poliester;299900;199900;t0041mar10;https://burgues.com/media/catalog/product/b/0/b0073poi60_265418.jpg;configurable;LINEA;XS|S|M
T0041MAR16;HoodieTejidoMarlo;Buzos;Hoodies;Sport;ClassicFit;;70%Viscosa-30%Poliester;299900;199900;t0041mar16;https://burgues.com/media/catalog/product/t/0/t0041mar16_1282.jpg;configurable;LINEA;XS|S|M
T0041MAR30;HoodieTejidoMarlo;Buzos;Hoodies;Sport;ClassicFit;;70%Viscosa-30%Poliester;299900;199900;t0041mar30;https://burgues.com/media/catalog/product/t/0/t0041mar30_1529.jpg;configurable;LINEA;XS|S|M
B0073CAP10;PantalónCapri;Pantalones;Pantalones;Vestir;SlimFit;;68%Poliéster-30%Viscosa-2%Elastano;299900;199900;b0073cap10;https://burgues.com/media/catalog/product/b/0/b0073cap10-1_1_.jpg;configurable;LINEA;50
B0073UNI10;PantalónUnique;Pantalones;Pantalones;Vestir;FrenchFit;;CottonBlend|95%Algodón-5%Elastano;199900;99900;b0073uni10;https://burgues.com/media/catalog/product/b/0/b0073uni10-1.jpg;configurable;LINEA;44|46
T0041RAN19;SweaterRanieri;Sweaters;Sweaters;Vestir;ClassicFit;CuelloRedondo;WoolBlend|50%LanaMerino-50%Acrílico;199900;99900;t0041ran19;https://burgues.com/media/catalog/product/t/0/t0041ran19_1.jpg;configurable;LINEA;
T0042PAO60;PoleraPaolo;Sweaters;Poleras;Vestir;ClassicFit;CuelloPolera;WoolBlend|50%LanaMerino-50%Acrílico;199900;99900;t0042pao60;https://burgues.com/media/catalog/product/t/0/t0042pao60-1.jpg;configurable;LINEA;
T0042PAO08;PoleraPaolo;Sweaters;Poleras;Vestir;ClassicFit;CuelloPolera;WoolBlend|50%LanaMerino-50%Acrílico;199900;99900;t0042pao08;https://burgues.com/media/catalog/product/t/0/t0042pao08-1.jpg;configurable;LINEA;XS|XL|XXL
T0052MAG6A;CamisaMagno|PuroLino;Camisas;Camisas;Vestir;ClassicFit;CuelloCutaway;100%Lino;199900;99900;t0052mag6a;https://burgues.com/media/catalog/product/t/0/t0052mag6a-1.jpg;configurable;LINEA;
T0052MAG10;CamisaMagno|PuroLino;Camisas;Camisas;Vestir;ClassicFit;CuelloCutaway;100%Lino;199900;99900;t0052mag10;https://burgues.com/media/catalog/product/t/0/t0052mag10-4_1.jpg;configurable;LINEA;XS|S
T0041ROM21;SweaterRoma|PuroAlgodón;Sweaters;Sweaters;Vestir;;;100%Algodón;199900;99900;t0041rom21;https://burgues.com/media/catalog/product/t/0/t0041rom21_1016.jpg;configurable;LINEA;
T0041ROM62;SweaterRoma|PuroAlgodón;Sweaters;Sweaters;Vestir;;;100%Algodón;199900;99900;t0041rom62;https://burgues.com/media/catalog/product/t/0/t0041rom62_0954_1.jpg;configurable;LINEA;
T0041ROM08;SweaterRoma|PuroAlgodón;Sweaters;Sweaters;Vestir;;;100%Algodón;199900;99900;t0041rom08;https://burgues.com/media/catalog/product/t/0/t0041rom08_0699.jpg;configurable;LINEA;S|L|XL|XXL
B0071BLK00;JeanBlack;Denim;Pantalones;Sport;SlimFit;;CottonBlend|97%Algodón-3%Elastano;149900;49900;b0071blk00;https://burgues.com/media/catalog/product/b/0/b0071blk00-1.jpg;configurable;LINEA;
T0051MAT01;PoloMater;Remeras;Chombas;Vestir;ClassicFit;;CottonBlend|94%Algodón-6%Elastano;149900;49900;t0051mat01;https://burgues.com/media/catalog/product/t/0/t0051mat01-1.jpg;configurable;LINEA;
T0051MAT10;PoloMater;Remeras;Chombas;Vestir;ClassicFit;;CottonBlend|94%Algodón-6%Elastano;149900;49900;t0051mat10;https://burgues.com/media/catalog/product/t/0/t0051mat10-1.jpg;configurable;LINEA;
T0021MON66;RemeraMonaco;Remeras;Remeras;Vestir;Regular;;100%Algodón;129900;29900;t0021mon66;;configurable;LINEA;
T0021MON21;RemeraMonaco;Remeras;Remeras;Vestir;Regular;;100%Algodón;129900;29900;t0021mon21;;configurable;LINEA;
T0021MON01;RemeraMonaco;Remeras;Remeras;Vestir;Regular;;100%Algodón;129900;29900;t0021mon01;https://burgues.com/media/catalog/product/t/0/t0021mon01_0587.jpg;configurable;LINEA;
T0021MON10;RemeraMonaco;Remeras;Remeras;Vestir;Regular;;100%Algodón;129900;29900;t0021mon10;https://burgues.com/media/catalog/product/t/0/t0021mon10_0481.jpg;configurable;LINEA;
V2191RAP35;MocasinRaphael;Shoes;Mocasines;Vestir;;;100%CueroVacuno;250000;149900;v2191rap35;https://burgues.com/media/catalog/product/v/2/v2191rap35.jpg;configurable;LINEA;
V2191RAP95;MocasinRaphael;Shoes;Mocasin;Vestir;;;100%CueroVacuno;250000;149900;v2191rap95;https://burgues.com/media/catalog/product/v/2/v2191rap95.jpg;configurable;LINEA;
I2173REL21;PantalónRelax;Pantalones;Pantalones;Vestir;SlimFit;;CottonBlend|98%Algodón-2%Spandex;150000;49900;i2173rel21;https://burgues.com/media/catalog/product/e/d/edit_whatsapp_image_2026-03-26_at_17.36.jpg_1.jpeg;configurable;LINEA;XS|XL
I2243CAP01;HoodieCapetown;Buzos;Hoodies;Sport;Regular;;100%Algodón;150000;49900;i2243cap01;https://burgues.com/media/catalog/product/i/2/i2243cap01-1.jpg;configurable;LINEA;
V2341PET10;HoodiePetra;Sweaters;Sweaters;Sport;Regular;CuelloRedondo;CottonBlend|50%Algodón-50%Viscosa;150000;49900;v2341pet10;https://burgues.com/media/catalog/product/v/2/v2341pet10-1.jpg;configurable;LINEA;
1L0073MEG10;PantalónMegan;Pantalones;Pantalones;Vestir;SlimFit;;CottonBlend|95%Algodón-5%Elastano;150000;49900;1l0073meg10;https://burgues.com/media/catalog/product/1/l/1l0073meg10.jpg;configurable;LINEA;
V2273REL08;PantalónRelax;Pantalones;Pantalones;Vestir;SlimFit;;CottonBlend|98%Algodón-2%Elastano;150000;49900;v2273rel08;https://burgues.com/media/catalog/product/v/2/v2273rel08.jpg;configurable;LINEA;
I2173REL64;PantalónRelax;Pantalones;Pantalones;Vestir;SlimFit;;CottonBlend|98%Algodón-2%Elastano;150000;49900;i2173rel64;https://burgues.com/media/catalog/product/i/2/i2173rel64.jpg;configurable;LINEA;
1L0073MEG62;PantalónMegan;Pantalones;Pantalones;Vestir;SlimFit;;CottonBlend|95%Algodón-5%Elastano;150000;49900;1l0073meg62;https://burgues.com/media/catalog/product/1/l/1l0073meg62.jpg;configurable;LINEA;
I2241LOR10;SweaterLorenzo;Sweaters;Sweaters;Vestir;SlimFit;CuelloPolera;WoolBlend|20%Lana-25%Poliéster-25%Algodón-30%Viscosa;150000;49900;i2241lor10;https://burgues.com/media/catalog/product/i/2/i2241lor10-1.jpg;configurable;LINEA;
T0052LIG01;CamisaLight;Camisas;Camisas;Vestir;ClassicFit;CuelloCutaway;100%Algodón;259900;149900;t0052lig01;https://burgues.com/media/catalog/product/t/0/t0052lig01-1.jpg;configurable;LINEA;XS|XL|XXL|3XL
T0052LORA8;CamisaLorens|AlgodónPremium70/1;Camisas;Camisas;Sport;Relaxed;CuelloCutaway;100%Algodón;259900;149900;t0052lora8;https://burgues.com/media/catalog/product/t/0/t0052lora8_1206.jpg;configurable;LINEA;
T0052LORD1;CamisaLorens|AlgodónPremium70/1;Camisas;Camisas;Sport;Relaxed;;100%Algodón;259900;149900;t0052lord1;https://burgues.com/media/catalog/product/t/0/t0052lord1_1238.jpg;configurable;LINEA;
T0051ANT10;PoloAntonio|WoolBlend;Remeras;Polos;Sport;ClassicFit;;WoolBlend|50%Lanamerino-30%Poliamida-20%Acrilico;259900;149900;t0051ant10;https://burgues.com/media/catalog/product/t/0/t0051ant10_1.jpg;configurable;LINEA;S|M|L|XXL
T0051ANT62;PoloAntonio|WoolBlend;Remeras;Polos;Sport;ClassicFit;;WoolBlend|50%Lanamerino-30%Poliamida-20%Acrilico;259900;149900;t0051ant62;https://burgues.com/media/catalog/product/t/0/t0051ant62_5.jpg;configurable;LINEA;M|L|XL|XXL
B0077PHI21;BermudaPhilo;Bermudas;Bermudas;Vestir;ClassicFit;;CottonBlend|97%Algodón-3%Elastano;199900;89900;b0077phi21;https://burgues.com/media/catalog/product/b/0/b0077phi21-1.jpg;configurable;LINEA;38|40|42|44|46|48
B0077PHI35;BermudaPhilo;Bermudas;Bermudas;Vestir;ClassicFit;;CottonBlend|97%Algodón-3%Elastano;199900;89900;b0077phi35;https://burgues.com/media/catalog/product/b/0/b0077phi35-1.jpg;configurable;LINEA;38|40|42|44|46|48
T0043MIR21;BuzoMiro;Buzos;Buzos;Vestir;ClassicFit;;100%Algodón;199900;89900;t0043mir21;https://burgues.com/media/catalog/product/t/0/t0043mir21_0851_2.jpg;configurable;LINEA;S|M|L|XL
B0074MON10;PantalónMond;Pantalones;Pantalones;Vestir;ClassicFit;;65%Poliéster-30%Viscosa-5%Elastano;219900;99900;b0074mon10;https://burgues.com/media/catalog/product/b/0/b0074mon10-1.jpg;configurable;LINEA;
B0074MON01;PantalónMond;Pantalones;Pantalones;Vestir;ClassicFit;;65%Viscosa-30%Poliester-5%Elastano;219900;99900;b0074mon01;https://burgues.com/media/catalog/product/b/0/b0074mon01_0093.jpg;configurable;LINEA;S|L|XL
T0067TIZ10;CamisacoTiziano;Abrigos;Camisacos;Vestir;Regular;;100%Viscosa;219900;99900;t0067tiz10;https://burgues.com/media/catalog/product/t/0/t0067tiz10-4.jpg;configurable;LINEA;XS
T0067TIZ66;CamisacoTiziano;Abrigos;Camisacos;Vestir;Regular;;100%Viscosa;219900;99900;t0067tiz66;https://burgues.com/media/catalog/product/t/0/t0067tiz66-4.jpg;configurable;LINEA;XS|S|M|L|XL|XXL
B0074MON21;PantalónMond;Pantalones;Pantalones;Vestir;ClassicFit;;65%Viscosa-30%Poliester-5%Elastano;219900;99900;b0074mon21;https://burgues.com/media/catalog/product/b/0/b0074mon21-1.jpg;configurable;LINEA;
T0041VIN30;PoloVinci;Sweaters;Sweaters;Vestir;SlimFit;CuelloenV;100%Lana;220000;99900;t0041vin30;https://burgues.com/media/catalog/product/t/0/t0041vin30-1.jpg;configurable;LINEA;XS|XL|XXL
B0077LEY62;BermudaLeyton|PuroLino;Bermudas;Bermudas;Vestir;Classic;;100%Lino;229900;99900;b0077ley62;https://burgues.com/media/catalog/product/b/0/b0077ley62-1_1.jpg;configurable;LINEA;
T0052BEN30;CamisaBen;Camisas;Camisas;Sport;Relaxed;CuelloCutaway;100%Algodón;229900;99900;t0052ben30;https://burgues.com/media/catalog/product/t/0/t0052ben30_0566.jpg;configurable;LINEA;
T0043KLE21;BuzoKlee;Buzos;Buzos;Vestir;ClassicFit;;100%Algodón;229900;99900;t0043kle21;https://burgues.com/media/catalog/product/t/0/t0043kle21_0923.jpg;configurable;LINEA;
T0041NIC16;SweaterNicasia;Sweaters;Sweaters;Vestir;ClassicFit;CuelloRedondo;100%Viscosa;199900;69900;t0041nic16;https://burgues.com/media/catalog/product/t/0/t0041nic66-1_1_.jpg;configurable;LINEA;
T0052SAF10;CamisaSafari|PuroLino;Camisas;Camisas;Vestir;ClassicFit;CuelloCutaway;100%Lino;200000;69900;t0052saf10;https://burgues.com/media/catalog/product/t/0/t0052safn0_0981.jpg;configurable;LINEA;
V2352THAC1;CamisaThai|Purolino;Camisas;Camisas;Vestir;ClassicFit;CuelloCutaway;100%Lino;239900;99900;v2352thac1;https://burgues.com/media/catalog/product/v/2/v2352thac1-1.jpg;configurable;LINEA;XS|XXL|3XL
T0030HOU10;CamperaHouston;Abrigos;Camperas;Sport;ClassicFit;;100%Poliester;559900;299900;t0030hou10;https://burgues.com/media/catalog/product/t/0/t0030hou10_4.jpg;configurable;LINEA;
S0095PIP10;SneakerPippen;Shoes;Zapatillas;Sport;;;100%CueroVacuno;239900;99900;sneaker-pippen-10;https://burgues.com/media/catalog/product/s/0/s0095pip10-1.jpg;configurable;LINEA;40|41|42|43
T0041BRU10;SacoBruno|PremiumWoolBlend;Sastreria;Sacos;Vestir;ClassicFit;CuelloRedondo;WoolBlend|50%Lanamerino-50%Acrilico;649900;499900;t0041bru10;https://burgues.com/media/catalog/product/t/0/t0041bru10_0845.jpg;configurable;LINEA;M|L
T0030BRE21;CamperaBreton;Abrigos;Camperas;Vestir;Regular;;100%Poliamida.Forro:100%Poliamida.Relleno:100%Poliéster;380000;99900;t0030bre21;https://burgues.com/media/catalog/product/t/0/t0030bre21-4.jpg;configurable;LINEA;
T0081CAI23;CamisacoCaines;Cueros;Camisacos;Vestir;Regular;;100%CueroDeCabra;500000;350000;t0081cai23;https://burgues.com/media/catalog/product/t/0/t0081cai23-1.jpg;configurable;LINEA;
T0081MAR67;CamisacoMark;Abrigos;Camisacos;Vestir;Regular;;100%CueroVacuno;979000;685300;t0081mar67;https://burgues.com/media/catalog/product/t/0/t0081mar67-1.jpg;configurable;LINEA;
T0067LIN08;CamisacoLinck;Abrigos;Camisacos;Vestir;Regular;;WoolBlend|55%lana-45%Poliester;449900;299900;t0067lin08;https://burgues.com/media/catalog/product/t/0/t0067lin08_0442.jpg;configurable;LINEA;M|L
T0041GIO10;SweaterGiovanni|PremiumWoolBlend;Sweaters;Sweaters;Sport;Relaxed;;WoolBlend|50%Lanamerino-30%Poliamida-20%Acrilico;349900;199900;t0041gio10;https://burgues.com/media/catalog/product/t/0/t0041gio10_1.jpg;configurable;LINEA;XS|S|M|L
T0041GIO60;SweaterGiovanni|PremiumWoolBlend;Sweaters;Sweaters;Sport;Relaxed;;WoolBlend|50%Lanamerino-30%Poliamida-20%Acrilico;349900;199900;t0041gio60;https://burgues.com/media/catalog/product/t/0/t0041gio60_4.jpg;configurable;LINEA;
T0041PAS10;SweaterPascal|MerinoWoolBlend;Sweaters;Sweaters;Sport;ClassicFit;;WoolBlend|50%Lanamerino-30%Poliamida-20%Acrilico;349900;199900;t0041pas10;https://burgues.com/media/catalog/product/t/0/t0041pas10_1.jpg;configurable;LINEA;
T0041PAS08;SweaterPascal|MerinoWoolBlend;Sweaters;Sweaters;Sport;ClassicFit;;WoolBlend|50%Lanamerino-30%Poliamida-20%Acrilico;349900;199900;t0041pas08;https://burgues.com/media/catalog/product/t/0/t0041pas08_5.jpg;configurable;LINEA;
T0063KLO10;ChalecoKloter;Abrigos;Chalecos;Vestir;ClassicFit;;100%Poliamida.Forro:100%Poliamida.Relleno:100%Poliéster;299900;149900;t0063klo10;https://burgues.com/media/catalog/product/t/0/t0063klo10_0998.jpg;configurable;LINEA;XS|S
S0092TEB60;ZapatoTebas;Shoes;Zapatos;Vestir;;;100%CueroVacuno;300000;149900;s0092teb60;https://burgues.com/media/catalog/product/s/0/s0092teb60.jpg;configurable;LINEA;
B0073TAL21;PantalónTally;Pantalones;Pantalones;Vestir;SlimFit;;WoolBlend|94%Lana-6%Elastano;359900;199900;b0073tal21;;configurable;LINEA;
B0073TAL10;PantalónTally;Pantalones;Pantalones;Vestir;SlimFit;;WoolBlend|94%Lana-6%Elastano;359900;199900;b0073tal10;https://burgues.com/media/catalog/product/b/0/b0073tal10-1.jpg;configurable;LINEA;
T0052LEMA8;CamisaLemans;Camisas;Camisas;Sport;Relaxed;CuelloCutaway;100%Algodón;259900;99900;t0052lema8;https://burgues.com/media/catalog/product/t/0/t0052lema8-1.jpg;configurable;LINEA;XS|S|M|L|XL|XXL
T0062ZAR04;TrenchZark;Abrigos;Trenchs;Sport;Regular;;CottonBlend|75%Algodón-25%Poliamida;469900;299900;trench-zark-04;https://burgues.com/media/catalog/product/t/0/t0062zar04-4.jpg;configurable;LINEA;S|L|XL|XXL
T0030ARA10;CamperaAragon;Abrigos;Camperas;Vestir;Regular;;100%Algodón.Delantero:100%Poliamida.Forro:100%Poliéster.Relleno:100%Poliéster;279900;99900;t0030ara10;https://burgues.com/media/catalog/product/t/0/t0030ara10-1_1.jpg;configurable;LINEA;XS
T0065CHE10;TapadoChester|100%Lana;Abrigos;Tapados;Vestir;ClassicFit;;100%Lana;779900;579900;t0065che10;https://burgues.com/media/catalog/product/t/0/t0065che10_1.jpg;configurable;LINEA;M|L
T0065CHE11;TapadoChester|100%Lana;Abrigos;Tapados;Vestir;ClassicFit;;100%Lana;779900;579900;t0065che11;https://burgues.com/media/catalog/product/t/0/t00654che11_0525.jpg;configurable;LINEA;M|L|XL
T0062KAR10;TrenchKarev;Abrigos;Trenchs;Vestir;ClassicFit;;100%Algodón;599900;399900;t0062kar10;https://burgues.com/media/catalog/product/t/0/t0062kar10_1981.jpg;configurable;LINEA;
T0030BUR10;CamperaBurgos|Woolblend;Abrigos;Camperas;Vestir;ClassicFit;;WoolBlend|50%Lana-50%Poliester;599900;399900;t0030bur10;https://burgues.com/media/catalog/product/t/0/t0030bur10_1.jpg;configurable;LINEA;XS|S|L|XL
T0067KIM10;CamisacoKiam;Abrigos;Camisacos;Vestir;Regular;;WoolBlend|55%Lana-45%Poliéster;499900;299900;t0067kim10;https://burgues.com/media/catalog/product/t/0/t0067kim10_0972.jpg;configurable;LINEA;
T0067SPI1F;CamisacoSpike;Abrigos;Tapados;Vestir;Regular;;100%Lana;499900;299900;t0067spi1f;https://burgues.com/media/catalog/product/t/0/t0067spi1f_0571.jpg;configurable;LINEA;
T0067KIM61;CamisacoKiam;Abrigos;Camisacos;Vestir;Regular;;WoolBlend|55%Lana-45%Poliéster;499900;299900;t0067kim61;https://burgues.com/media/catalog/product/t/0/t0067kim61_265441.jpg;configurable;LINEA;
T0030DRA62;CamperaDrago;Abrigos;Camperas;Vestir;;;100%Algodón;499900;299900;t0030dra62;https://burgues.com/media/catalog/product/t/0/t0030dra62_1312.jpg;configurable;LINEA;
T0061BIL21;SacoBill|100%Cotton;Sastreria;Sacos;Vestir;Regular;;97%Algodón-3%Elastano;499900;299900;t0061bil21;https://burgues.com/media/catalog/product/t/0/t0061bil21_1116.jpg;configurable;LINEA;46|48|54
T0030DAK10;CamperaDakota;Abrigos;Camperas;Sport;ClassicFit;;100%Poliester;499900;299900;t0030dak10;https://burgues.com/media/catalog/product/t/0/t0030dak10_1.jpg;configurable;LINEA;XS|M
T0030BOS21;CamperaBoston|WaterRepellent;Abrigos;Camperas;Sport;ClassicFit;;100%Poliester;499900;299900;t0030bos21;https://burgues.com/media/catalog/product/t/0/t0030bos21_1.jpg;configurable;LINEA;XS|S|M|L|XL|XXL
T0061BIL66;SacoBill|100%Cotton;Sastreria;Sacos;Vestir;Regular;;97%Algodón-3%Elastano;499900;299900;t0061bil66;https://burgues.com/media/catalog/product/t/0/t0061bil66_0944.jpg;configurable;LINEA;46|48|50|52|54|56
T0061BIL10;SacoBill|100%Cotton;Sastreria;Sacos;Vestir;Regular;;97%Algodón-3%Elastano;499900;299900;t0061bil10;https://burgues.com/media/catalog/product/t/0/t0061bil10_0947.jpg;configurable;LINEA;44|46|48|50|52|54|56
T0066AZI21;CazadoraAzis;Abrigos;Camperas;Vestir;Regular;;100%Algodón;449900;249900;t0066azi21;https://burgues.com/media/catalog/product/t/0/t0066azi21_0004.jpg;configurable;LINEA;L|XL
T0067BLE21;CamisacoBleu|100%Lana;Abrigos;Camisacos;Vestir;Regular;;100%Lana;399900;199900;t0067ble21;https://burgues.com/media/catalog/product/t/0/t0067ble21_265972.jpg;configurable;LINEA;XL
T0041COR21;CamperaCornel;Abrigos;Camperas;;ClassicFit;;WoolBlend|50%LanaMerino-30%Poliamida-20%Acrilico;369900;169900;t0041cor21;https://burgues.com/media/catalog/product/t/0/t0041cor21_0651.jpg;configurable;LINEA;S|M|L|XL|XXL
T0063GIL21;ChalecoGilmour;Abrigos;Chalecos;Vestir;ClassicFit;;100%Poliéster.Forro:100%Poliamida.Relleno:100%Poliéster;349900;149900;t0063gil21;https://burgues.com/media/catalog/product/t/0/t0063gil21-4_1_.jpg;configurable;LINEA;XL
T0042ALE66;PoleraAlessandro;Sweaters;Poleras;Vestir;ClassicFit;CuelloPolera;WoolBlend|70%Lana-30%Cashmere;349900;149900;t0042ale66;https://burgues.com/media/catalog/product/t/0/t0042ale66-4_1_.jpg;configurable;LINEA;XL|XXL
T0041MAU11;SweaterMaurice;Sweaters;Sweaters;Vestir;ClassicFit;;WoolBlend|90%LanaMerino-10%Cashemere;349900;149900;t0041mau11;https://burgues.com/media/catalog/product/t/0/t0041mau11_0178.jpg;configurable;LINEA;
T0030MIS10;CamperaMisisipi|WaterResistant;Abrigos;Camperas;Sport;ClassicFit;;100%Poliester;399900;179900;t0030mis10;https://burgues.com/media/catalog/product/t/0/t0030mis10_1.jpg;configurable;LINEA;XS|S
T0030GIL35;CamperaGilmour;Abrigos;Camperas;Vestir;Regular;;100%Poliéster.Forro:100%Poliamida.Relleno:100%Poliéster;399000;149900;t0030gil35;https://burgues.com/media/catalog/product/t/0/t0030gil35-4.jpg;configurable;LINEA;XL
T0030VER11;CamperaVerdille;Abrigos;;Vestir;Regular;;100%Lana.Relleno:100%Poliéster.Forro:100%Acetato;749900;499900;t0030ver11;https://burgues.com/media/catalog/product/t/0/t0030ver11_0889_1.jpg;configurable;LINEA;
T0061CYP21;SacoCyprus;Sastreria;Sacos;Vestir;SlimFit;;100%Lana;649900;399900;t0061cyp21;;configurable;LINEA;44|46|48|50
T0061CAP10;SacoCapri|PremiumBlend;Sastreria;Sacos;Vestir;SlimFit;;68%Poliéster-30%Viscosa-2%Elastano.Forro:100%Acetato;649900;399900;t0061cap10;https://burgues.com/media/catalog/product/t/0/t0061cap10-1.jpg;configurable;LINEA;46|48|50|52|54
T0061CAP11;SacoCapri|PremiumBlend;Sastreria;Sacos;Vestir;SlimFit;;68%Poliéster-30%Viscosa-2%Elastano.Forro:100%Acetato;649900;399900;t0061cap11;https://burgues.com/media/catalog/product/t/0/t0061cap11-1.jpg;configurable;LINEA;44|46|48
T0061CAP21;SacoCapri|PremiumBlend;Sastreria;Sacos;Vestir;SlimFit;;68%Poliéster-30%Viscosa-2%Elastano.Forro:100%Acetato;649900;399900;t0061cap21;https://burgues.com/media/catalog/product/t/0/t0061cap21-1.jpg;configurable;LINEA;44|46|48|50
T0061CYP10;SacoCyprus100%Lana;Sastreria;Sacos;Vestir;SlimFit;;100%Lana;649900;399900;t0061cyp10;;configurable;LINEA;46|48
T0061UNI08;SacoUnique;Sastreria;Sacos;Vestir;SlimFit;;CottonBlend|97%Algodón-3%Elastano;499900;249900;t0061uni08;https://burgues.com/media/catalog/product/t/0/t0061uni08-1.jpg;configurable;LINEA;46|48|50|52
T0061UNI04;SacoUnique;Sastreria;Sacos;Vestir;SlimFit;;CottonBlend|97%Algodón-3%Elastano;499900;249900;t0061uni04;https://burgues.com/media/catalog/product/t/0/t0061uni04-4.jpg;configurable;LINEA;
T0041BER2C;SweaterBernard|WoolBlend;Sweaters;Sweaters;Vestir;Relaxed;CuelloRedondo;WoolBlend|50%Lanamerinoextrafine-50%Acrilico;399900;149900;t0041ber2c;https://burgues.com/media/catalog/product/t/0/t0041ber21_0396.jpg;configurable;LINEA;
T0030OLS11;CamperaOlson;Abrigos;Camperas;Vestir;ClassicFit;;100%Poliamida-Forreria:100%Poliamida-Relleno:100%Poliéster;399900;149900;t0030ols11;https://burgues.com/media/catalog/product/t/0/t0030ols11_0544.jpg;configurable;LINEA;XS|S|M|L|XL|XXL
T0045HEN10;CardiganHenry;Sweaters;Cardigan;Vestir;ClassicFit;;WoolBlend|50%Lanamerinoextrafine-50%Acrilico;399900;149900;t0045hen10;https://burgues.com/media/catalog/product/t/0/t0045hen100024.jpg;configurable;LINEA;
T0061ALA12;SacoAlain;Sastreria;Sacos;Vestir;SlimFit;;100%Lana;1299900;999900;t0061ala12;https://burgues.com/media/catalog/product/t/0/t0061ala12_0956.jpg;configurable;LINEA;
T0065AND21;TapadoAndrew|WoolBlend;Abrigos;Tapados;Vestir;Relaxed;;WoolBlend|55%Lana-45%Poliéster;999900;699900;t0065and21;https://burgues.com/media/catalog/product/t/0/t0065and21_1807.jpg;configurable;LINEA;
T0065AND61;TapadoAndrew|WoolBlend;Abrigos;Tapados;Vestir;Relaxed;;WoolBlend|55%Lana-45%Poliéster;999900;699900;t0065and61;https://burgues.com/media/catalog/product/t/0/t0065and61_1424.jpg;configurable;LINEA;
T0081MIR2A;SobrecamisaMirren|CuerodeCabra;Abrigos;Camisacos;Vestir;ClassicFit;;100%CuerodeCabra;999900;699900;t0081mir2a;https://burgues.com/media/catalog/product/c/o/copia_de_t0081mir2a_0509.jpg;configurable;LINEA;
T0081KEM10;SobrecamisaKemp|CueroDeOveja;Abrigos;Camisacos;Vestir;ClassicFit;;100%CuerodeOveja;999900;699900;t0081kem10;https://burgues.com/media/catalog/product/t/0/t0081kem10_0353.jpg;configurable;LINEA;
T0030DET21;CamperaDetroit;Abrigos;Camperas;Sport;ClassicFit;;100%Poliester;649900;349900;t0030det21;https://burgues.com/media/catalog/product/t/0/t0030det21_1.jpg;configurable;LINEA;S|M|L|XL|XXL
I2065BIR21;TapadoBirkin;Abrigos;Tapados;Vestir;Regular;;WoolBlend|65%Lana-35%Poliéster;599900;299900;i2065bir21;https://burgues.com/media/catalog/product/i/2/i2065bir21.jpg;configurable;LINEA;
T0068TUN10;TrenchReversibleTuna;Abrigos;Trenchs;Vestir;Regular;;100%Lino100%Poliéster;599900;299900;t0068tun10;https://burgues.com/media/catalog/product/t/0/t0068tun10-1.jpg;configurable;LINEA;
T0064SIR10;ParkaSirius;Cueros;Parkas;Vestir;Regular;;100%Algodón;400000;99900;t0064sir10;https://burgues.com/media/catalog/product/t/0/t0064sir10.jpg;configurable;LINEA;
T0061MRN14;SacoModern|WoolBlend;Sastreria;Sacos;Vestir;SlimFit;;WoolBlend|70%Lana-26%Poliéster-4%Elastano.Forro:55%Poliéster-45%Viscosa;899900;549900;t0061mrn14;https://burgues.com/media/catalog/product/t/0/t0061mrn14_2__1.jpg;configurable;LINEA;
T0061MRN22;SacoModern|WoolBlend;Sastreria;Sacos;Vestir;SlimFit;;WoolBlend|70%Lana-26%Poliéster-4%Elastano.Forro:55%Poliéster-45%Viscosa;899900;549900;t0061mrn22;https://burgues.com/media/catalog/product/t/0/t0061mrn22-4.jpg;configurable;LINEA;44|46
T0061MRN61;SacoModern|WoolBlend;Sastreria;Sacos;Vestir;SlimFit;;WoolBlend|70%Lana-26%Poliéster-4%Elastano.Forro:55%Poliéster-45%Viscosa;899900;549900;t0061mrn61;https://burgues.com/media/catalog/product/t/0/t0061mrn61-4.jpg;configurable;LINEA;44|46|48|50|52
T0061MOD22;SacoModena;Sastreria;Sacos;Vestir;SlimFit;;WoolBlend|70%Lana-26%Poliéster-4%Elastano.Forro:55%Poliéster-45%Viscosa;899900;549900;t0061mod22;https://burgues.com/media/catalog/product/t/0/t0061mod22.jpg;configurable;LINEA;
T0061MRN10;SacoModern|WoolBlend;Sastreria;Sacos;Vestir;SlimFit;;WoolBlend|70%Lana-26%Poliéster-4%Elastano.Forro:55%Poliéster-45%Viscosa;899900;549900;t0061mrn10;https://burgues.com/media/catalog/product/t/0/t0061mrn10-4.jpg;configurable;LINEA;46|48|50
T0061MRN15;SacoModern|WoolBlend;Sastreria;Sacos;Vestir;SlimFit;;WoolBlend|70%Lana-26%Poliéster-4%Elastano.Forro:55%Poliéster-45%Viscosa;899900;549900;t0061mrn15;https://burgues.com/media/catalog/product/t/0/t0061mrn15-1.jpg;configurable;LINEA;44|46|48|50
T0061MRN21;SacoModern|WoolBlend;Sastreria;Sacos;Vestir;SlimFit;;WoolBlend|70%Lana-26%Poliéster-4%Elastano.Forro:55%Poliéster-45%Viscosa;899900;549900;t0061mrn21;https://burgues.com/media/catalog/product/t/0/t0061mrn21-1.jpg;configurable;LINEA;44|46|48
T0061MRN2C;SacoModern|WoolBlend;Sastreria;Sacos;Vestir;SlimFit;;WoolBlend|70%Lana-26%Poliéster-4%Elastano.Forro:55%Poliéster-45%Viscosa;899900;549900;t0061mrn2c;https://burgues.com/media/catalog/product/t/0/t0061mrn2c-1.jpg;configurable;LINEA;44|46
T0061MOD21;SacoModena;Sastreria;Sacos;Vestir;SlimFit;;WoolBlend|70%Lana-26%Poliéster-4%Elastano.Forro:55%Poliéster-45%Viscosa;899900;549900;t0061mod21;https://burgues.com/media/catalog/product/t/0/t0061mod21.jpg;configurable;LINEA;44|46|48|50
T0061MOD61;SacoModena;Sastreria;Sacos;Vestir;SlimFit;;WoolBlend|70%Lana-26%Poliéster-4%Elastano.Forro:55%Poliéster-45%Viscosa;899900;549900;t0061mod61;https://burgues.com/media/catalog/product/t/0/t0061mod61.jpg;configurable;LINEA;44|46|48
T0061MOD2C;SacoModena;Sastreria;Sacos;Vestir;SlimFit;;WoolBlend|70%Lana-26%Poliéster-4%Elastano.Forro:55%Poliéster-45%Viscosa;899900;549900;t0061mod2c;https://burgues.com/media/catalog/product/t/0/t0061mod2c.jpg;configurable;LINEA;44|46|48|50
T0061MOD14;SacoModena;Sastreria;Sacos;Vestir;SlimFit;;WoolBlend|70%Lana-26%Poliéster-4%Elastano.Forro:55%Poliéster-45%Viscosa;899900;549900;t0061mod14;https://burgues.com/media/catalog/product/t/0/t0061mod14-1.jpg;configurable;LINEA;44|46|48|50
T0061MOD15;SacoModena;Sastreria;Sacos;Vestir;SlimFit;;WoolBlend|70%Lana-26%Poliéster-4%Elastano.Forro:55%Poliéster-45%Viscosa;899900;549900;t0061mod15;https://burgues.com/media/catalog/product/t/0/t0061mod15.jpg;configurable;LINEA;44|46|48
T0061MOD10;SacoModena;Sastreria;Sacos;Vestir;SlimFit;;WoolBlend|70%Lana-26%Poliéster-4%Elastano.Forro:55%Poliéster-45%Viscosa;899900;549900;t0061mod10;https://burgues.com/media/catalog/product/t/0/t0061mod10_2.jpg;configurable;LINEA;46|48
T0061TAL21;SacoTally;Sastreria;Sacos;Vestir;SlimFit;;WoolBlend|94%Lana-6%Elastano.Forro:100%Acetato;749900;399900;t0061tal21;https://burgues.com/media/catalog/product/t/a/tal21.jpg;configurable;LINEA;46|48
T0061TAL10;SacoTally;Sastreria;Sacos;Vestir;SlimFit;;WoolBlend|94%Lana-6%Elastano.Forro:100%Acetato;749900;399900;t0061tal10;https://burgues.com/media/catalog/product/t/0/t0061tal10-4.jpg;configurable;LINEA;44|46|48|52
T0161BAR15;SacoBarrett;Sastreria;Sacos;Vestir;SlimFit;;100%Lana.Forro:100%Acetato;1399900;999900;t0161bar15;https://burgues.com/media/catalog/product/t/0/t0061bar15_0734.jpg;configurable;LINEA;
T0081LIT66;BlazerLithman|CueroDeCabra;Sastreria;Sacos;Vestir;ClassicFit;;100%CuerodeCabra;1299900;899900;t0081lit66;https://burgues.com/media/catalog/product/t/0/t0081lit66-1.jpg;configurable;LINEA;
T0061GAH21;SacoGahan;Sastreria;Sacos;Vestir;SlimFit;;CottonBlend|98%Algodón-2%Elastano;599900;199900;t0061gah21;https://burgues.com/media/catalog/product/t/0/t0061gah21-1.jpg;configurable;LINEA;
T0063DAW69;ChalecoDawson;Abrigos;Chalecos;Vestir;Classic;;100%CueroDeCabra.Relleno:100%Poliéster.Forro:100%Acetato;800000;299900;t0063daw69;https://burgues.com/media/catalog/product/t/0/t0063daw69_0790.jpg;configurable;LINEA;
T0081TUR10;TapadoTurner|CueroDeOveja;Abrigos;Tapados;Vestir;ClassicFit;;100%CuerodeOveja;1999900;1499900;t0081tur10;https://burgues.com/media/catalog/product/t/0/t0081turn10_0054.jpg;configurable;LINEA;
T0081LEV61;CamperaLevine|CueroDeCabra;Abrigos;Camperas;Vestir;ClassicFit;;100%CuerodeCabra;1499900;999900;t0081lev61;https://burgues.com/media/catalog/product/t/0/t0081lev61-1_1.jpg;configurable;LINEA;
T0081DRA64;CamperaDrake|CueroVacuno;Abrigos;Camperas;;Regular;;100%CueroVacuno;1499900;999900;t0081dra64;https://burgues.com/media/catalog/product/t/0/t0081dra64_0433.jpg;configurable;LINEA;
T0081RUS10;ParkaRusek;Abrigos;Parkas;Vestir;Regular;;100%CueroDeOveja.Forro:100%Acetato;1299900;799900;t0081rus10;https://burgues.com/media/catalog/product/t/0/t0081rus10_0420.jpg;configurable;LINEA;
T0081MUS60;SobrecamisaMusso|CueroDeCabra;Camisas;Camisas;Vestir;Regular;;100%CuerodeCabra;1299900;799900;t0081mus60;https://burgues.com/media/catalog/product/t/0/t0081mus60_0387.jpg;configurable;LINEA;
T0065POL10;TapadoPollock;Abrigos;Tapados;Vestir;Regular;;100%Lana.Forro:100%Acetato;1199900;699900;t0065pol10;https://burgues.com/media/catalog/product/t/0/t0065pol10_265475.jpg;configurable;LINEA;
T0065PAT11;TapadoPatrick|100%Lana;Abrigos;Tapados;Vestir;Regular;;WoolBlend|90%Lana-10%Poliamida.Forro:100%Acetato;1199900;699900;t0065pat11;https://burgues.com/media/catalog/product/t/0/t0065pat11_1063.jpg;configurable;LINEA;S
T0061APU63;SacoApulia;Sastreria;Sacos;Vestir;SlimFit;;WoolBlend|50%LanaVirgen-50%Acrílico;1199900;699900;t0061apu63;;configurable;LINEA;
T0061ROG21;SacoRoger;Sastreria;Sacos;Vestir;SlimFit;;100%Algodón;999900;499900;t0061rog21;https://burgues.com/media/catalog/product/t/0/t0061rog21_1876.jpg;configurable;LINEA;
B0073MIR10;PantalónMirren;Pantalones;Pantalones;Vestir;ClassicFit;;100%CuerodeCabra;1399900;849900;b0073mir10;https://burgues.com/media/catalog/product/b/0/b0073mir10_0914.jpg;configurable;LINEA;
B0073MIR66;PantalónMirren;Pantalones;Pantalones;Vestir;ClassicFit;;100%CuerodeCabra;1399900;849900;b0073mir66;https://burgues.com/media/catalog/product/b/0/b0073mir66_0756.jpg;configurable;LINEA;
T0081BEL10;CamperaBellows|CueroDeOveja;Abrigos;Camperas;Vestir;ClassicFit;;100%CuerodeOveja;1599900;999900;t0081bel10;https://burgues.com/media/catalog/product/t/0/t0081bel10_0497.jpg;configurable;LINEA;
T0081HAR30;CamperaHarris;Abrigos;Camperas;Vestir;Regular;;100%CueroDeOveja.Forro:100%Acetato;1399900;649900;t0081har30;https://burgues.com/media/catalog/product/t/0/t0081har30-1.jpg;configurable;LINEA;
